id,phone_id,counterparty_number,call_time,duration_seconds,data_source
CR000001,PH000047,8125903797,2026-02-18T03:45:20Z,39,SYNTHETIC
CR000002,PH000419,6248808571,2025-09-25T08:11:59Z,674,SYNTHETIC
CR000003,PH000327,8603370805,2024-03-24T11:17:42Z,746,SYNTHETIC
CR000004,PH000064,8089771202,2025-11-12T21:47:41Z,1207,SYNTHETIC
CR000005,PH000087,9429713771,2024-03-31T04:02:40Z,1722,SYNTHETIC
CR000006,PH000195,8088501498,2025-10-31T19:59:36Z,203,SYNTHETIC
CR000007,PH000198,8706527532,2024-07-16T08:26:28Z,45,SYNTHETIC
CR000008,PH000316,8162074407,2024-01-12T00:27:45Z,59,SYNTHETIC
CR000009,PH000320,8190723856,2025-08-18T16:31:35Z,896,SYNTHETIC
CR000010,PH000101,8924467453,2026-08-23T20:43:13Z,306,SYNTHETIC
CR000011,PH000194,7614110071,2026-03-17T18:53:37Z,1368,SYNTHETIC
CR000012,PH000324,6720268820,2025-02-16T16:08:36Z,1027,SYNTHETIC
CR000013,PH000269,7029480386,2024-05-25T09:07:33Z,843,SYNTHETIC
CR000014,PH000231,7132365991,2024-01-15T15:32:49Z,1476,SYNTHETIC
CR000015,PH000181,9255043206,2024-02-28T16:48:21Z,1503,SYNTHETIC
CR000016,PH000026,6168767956,2024-06-02T00:05:30Z,1745,SYNTHETIC
CR000017,PH000049,6217485870,2024-03-01T14:51:31Z,1339,SYNTHETIC
CR000018,PH000098,7366362689,2025-10-02T11:43:23Z,191,SYNTHETIC
CR000019,PH000001,9034265023,2024-04-24T16:57:14Z,125,SYNTHETIC
CR000020,PH000318,6758971576,2026-07-30T13:03:08Z,623,SYNTHETIC
CR000021,PH000265,9184559120,2026-02-07T22:17:18Z,674,SYNTHETIC
CR000022,PH000225,6225565384,2026-03-30T16:30:10Z,1444,SYNTHETIC
CR000023,PH000202,8190723856,2024-09-12T21:44:51Z,1188,SYNTHETIC
CR000024,PH000058,8013720592,2025-08-18T06:50:33Z,1751,SYNTHETIC
CR000025,PH000205,6564699674,2025-03-10T20:46:54Z,1197,SYNTHETIC
CR000026,PH000341,7221163768,2026-04-03T09:27:08Z,1228,SYNTHETIC
CR000027,PH000344,7132365991,2026-05-29T16:51:02Z,444,SYNTHETIC
CR000028,PH000095,9184559120,2025-01-08T11:06:48Z,1735,SYNTHETIC
CR000029,PH000118,7606749938,2025-03-31T14:29:37Z,562,SYNTHETIC
CR000030,PH000191,8279853154,2024-03-02T00:20:36Z,1181,SYNTHETIC
CR000031,PH000123,7258965734,2025-12-23T05:31:20Z,515,SYNTHETIC
CR000032,PH000131,9294296673,2026-03-02T14:54:14Z,49,SYNTHETIC
CR000033,PH000195,7260213818,2024-07-16T10:57:24Z,483,SYNTHETIC
CR000034,PH000362,9900199443,2025-05-15T21:57:14Z,747,SYNTHETIC
CR000035,PH000264,7700947059,2026-03-02T23:31:27Z,1586,SYNTHETIC
CR000036,PH000343,9906286630,2026-07-08T04:49:21Z,479,SYNTHETIC
CR000037,PH000195,8219110552,2024-08-17T15:09:37Z,1391,SYNTHETIC
CR000038,PH000099,8552362285,2026-03-29T15:31:46Z,538,SYNTHETIC
CR000039,PH000098,7441718125,2024-08-08T15:07:23Z,1565,SYNTHETIC
CR000040,PH000047,9694731843,2024-09-04T09:08:12Z,1132,SYNTHETIC
CR000041,PH000049,9880201084,2024-08-22T16:49:38Z,1271,SYNTHETIC
CR000042,PH000309,9294296673,2024-07-22T03:10:07Z,420,SYNTHETIC
CR000043,PH000091,8125903797,2025-03-18T08:48:04Z,1414,SYNTHETIC
CR000044,PH000099,9900003731,2026-03-28T08:32:13Z,1016,SYNTHETIC
CR000045,PH000017,6968813353,2024-12-10T00:18:56Z,1618,SYNTHETIC
CR000046,PH000194,6955796177,2025-05-01T15:00:26Z,1459,SYNTHETIC
CR000047,PH000286,7532008136,2024-06-11T16:50:40Z,171,SYNTHETIC
CR000048,PH000240,7532008136,2026-01-16T04:22:03Z,914,SYNTHETIC
CR000049,PH000160,9960013487,2025-11-08T13:07:09Z,1381,SYNTHETIC
CR000050,PH000197,9270598443,2026-06-02T04:16:07Z,740,SYNTHETIC
CR000051,PH000153,8694970409,2026-07-15T20:21:28Z,810,SYNTHETIC
CR000052,PH000298,8391233835,2025-10-13T02:30:33Z,857,SYNTHETIC
CR000053,PH000014,7577715535,2025-01-03T04:44:43Z,162,SYNTHETIC
CR000054,PH000202,8706527532,2024-04-18T15:47:31Z,362,SYNTHETIC
CR000055,PH000176,6966927819,2024-12-21T11:43:30Z,1470,SYNTHETIC
CR000056,PH000341,8918890383,2024-05-18T02:38:08Z,957,SYNTHETIC
CR000057,PH000058,7565379443,2024-04-04T10:31:56Z,626,SYNTHETIC
CR000058,PH000058,8089771202,2024-01-20T08:35:32Z,190,SYNTHETIC
CR000059,PH000273,9839654741,2024-03-27T22:06:33Z,1260,SYNTHETIC
CR000060,PH000155,9960013487,2024-12-28T05:04:57Z,1479,SYNTHETIC
CR000061,PH000023,7737352525,2026-05-30T03:37:28Z,940,SYNTHETIC
CR000062,PH000002,6127416934,2026-06-26T04:31:20Z,791,SYNTHETIC
CR000063,PH000251,7804141328,2025-11-03T16:51:49Z,886,SYNTHETIC
CR000064,PH000268,7804141328,2025-03-08T08:14:51Z,1546,SYNTHETIC
CR000065,PH000276,7260213818,2026-04-16T16:06:08Z,312,SYNTHETIC
CR000066,PH000213,8644261243,2024-01-14T17:28:04Z,260,SYNTHETIC
CR000067,PH000370,9773438064,2025-06-02T17:43:14Z,318,SYNTHETIC
CR000068,PH000269,8268648378,2024-05-31T13:40:47Z,477,SYNTHETIC
CR000069,PH000057,6338583094,2025-08-21T13:05:01Z,1396,SYNTHETIC
CR000070,PH000233,8449996340,2024-12-25T11:26:05Z,1280,SYNTHETIC
CR000071,PH000135,9294296673,2024-05-24T11:37:52Z,16,SYNTHETIC
CR000072,PH000167,8162074407,2025-10-09T17:46:37Z,1295,SYNTHETIC
CR000073,PH000212,8548837760,2024-08-27T01:58:10Z,532,SYNTHETIC
CR000074,PH000104,8548242505,2024-07-22T19:54:51Z,1487,SYNTHETIC
CR000075,PH000002,9550370881,2026-08-03T02:38:35Z,1633,SYNTHETIC
CR000076,PH000177,8279853154,2025-02-13T19:57:09Z,1720,SYNTHETIC
CR000077,PH000026,7482196961,2024-12-27T08:18:54Z,306,SYNTHETIC
CR000078,PH000355,7611657175,2026-03-07T12:15:13Z,1681,SYNTHETIC
CR000079,PH000239,9402766563,2026-06-07T17:11:29Z,503,SYNTHETIC
CR000080,PH000139,9117741402,2025-10-07T03:10:55Z,345,SYNTHETIC
CR000081,PH000095,9851803691,2026-04-28T00:39:36Z,231,SYNTHETIC
CR000082,PH000286,8769661415,2024-05-29T04:31:51Z,71,SYNTHETIC
CR000083,PH000341,6687323011,2024-05-21T15:46:18Z,185,SYNTHETIC
CR000084,PH000351,8097511790,2024-09-13T16:56:50Z,209,SYNTHETIC
CR000085,PH000352,7972020188,2026-06-08T12:36:20Z,1155,SYNTHETIC
CR000086,PH000125,8142800073,2026-01-26T12:16:43Z,745,SYNTHETIC
CR000087,PH000114,7606212650,2026-05-21T00:16:06Z,1758,SYNTHETIC
CR000088,PH000124,9399302206,2024-06-12T19:22:15Z,661,SYNTHETIC
CR000089,PH000049,6528577578,2024-10-20T01:07:54Z,1229,SYNTHETIC
CR000090,PH000087,8918890383,2025-06-22T07:28:42Z,1235,SYNTHETIC
CR000091,PH000240,8930047840,2024-12-07T03:38:02Z,1757,SYNTHETIC
CR000092,PH000072,9832551508,2024-06-01T22:50:23Z,1726,SYNTHETIC
CR000093,PH000101,7804662513,2024-07-12T20:54:16Z,675,SYNTHETIC
CR000094,PH000257,9876543210,2024-09-10T03:48:59Z,284,SYNTHETIC
CR000095,PH000423,6127416934,2026-03-19T20:31:57Z,1371,SYNTHETIC
CR000096,PH000136,9442286919,2025-06-05T02:50:42Z,1368,SYNTHETIC
CR000097,PH000071,7609664278,2025-06-11T13:16:25Z,1116,SYNTHETIC
CR000098,PH000246,8461281435,2026-05-12T14:42:55Z,1174,SYNTHETIC
CR000099,PH000146,7358305987,2026-01-28T16:04:50Z,97,SYNTHETIC
CR000100,PH000247,8460253107,2025-07-14T01:48:44Z,156,SYNTHETIC
CR000101,PH000026,8755061085,2026-01-13T01:02:47Z,557,SYNTHETIC
CR000102,PH000208,7080948287,2025-01-18T23:54:58Z,856,SYNTHETIC
CR000103,PH000221,6915655993,2025-10-01T13:39:56Z,1735,SYNTHETIC
CR000104,PH000332,6204808500,2024-09-23T14:41:04Z,78,SYNTHETIC
CR000105,PH000156,7582430397,2025-10-03T13:32:24Z,1682,SYNTHETIC
CR000106,PH000363,6361253010,2025-06-03T11:57:52Z,1723,SYNTHETIC
CR000107,PH000163,6796307193,2026-05-27T00:44:34Z,422,SYNTHETIC
CR000108,PH000269,7465035321,2026-01-26T02:58:51Z,1075,SYNTHETIC
CR000109,PH000019,8151925881,2025-05-31T02:37:19Z,721,SYNTHETIC
CR000110,PH000118,9447348051,2026-01-25T01:16:21Z,191,SYNTHETIC
CR000111,PH000026,7815260768,2024-09-25T12:51:33Z,111,SYNTHETIC
CR000112,PH000095,8548242505,2025-09-22T05:06:16Z,1371,SYNTHETIC
CR000113,PH000247,8461281435,2025-10-03T21:05:26Z,809,SYNTHETIC
CR000114,PH000077,8545563411,2025-05-23T09:42:14Z,1655,SYNTHETIC
CR000115,PH000258,6968813353,2025-07-03T23:15:00Z,560,SYNTHETIC
CR000116,PH000094,6851077010,2025-09-15T12:03:54Z,271,SYNTHETIC
CR000117,PH000429,7182509815,2026-03-26T18:34:49Z,602,SYNTHETIC
CR000118,PH000235,7221163768,2024-08-22T07:42:46Z,826,SYNTHETIC
CR000119,PH000042,6758971576,2026-02-13T02:49:51Z,922,SYNTHETIC
CR000120,PH000164,8321279646,2026-03-09T05:47:21Z,1773,SYNTHETIC
CR000121,PH000378,6636491094,2026-01-17T08:53:47Z,89,SYNTHETIC
CR000122,PH000232,7221163768,2024-01-16T02:49:57Z,1794,SYNTHETIC
CR000123,PH000315,9650868313,2024-05-17T01:37:39Z,469,SYNTHETIC
CR000124,PH000220,8644261243,2025-09-09T08:50:03Z,633,SYNTHETIC
CR000125,PH000030,8162074407,2025-03-30T15:07:09Z,976,SYNTHETIC
CR000126,PH000333,7610228601,2026-05-01T03:46:37Z,106,SYNTHETIC
CR000127,PH000213,6559491558,2024-02-05T02:27:32Z,679,SYNTHETIC
CR000128,PH000035,9299767657,2024-06-15T14:56:44Z,204,SYNTHETIC
CR000129,PH000321,6127416934,2026-06-29T04:15:54Z,1423,SYNTHETIC
CR000130,PH000251,8461281435,2024-09-07T17:49:40Z,270,SYNTHETIC
CR000131,PH000213,9647543003,2025-07-04T08:04:32Z,1030,SYNTHETIC
CR000132,PH000058,7182509815,2026-06-22T12:08:46Z,1360,SYNTHETIC
CR000133,PH000124,9906286630,2024-08-01T04:37:25Z,536,SYNTHETIC
CR000134,PH000186,8279853154,2024-11-23T16:06:18Z,1418,SYNTHETIC
CR000135,PH000140,8180710203,2024-09-12T11:51:45Z,954,SYNTHETIC
CR000136,PH000042,7152882657,2025-07-19T13:02:47Z,1294,SYNTHETIC
CR000137,PH000264,8887939308,2025-10-12T10:00:20Z,877,SYNTHETIC
CR000138,PH000213,7829570734,2026-06-18T21:45:10Z,1708,SYNTHETIC
CR000139,PH000213,9402766563,2024-01-17T23:54:25Z,1275,SYNTHETIC
CR000140,PH000223,6263523071,2026-07-27T10:35:38Z,979,SYNTHETIC
CR000141,PH000236,9668122365,2024-08-11T03:26:09Z,136,SYNTHETIC
CR000142,PH000338,8787712955,2024-06-21T14:12:52Z,1127,SYNTHETIC
CR000143,PH000009,9083422436,2025-02-01T06:18:19Z,612,SYNTHETIC
CR000144,PH000060,6277323525,2024-06-22T16:47:33Z,600,SYNTHETIC
CR000145,PH000120,8168564407,2024-12-24T19:13:46Z,805,SYNTHETIC
CR000146,PH000194,8205327992,2026-01-26T21:27:00Z,1127,SYNTHETIC
CR000147,PH000331,6892291436,2024-05-06T12:27:01Z,1293,SYNTHETIC
CR000148,PH000297,8270533609,2024-04-09T00:33:07Z,729,SYNTHETIC
CR000149,PH000067,9173521059,2025-06-04T10:57:23Z,1595,SYNTHETIC
CR000150,PH000218,7427453318,2025-07-07T02:57:02Z,1739,SYNTHETIC
CR000151,PH000302,7182509815,2025-05-20T00:42:23Z,1741,SYNTHETIC
CR000152,PH000320,9880201084,2026-01-13T19:21:11Z,26,SYNTHETIC
CR000153,PH000374,9713598720,2025-02-08T08:59:26Z,29,SYNTHETIC
CR000154,PH000067,8181635626,2025-12-30T22:13:18Z,1551,SYNTHETIC
CR000155,PH000161,6225565384,2025-01-01T05:28:05Z,706,SYNTHETIC
CR000156,PH000184,7540931288,2026-07-08T06:50:36Z,703,SYNTHETIC
CR000157,PH000321,6127416934,2025-11-18T21:57:20Z,393,SYNTHETIC
CR000158,PH000420,7402972238,2026-08-12T18:43:40Z,1180,SYNTHETIC
CR000159,PH000030,7897036482,2026-04-04T17:38:30Z,1513,SYNTHETIC
CR000160,PH000196,9184559120,2024-09-23T00:43:12Z,56,SYNTHETIC
CR000161,PH000270,7734655270,2024-04-19T03:23:13Z,208,SYNTHETIC
CR000162,PH000042,6758971576,2024-04-19T13:13:33Z,1712,SYNTHETIC
CR000163,PH000423,7658855498,2025-08-05T21:10:55Z,849,SYNTHETIC
CR000164,PH000146,6966927819,2025-01-22T06:00:07Z,15,SYNTHETIC
CR000165,PH000131,7708135985,2024-10-11T02:18:42Z,859,SYNTHETIC
CR000166,PH000299,7540931288,2024-04-04T13:07:17Z,898,SYNTHETIC
CR000167,PH000170,6527339529,2025-06-11T08:58:58Z,578,SYNTHETIC
CR000168,PH000338,8857245991,2026-02-15T00:47:18Z,368,SYNTHETIC
CR000169,PH000031,9596380172,2025-09-04T18:00:07Z,326,SYNTHETIC
CR000170,PH000269,6679658140,2024-09-30T14:39:03Z,211,SYNTHETIC
CR000171,PH000185,8809755527,2026-06-29T20:51:39Z,1409,SYNTHETIC
CR000172,PH000176,6204808500,2026-03-17T10:21:54Z,163,SYNTHETIC
CR000173,PH000090,6685017796,2025-09-16T13:12:03Z,1232,SYNTHETIC
CR000174,PH000009,8243325070,2024-09-15T17:21:13Z,298,SYNTHETIC
CR000175,PH000132,9906286630,2025-01-22T07:19:16Z,418,SYNTHETIC
CR000176,PH000283,6844668450,2025-09-16T16:52:51Z,665,SYNTHETIC
CR000177,PH000029,7611657175,2026-06-09T06:19:08Z,118,SYNTHETIC
CR000178,PH000155,7314076479,2024-06-19T05:32:47Z,1049,SYNTHETIC
CR000179,PH000176,6443834177,2024-02-03T14:32:06Z,596,SYNTHETIC
CR000180,PH000285,7804141328,2026-06-17T01:59:48Z,1247,SYNTHETIC
CR000181,PH000165,8835862546,2026-05-15T07:56:33Z,1085,SYNTHETIC
CR000182,PH000334,8053223350,2026-08-15T05:33:09Z,536,SYNTHETIC
CR000183,PH000323,7441718125,2024-04-25T07:54:48Z,1180,SYNTHETIC
CR000184,PH000237,9034265023,2026-07-02T14:59:59Z,638,SYNTHETIC
CR000185,PH000178,6022608653,2025-07-09T08:01:00Z,832,SYNTHETIC
CR000186,PH000152,8252702249,2025-12-22T09:59:21Z,1295,SYNTHETIC
CR000187,PH000305,7934074467,2025-02-20T14:43:09Z,1336,SYNTHETIC
CR000188,PH000136,8070328730,2025-02-04T08:34:00Z,628,SYNTHETIC
CR000189,PH000370,7293078839,2025-03-03T11:50:08Z,430,SYNTHETIC
CR000190,PH000118,8899241454,2025-02-05T11:23:11Z,1532,SYNTHETIC
CR000191,PH000177,6443834177,2026-05-09T23:04:34Z,1143,SYNTHETIC
CR000192,PH000125,9399302206,2026-08-19T16:32:43Z,1382,SYNTHETIC
CR000193,PH000055,6758971576,2025-02-01T13:37:41Z,597,SYNTHETIC
CR000194,PH000099,7411865377,2026-02-18T03:03:32Z,64,SYNTHETIC
CR000195,PH000141,8857245991,2025-09-06T20:30:08Z,1420,SYNTHETIC
CR000196,PH000191,9980383593,2024-12-21T06:16:39Z,1453,SYNTHETIC
CR000197,PH000416,8391233835,2025-01-30T05:41:30Z,572,SYNTHETIC
CR000198,PH000347,6796307193,2025-02-14T01:42:30Z,1215,SYNTHETIC
CR000199,PH000047,8844530223,2024-10-12T20:20:08Z,1193,SYNTHETIC
CR000200,PH000139,8857245991,2025-10-06T01:53:33Z,1796,SYNTHETIC
CR000201,PH000346,8198073320,2026-01-19T02:08:34Z,1343,SYNTHETIC
CR000202,PH000184,7540931288,2026-08-19T14:39:56Z,1576,SYNTHETIC
CR000203,PH000365,8089771202,2026-08-06T16:36:56Z,593,SYNTHETIC
CR000204,PH000049,6217485870,2025-04-29T03:41:49Z,1555,SYNTHETIC
CR000205,PH000100,8548242505,2026-03-03T17:20:45Z,1010,SYNTHETIC
CR000206,PH000054,7485864062,2026-07-11T10:16:38Z,1271,SYNTHETIC
CR000207,PH000326,9467913314,2024-12-17T23:58:29Z,1095,SYNTHETIC
CR000208,PH000144,8886168045,2025-12-01T18:42:28Z,947,SYNTHETIC
CR000209,PH000163,8781973182,2026-05-26T03:40:12Z,1693,SYNTHETIC
CR000210,PH000094,6832914340,2025-02-23T12:00:27Z,238,SYNTHETIC
CR000211,PH000170,7725778837,2025-09-11T16:42:17Z,883,SYNTHETIC
CR000212,PH000096,9166779843,2025-07-21T23:52:49Z,22,SYNTHETIC
CR000213,PH000324,8756732853,2025-06-20T17:11:29Z,831,SYNTHETIC
CR000214,PH000098,7441718125,2025-09-28T14:01:12Z,854,SYNTHETIC
CR000215,PH000336,6111815830,2024-11-22T06:40:24Z,1052,SYNTHETIC
CR000216,PH000362,8715924397,2026-01-30T01:38:12Z,406,SYNTHETIC
CR000217,PH000124,9793898965,2024-11-24T14:11:35Z,818,SYNTHETIC
CR000218,PH000200,9270598443,2026-08-10T03:27:51Z,707,SYNTHETIC
CR000219,PH000152,8552362285,2024-02-19T14:53:14Z,1066,SYNTHETIC
CR000220,PH000283,7934074467,2024-08-20T15:48:59Z,1156,SYNTHETIC
CR000221,PH000111,7411865377,2025-02-16T01:13:11Z,126,SYNTHETIC
CR000222,PH000125,8809755527,2024-02-21T08:51:16Z,1137,SYNTHETIC
CR000223,PH000400,7217772180,2024-11-11T00:38:29Z,865,SYNTHETIC
CR000224,PH000047,6758971576,2025-11-07T15:51:36Z,212,SYNTHETIC
CR000225,PH000245,7450228659,2024-01-16T01:27:10Z,1498,SYNTHETIC
CR000226,PH000092,9839654741,2024-06-01T04:45:17Z,1519,SYNTHETIC
CR000227,PH000105,8460253107,2025-05-06T12:46:52Z,674,SYNTHETIC
CR000228,PH000244,8698603119,2025-06-23T03:26:57Z,738,SYNTHETIC
CR000229,PH000027,9193197432,2024-12-22T21:54:49Z,160,SYNTHETIC
CR000230,PH000307,9034265023,2025-12-29T14:04:06Z,802,SYNTHETIC
CR000231,PH000273,6880738831,2026-01-04T05:10:32Z,569,SYNTHETIC
CR000232,PH000211,9184559120,2024-02-02T07:51:22Z,23,SYNTHETIC
CR000233,PH000433,6361253010,2025-10-06T07:20:53Z,1216,SYNTHETIC
CR000234,PH000270,8938124668,2025-07-18T16:35:56Z,774,SYNTHETIC
CR000235,PH000309,6752599105,2024-11-11T15:55:20Z,758,SYNTHETIC
CR000236,PH000018,8540267501,2024-12-16T04:58:29Z,1410,SYNTHETIC
CR000237,PH000030,9043622500,2025-06-21T11:15:08Z,913,SYNTHETIC
CR000238,PH000212,7918035040,2024-08-02T16:05:32Z,410,SYNTHETIC
CR000239,PH000345,8181635626,2026-08-19T15:53:36Z,171,SYNTHETIC
CR000240,PH000026,8755061085,2024-10-26T05:18:52Z,1366,SYNTHETIC
CR000241,PH000085,9312452073,2025-08-30T18:43:02Z,1296,SYNTHETIC
CR000242,PH000305,9801035137,2026-07-18T13:43:01Z,1026,SYNTHETIC
CR000243,PH000066,6864772078,2026-03-29T04:16:56Z,1325,SYNTHETIC
CR000244,PH000071,8482784789,2026-05-17T22:56:19Z,957,SYNTHETIC
CR000245,PH000192,7540931288,2024-09-19T07:58:47Z,1498,SYNTHETIC
CR000246,PH000094,7336089091,2024-11-15T10:24:39Z,1501,SYNTHETIC
CR000247,PH000255,8190723856,2025-08-01T06:01:03Z,34,SYNTHETIC
CR000248,PH000094,7258965734,2025-06-09T07:12:23Z,1506,SYNTHETIC
CR000249,PH000262,9839654741,2026-07-14T10:42:59Z,77,SYNTHETIC
CR000250,PH000154,9857502463,2024-08-29T08:04:13Z,942,SYNTHETIC
CR000251,PH000309,9014280388,2025-03-29T07:45:03Z,513,SYNTHETIC
CR000252,PH000210,7610228601,2024-07-19T19:20:10Z,1725,SYNTHETIC
CR000253,PH000073,8545563411,2024-04-03T01:54:57Z,608,SYNTHETIC
CR000254,PH000272,8132400725,2024-12-22T10:48:14Z,711,SYNTHETIC
CR000255,PH000056,7914577741,2025-03-31T05:14:39Z,92,SYNTHETIC
CR000256,PH000419,7469672900,2025-08-18T02:48:24Z,1450,SYNTHETIC
CR000257,PH000073,6419052211,2025-03-05T20:29:47Z,1508,SYNTHETIC
CR000258,PH000196,7238414597,2025-09-05T17:53:44Z,1327,SYNTHETIC
CR000259,PH000188,9576202334,2025-07-09T23:15:13Z,77,SYNTHETIC
CR000260,PH000236,8715924397,2026-01-18T00:37:07Z,668,SYNTHETIC
CR000261,PH000229,9034265023,2024-12-29T10:39:48Z,293,SYNTHETIC
CR000262,PH000026,7482196961,2025-04-25T04:04:48Z,1327,SYNTHETIC
CR000263,PH000190,6022608653,2026-08-06T19:25:45Z,304,SYNTHETIC
CR000264,PH000298,9732238247,2024-10-22T01:12:53Z,202,SYNTHETIC
CR000265,PH000254,8608283898,2024-02-15T00:30:47Z,337,SYNTHETIC
CR000266,PH000098,7366362689,2024-02-23T16:12:07Z,1798,SYNTHETIC
CR000267,PH000258,9125637078,2025-06-08T00:26:45Z,958,SYNTHETIC
CR000268,PH000154,9415634628,2026-02-02T06:49:23Z,1708,SYNTHETIC
CR000269,PH000159,7061166299,2025-11-06T02:41:06Z,1427,SYNTHETIC
CR000270,PH000042,8279402124,2026-07-04T08:07:30Z,1467,SYNTHETIC
CR000271,PH000177,6443834177,2026-01-07T06:41:07Z,1783,SYNTHETIC
CR000272,PH000092,8552362285,2026-03-19T21:44:17Z,1323,SYNTHETIC
CR000273,PH000197,7260213818,2025-10-30T00:27:38Z,167,SYNTHETIC
CR000274,PH000263,9694731843,2026-06-21T11:28:13Z,1013,SYNTHETIC
CR000275,PH000128,9442286919,2025-08-12T19:11:21Z,1096,SYNTHETIC
CR000276,PH000249,7804141328,2026-02-01T00:18:14Z,679,SYNTHETIC
CR000277,PH000032,7544769180,2026-08-01T12:51:39Z,601,SYNTHETIC
CR000278,PH000347,7060782485,2026-01-26T11:03:39Z,1009,SYNTHETIC
CR000279,PH000423,8151925881,2025-05-07T11:18:01Z,332,SYNTHETIC
CR000280,PH000075,8001343687,2025-11-30T01:38:38Z,844,SYNTHETIC
CR000281,PH000135,9603688035,2024-08-23T09:59:06Z,1321,SYNTHETIC
CR000282,PH000178,9042131370,2025-12-13T20:17:58Z,817,SYNTHETIC
CR000283,PH000255,7668675368,2025-12-11T04:44:04Z,691,SYNTHETIC
CR000284,PH000064,9832551508,2025-05-25T10:55:53Z,1466,SYNTHETIC
CR000285,PH000324,7797838768,2025-11-24T22:13:48Z,450,SYNTHETIC
CR000286,PH000079,7576352153,2024-11-05T22:56:16Z,773,SYNTHETIC
CR000287,PH000106,8499200903,2024-02-05T10:10:53Z,1312,SYNTHETIC
CR000288,PH000094,9900003731,2025-03-25T14:37:59Z,401,SYNTHETIC
CR000289,PH000358,6539759641,2025-11-15T08:33:13Z,1081,SYNTHETIC
CR000290,PH000260,8706527532,2024-02-11T02:20:38Z,191,SYNTHETIC
CR000291,PH000056,6147465527,2024-12-12T01:57:50Z,161,SYNTHETIC
CR000292,PH000265,6217485870,2025-02-16T12:34:26Z,565,SYNTHETIC
CR000293,PH000201,7080948287,2025-10-31T16:10:04Z,1644,SYNTHETIC
CR000294,PH000049,6758971576,2025-08-08T07:34:39Z,21,SYNTHETIC
CR000295,PH000196,8284150710,2024-07-18T09:09:35Z,1377,SYNTHETIC
CR000296,PH000233,8715924397,2026-08-14T15:32:50Z,1216,SYNTHETIC
CR000297,PH000097,6127372330,2026-04-14T09:36:15Z,1434,SYNTHETIC
CR000298,PH000358,7441718125,2024-11-22T12:16:45Z,850,SYNTHETIC
CR000299,PH000069,7734655270,2025-05-02T17:46:49Z,1147,SYNTHETIC
CR000300,PH000093,8053366265,2024-11-04T17:35:17Z,1518,SYNTHETIC
CR000301,PH000065,6731918951,2025-04-08T13:49:03Z,240,SYNTHETIC
CR000302,PH000124,9294296673,2024-05-18T07:06:31Z,572,SYNTHETIC
CR000303,PH000076,6659111855,2025-11-05T08:31:56Z,1142,SYNTHETIC
CR000304,PH000181,7533203028,2026-07-28T10:43:37Z,1283,SYNTHETIC
CR000305,PH000275,6643629683,2024-09-21T14:01:23Z,1164,SYNTHETIC
CR000306,PH000195,7717343772,2024-05-13T16:34:14Z,45,SYNTHETIC
CR000307,PH000195,8053223350,2024-01-10T19:57:11Z,75,SYNTHETIC
CR000308,PH000283,6361253010,2024-05-28T05:28:49Z,582,SYNTHETIC
CR000309,PH000124,8154512959,2024-10-19T01:53:03Z,1618,SYNTHETIC
CR000310,PH000027,9894135498,2026-02-21T12:44:20Z,994,SYNTHETIC
CR000311,PH000326,9801035137,2026-02-17T15:43:17Z,457,SYNTHETIC
CR000312,PH000146,7230074257,2024-02-05T21:58:49Z,1392,SYNTHETIC
CR000313,PH000332,6087863668,2026-02-13T19:27:20Z,958,SYNTHETIC
CR000314,PH000426,7914577741,2024-06-12T06:19:59Z,636,SYNTHETIC
CR000315,PH000107,6127372330,2025-03-19T02:54:05Z,1362,SYNTHETIC
CR000316,PH000413,8001841772,2025-01-01T06:58:15Z,1796,SYNTHETIC
CR000317,PH000190,9042131370,2024-03-07T21:39:32Z,716,SYNTHETIC
CR000318,PH000073,9880201084,2024-12-20T19:57:40Z,1419,SYNTHETIC
CR000319,PH000285,8089771202,2025-08-18T10:03:41Z,1626,SYNTHETIC
CR000320,PH000345,7658855498,2025-05-07T18:33:42Z,392,SYNTHETIC
CR000321,PH000031,6111815830,2026-01-10T17:53:29Z,298,SYNTHETIC
CR000322,PH000125,7242671685,2026-01-15T06:01:19Z,1052,SYNTHETIC
CR000323,PH000094,6603421660,2025-11-08T13:40:59Z,1667,SYNTHETIC
CR000324,PH000275,6659798467,2026-06-12T14:56:28Z,498,SYNTHETIC
CR000325,PH000027,8608283898,2024-09-15T06:05:07Z,172,SYNTHETIC
CR000326,PH000228,8603370805,2025-06-17T10:45:26Z,1576,SYNTHETIC
CR000327,PH000129,9795135550,2024-08-24T07:16:47Z,1149,SYNTHETIC
CR000328,PH000061,7910532547,2025-04-06T10:46:50Z,1526,SYNTHETIC
CR000329,PH000265,9684391157,2026-01-03T19:21:56Z,278,SYNTHETIC
CR000330,PH000135,8603370805,2026-01-09T17:16:07Z,311,SYNTHETIC
CR000331,PH000352,6118850041,2025-06-06T12:19:26Z,1275,SYNTHETIC
CR000332,PH000049,8279402124,2024-05-31T03:50:46Z,829,SYNTHETIC
CR000333,PH000189,7217772180,2024-07-28T01:47:21Z,1110,SYNTHETIC
CR000334,PH000036,8486748501,2025-05-13T08:34:54Z,570,SYNTHETIC
CR000335,PH000076,6197550468,2025-09-13T23:44:43Z,494,SYNTHETIC
CR000336,PH000057,9924802355,2025-06-18T10:44:15Z,1008,SYNTHETIC
CR000337,PH000146,8225785814,2025-03-30T22:26:58Z,350,SYNTHETIC
CR000338,PH000200,7080948287,2026-05-22T02:52:15Z,385,SYNTHETIC
CR000339,PH000244,6361253010,2024-04-05T00:53:05Z,883,SYNTHETIC
CR000340,PH000061,8089771202,2024-10-18T13:03:07Z,908,SYNTHETIC
CR000341,PH000351,8013720592,2025-12-15T22:44:19Z,1716,SYNTHETIC
CR000342,PH000140,7230074257,2026-04-16T07:17:11Z,589,SYNTHETIC
CR000343,PH000338,7734655270,2025-08-28T22:03:25Z,1125,SYNTHETIC
CR000344,PH000118,9532893694,2025-09-25T06:29:36Z,246,SYNTHETIC
CR000345,PH000119,8499200903,2025-12-16T16:34:41Z,1604,SYNTHETIC
CR000346,PH000181,9576202334,2025-10-22T11:15:31Z,344,SYNTHETIC
CR000347,PH000304,9014280388,2025-02-09T01:15:35Z,987,SYNTHETIC
CR000348,PH000341,9152814321,2025-07-21T16:24:08Z,1451,SYNTHETIC
CR000349,PH000244,7532008136,2025-09-10T11:46:03Z,949,SYNTHETIC
CR000350,PH000236,7626051407,2024-10-14T22:07:14Z,719,SYNTHETIC
CR000351,PH000135,6752599105,2024-06-03T19:53:52Z,58,SYNTHETIC
CR000352,PH000429,6853092795,2026-02-10T02:30:33Z,698,SYNTHETIC
CR000353,PH000042,9694731843,2024-04-01T19:17:34Z,1042,SYNTHETIC
CR000354,PH000270,9315958324,2025-10-27T07:03:53Z,1461,SYNTHETIC
CR000355,PH000262,8296775027,2024-04-10T18:08:33Z,227,SYNTHETIC
CR000356,PH000091,6354210194,2025-09-28T14:50:56Z,215,SYNTHETIC
CR000357,PH000278,7822843406,2024-01-23T19:44:20Z,27,SYNTHETIC
CR000358,PH000052,6217485870,2025-05-04T00:46:23Z,24,SYNTHETIC
CR000359,PH000249,8715779192,2025-12-04T07:43:28Z,1574,SYNTHETIC
CR000360,PH000180,6358973718,2025-04-06T21:22:07Z,1137,SYNTHETIC
CR000361,PH000100,6214547610,2024-09-23T13:26:42Z,654,SYNTHETIC
CR000362,PH000246,6968813353,2025-11-19T14:55:29Z,928,SYNTHETIC
CR000363,PH000046,6087863668,2025-05-28T03:53:01Z,1672,SYNTHETIC
CR000364,PH000060,8181635626,2025-07-11T18:41:16Z,1507,SYNTHETIC
CR000365,PH000161,9648814956,2024-01-06T20:46:03Z,664,SYNTHETIC
CR000366,PH000243,9814456112,2025-12-25T10:28:03Z,111,SYNTHETIC
CR000367,PH000428,7972068975,2026-08-09T22:58:29Z,624,SYNTHETIC
CR000368,PH000143,9130664090,2024-03-31T05:18:14Z,1292,SYNTHETIC
CR000369,PH000370,9906286630,2024-05-25T09:35:07Z,1753,SYNTHETIC
CR000370,PH000022,8012962247,2024-04-12T12:03:03Z,774,SYNTHETIC
CR000371,PH000140,7358305987,2026-04-02T11:53:35Z,277,SYNTHETIC
CR000372,PH000053,9892673307,2025-02-17T01:40:09Z,679,SYNTHETIC
CR000373,PH000358,9014280388,2024-03-16T18:16:01Z,1795,SYNTHETIC
CR000374,PH000384,9391655021,2025-11-18T05:45:23Z,217,SYNTHETIC
CR000375,PH000183,7533203028,2025-07-06T22:34:32Z,164,SYNTHETIC
CR000376,PH000199,7566933581,2024-06-14T12:47:13Z,867,SYNTHETIC
CR000377,PH000061,9880201084,2025-06-14T03:08:32Z,915,SYNTHETIC
CR000378,PH000187,6204808500,2025-08-24T10:21:51Z,1246,SYNTHETIC
CR000379,PH000367,9801035137,2025-03-20T02:07:29Z,798,SYNTHETIC
CR000380,PH000268,8190723856,2024-10-30T22:34:23Z,1709,SYNTHETIC
CR000381,PH000003,9535882832,2024-02-02T02:41:52Z,53,SYNTHETIC
CR000382,PH000181,9042131370,2025-09-14T15:24:15Z,1744,SYNTHETIC
CR000383,PH000030,6168767956,2024-06-22T22:53:32Z,1298,SYNTHETIC
CR000384,PH000106,8548242505,2025-07-16T01:20:41Z,757,SYNTHETIC
CR000385,PH000057,6197550468,2024-05-27T10:05:54Z,1128,SYNTHETIC
CR000386,PH000105,7366362689,2025-08-01T06:24:08Z,895,SYNTHETIC
CR000387,PH000175,7582430397,2024-11-21T03:40:11Z,1573,SYNTHETIC
CR000388,PH000066,8165961757,2024-07-23T23:01:54Z,1484,SYNTHETIC
CR000389,PH000279,7465035321,2025-02-19T09:47:51Z,1305,SYNTHETIC
CR000390,PH000068,9880201084,2024-04-25T02:20:46Z,397,SYNTHETIC
CR000391,PH000360,7717343772,2025-11-28T15:10:51Z,135,SYNTHETIC
CR000392,PH000064,6871973531,2024-05-16T22:56:51Z,808,SYNTHETIC
CR000393,PH000208,8786767406,2025-10-15T14:31:50Z,1274,SYNTHETIC
CR000394,PH000007,8097511790,2024-05-29T21:02:09Z,434,SYNTHETIC
CR000395,PH000252,6361253010,2024-09-03T08:43:21Z,1540,SYNTHETIC
CR000396,PH000021,7545392982,2024-02-29T23:03:19Z,1751,SYNTHETIC
CR000397,PH000152,7623400975,2026-01-14T17:41:12Z,492,SYNTHETIC
CR000398,PH000331,8572380481,2024-08-29T02:09:10Z,1108,SYNTHETIC
CR000399,PH000066,8070254026,2025-03-03T02:47:03Z,1620,SYNTHETIC
CR000400,PH000155,7314076479,2024-01-16T21:18:06Z,695,SYNTHETIC
CR000401,PH000053,8125903797,2025-09-02T07:34:05Z,1563,SYNTHETIC
CR000402,PH000363,9694731843,2024-09-01T06:33:39Z,1709,SYNTHETIC
CR000403,PH000163,6225565384,2024-08-06T09:10:30Z,524,SYNTHETIC
CR000404,PH000212,8763734315,2026-01-15T01:55:16Z,659,SYNTHETIC
CR000405,PH000330,9881533547,2024-05-11T09:32:00Z,1025,SYNTHETIC
CR000406,PH000425,8364578784,2025-08-04T08:15:21Z,352,SYNTHETIC
CR000407,PH000340,8644261243,2024-10-06T09:06:30Z,1538,SYNTHETIC
CR000408,PH000310,7910532547,2024-10-02T09:21:12Z,801,SYNTHETIC
CR000409,PH000061,7576352153,2026-03-24T05:36:51Z,580,SYNTHETIC
CR000410,PH000219,8887939308,2024-05-03T07:34:38Z,1552,SYNTHETIC
CR000411,PH000232,7505457720,2024-08-13T10:22:01Z,44,SYNTHETIC
CR000412,PH000058,7482196961,2024-10-28T18:08:20Z,971,SYNTHETIC
CR000413,PH000265,6405712160,2026-02-15T15:52:25Z,582,SYNTHETIC
CR000414,PH000001,7757911544,2024-02-23T14:47:13Z,976,SYNTHETIC
CR000415,PH000316,7230074257,2024-09-22T01:07:58Z,144,SYNTHETIC
CR000416,PH000155,6055903314,2025-06-24T03:49:47Z,153,SYNTHETIC
CR000417,PH000060,8089771202,2025-05-08T11:39:45Z,1543,SYNTHETIC
CR000418,PH000140,9713598720,2025-11-13T06:35:53Z,706,SYNTHETIC
CR000419,PH000223,8763734315,2024-03-12T03:55:49Z,1343,SYNTHETIC
CR000420,PH000047,6406395537,2025-08-04T12:28:41Z,462,SYNTHETIC
CR000421,PH000209,9270598443,2024-08-05T08:58:11Z,805,SYNTHETIC
CR000422,PH000308,6251826204,2024-10-13T23:41:19Z,526,SYNTHETIC
CR000423,PH000077,8919954309,2025-03-03T09:13:13Z,1471,SYNTHETIC
CR000424,PH000350,8088501498,2026-05-29T08:56:10Z,1774,SYNTHETIC
CR000425,PH000100,6643629683,2025-08-09T15:47:01Z,468,SYNTHETIC
CR000426,PH000076,8181635626,2025-11-26T06:14:27Z,1567,SYNTHETIC
CR000427,PH000214,7107753491,2025-03-22T14:08:48Z,1389,SYNTHETIC
CR000428,PH000254,9906286630,2026-04-18T18:37:18Z,1691,SYNTHETIC
CR000429,PH000135,9442286919,2025-06-25T13:28:08Z,1067,SYNTHETIC
CR000430,PH000433,7972068975,2026-07-19T20:50:29Z,272,SYNTHETIC
CR000431,PH000008,6970798317,2026-02-17T07:38:55Z,228,SYNTHETIC
CR000432,PH000183,9980383593,2024-01-11T07:33:19Z,215,SYNTHETIC
CR000433,PH000054,7668675368,2024-11-20T07:40:47Z,1199,SYNTHETIC
CR000434,PH000053,6934128569,2026-08-15T19:29:09Z,1057,SYNTHETIC
CR000435,PH000341,6345441715,2026-03-10T10:47:25Z,159,SYNTHETIC
CR000436,PH000146,7373650551,2026-05-16T05:20:46Z,1203,SYNTHETIC
CR000437,PH000319,6679658140,2024-03-10T16:29:08Z,1569,SYNTHETIC
CR000438,PH000049,6217485870,2025-12-25T04:30:49Z,1601,SYNTHETIC
CR000439,PH000326,8548242505,2026-03-20T06:54:10Z,1308,SYNTHETIC
CR000440,PH000243,9036959815,2025-01-22T12:50:53Z,1439,SYNTHETIC
CR000441,PH000067,8268648378,2025-12-19T21:15:59Z,1111,SYNTHETIC
CR000442,PH000134,8142800073,2025-04-08T15:02:48Z,884,SYNTHETIC
CR000443,PH000359,7914577741,2026-05-23T22:36:48Z,109,SYNTHETIC
CR000444,PH000105,7366362689,2024-05-23T18:45:23Z,30,SYNTHETIC
CR000445,PH000001,6132790567,2025-11-17T20:34:24Z,940,SYNTHETIC
CR000446,PH000066,9735508474,2024-03-21T03:29:00Z,740,SYNTHETIC
CR000447,PH000134,7749278040,2025-10-18T19:22:23Z,1241,SYNTHETIC
CR000448,PH000161,9315958324,2024-08-09T14:14:44Z,1040,SYNTHETIC
CR000449,PH000032,6723357887,2024-03-28T20:43:42Z,541,SYNTHETIC
CR000450,PH000098,7784885474,2025-04-03T00:30:56Z,1422,SYNTHETIC
CR000451,PH000026,8364578784,2025-01-31T14:52:40Z,252,SYNTHETIC
CR000452,PH000197,7258965734,2025-10-22T20:25:26Z,1725,SYNTHETIC
CR000453,PH000120,6643629683,2024-06-30T10:07:58Z,443,SYNTHETIC
CR000454,PH000342,6225565384,2025-07-29T23:00:04Z,992,SYNTHETIC
CR000455,PH000073,6338583094,2025-05-14T16:44:02Z,363,SYNTHETIC
CR000456,PH000124,7344312289,2025-06-14T12:27:01Z,1143,SYNTHETIC
CR000457,PH000196,7080948287,2024-03-09T12:21:21Z,1408,SYNTHETIC
CR000458,PH000209,7260213818,2024-07-28T17:59:51Z,989,SYNTHETIC
CR000459,PH000428,7258965734,2024-08-21T08:46:31Z,1104,SYNTHETIC
CR000460,PH000017,8012962247,2026-08-05T04:41:16Z,862,SYNTHETIC
CR000461,PH000033,9811757678,2024-11-18T20:40:07Z,963,SYNTHETIC
CR000462,PH000351,7972068975,2024-11-03T09:20:09Z,220,SYNTHETIC
CR000463,PH000104,6864772078,2024-04-10T16:01:12Z,879,SYNTHETIC
CR000464,PH000303,8644261243,2024-12-15T10:24:06Z,520,SYNTHETIC
CR000465,PH000095,8956491639,2026-02-14T05:50:20Z,1275,SYNTHETIC
CR000466,PH000085,7934074467,2026-01-17T01:56:01Z,1256,SYNTHETIC
CR000467,PH000141,7804662513,2025-07-18T21:37:14Z,718,SYNTHETIC
CR000468,PH000319,8626615589,2025-12-12T07:02:03Z,1662,SYNTHETIC
CR000469,PH000152,7255481529,2024-09-19T15:59:48Z,1594,SYNTHETIC
CR000470,PH000058,7545392982,2024-01-08T07:57:45Z,1795,SYNTHETIC
CR000471,PH000354,9498878717,2026-02-21T12:21:22Z,830,SYNTHETIC
CR000472,PH000109,7366362689,2026-02-09T07:38:17Z,1182,SYNTHETIC
CR000473,PH000263,7608483979,2025-01-21T18:19:40Z,672,SYNTHETIC
CR000474,PH000091,7130527820,2025-03-25T13:33:33Z,852,SYNTHETIC
CR000475,PH000037,7280025799,2024-12-06T05:17:33Z,1009,SYNTHETIC
CR000476,PH000420,9131529955,2024-03-29T12:59:10Z,1333,SYNTHETIC
CR000477,PH000183,9356786959,2025-02-04T19:06:26Z,1395,SYNTHETIC
CR000478,PH000352,7784885474,2025-04-30T16:07:31Z,1589,SYNTHETIC
CR000479,PH000179,7060782485,2025-02-18T09:28:07Z,18,SYNTHETIC
CR000480,PH000148,9094054783,2025-07-20T09:51:48Z,536,SYNTHETIC
CR000481,PH000264,9166779843,2025-05-03T05:17:32Z,1340,SYNTHETIC
CR000482,PH000260,7725778837,2026-01-28T04:10:35Z,1765,SYNTHETIC
CR000483,PH000126,6758971576,2024-11-27T23:43:56Z,1598,SYNTHETIC
CR000484,PH000294,7068907865,2024-05-21T22:57:22Z,1676,SYNTHETIC
CR000485,PH000109,9532893694,2024-10-09T14:38:55Z,326,SYNTHETIC
CR000486,PH000163,9445990646,2025-12-20T13:12:55Z,1367,SYNTHETIC
CR000487,PH000002,7658855498,2026-01-05T02:31:07Z,865,SYNTHETIC
CR000488,PH000051,6758971576,2024-03-09T02:27:43Z,826,SYNTHETIC
CR000489,PH000098,7972068975,2026-08-01T20:25:52Z,700,SYNTHETIC
CR000490,PH000426,7623400975,2024-12-18T23:23:32Z,591,SYNTHETIC
CR000491,PH000152,8781973182,2024-09-02T15:03:26Z,1572,SYNTHETIC
CR000492,PH000049,9608227986,2024-06-18T01:33:24Z,723,SYNTHETIC
CR000493,PH000244,8698603119,2025-01-25T18:09:19Z,1715,SYNTHETIC
CR000494,PH000353,9429713771,2026-01-08T19:09:16Z,1060,SYNTHETIC
CR000495,PH000241,9647543003,2026-07-13T10:14:10Z,674,SYNTHETIC
CR000496,PH000043,7668675368,2025-07-29T08:43:24Z,1544,SYNTHETIC
CR000497,PH000077,7734655270,2025-02-04T10:01:34Z,1701,SYNTHETIC
CR000498,PH000071,6197550468,2026-03-31T18:44:44Z,488,SYNTHETIC
CR000499,PH000093,7156040040,2025-12-26T19:39:50Z,737,SYNTHETIC
CR000500,PH000051,6190003790,2024-10-29T14:23:19Z,240,SYNTHETIC
CR000501,PH000193,9255043206,2024-05-27T16:35:57Z,585,SYNTHETIC
CR000502,PH000172,9960013487,2026-08-07T01:08:33Z,1532,SYNTHETIC
CR000503,PH000352,9832551508,2025-10-19T05:02:34Z,414,SYNTHETIC
CR000504,PH000179,8190723856,2024-12-19T00:58:29Z,808,SYNTHETIC
CR000505,PH000183,8151925881,2024-03-30T01:51:52Z,224,SYNTHETIC
CR000506,PH000119,8552362285,2026-06-16T19:53:28Z,1305,SYNTHETIC
CR000507,PH000203,9768019271,2026-06-18T07:28:10Z,194,SYNTHETIC
CR000508,PH000426,7725778837,2026-03-25T02:59:31Z,759,SYNTHETIC
CR000509,PH000071,9832551508,2025-01-12T18:53:37Z,447,SYNTHETIC
CR000510,PH000209,8270533609,2024-10-21T00:38:23Z,189,SYNTHETIC
CR000511,PH000177,8279853154,2024-05-15T14:10:41Z,1057,SYNTHETIC
CR000512,PH000020,9550370881,2025-08-23T18:25:14Z,1557,SYNTHETIC
CR000513,PH000197,6071453174,2026-02-15T14:17:10Z,175,SYNTHETIC
CR000514,PH000327,6147465527,2026-08-23T02:24:35Z,1444,SYNTHETIC
CR000515,PH000066,8283416239,2024-06-20T15:33:32Z,871,SYNTHETIC
CR000516,PH000050,6758971576,2024-07-24T02:21:45Z,1277,SYNTHETIC
CR000517,PH000177,7060782485,2025-03-28T06:25:50Z,389,SYNTHETIC
CR000518,PH000007,8486748501,2025-08-25T00:53:26Z,997,SYNTHETIC
CR000519,PH000071,6338583094,2026-07-31T21:43:33Z,183,SYNTHETIC
CR000520,PH000288,9668122365,2024-05-27T14:36:01Z,1321,SYNTHETIC
CR000521,PH000192,8279853154,2024-12-23T16:47:51Z,152,SYNTHETIC
CR000522,PH000125,9335770429,2024-03-07T06:26:54Z,626,SYNTHETIC
CR000523,PH000259,8938124668,2025-06-10T15:52:00Z,1132,SYNTHETIC
CR000524,PH000031,7809804539,2024-06-29T20:23:20Z,714,SYNTHETIC
CR000525,PH000093,7879654298,2025-04-17T12:57:57Z,1306,SYNTHETIC
CR000526,PH000072,8268648378,2025-10-09T09:23:37Z,78,SYNTHETIC
CR000527,PH000212,8603370805,2025-09-10T07:51:39Z,654,SYNTHETIC
CR000528,PH000128,7043133576,2024-09-10T10:07:53Z,271,SYNTHETIC
CR000529,PH000140,9713598720,2025-07-27T08:28:55Z,331,SYNTHETIC
CR000530,PH000185,9980383593,2024-05-29T18:52:59Z,111,SYNTHETIC
CR000531,PH000274,8097511790,2024-10-26T05:31:55Z,1668,SYNTHETIC
CR000532,PH000360,8142800073,2025-02-17T22:32:38Z,1770,SYNTHETIC
CR000533,PH000098,6251826204,2025-08-31T07:14:30Z,1424,SYNTHETIC
CR000534,PH000100,8453016278,2026-01-24T07:46:29Z,557,SYNTHETIC
CR000535,PH000257,7972068975,2025-01-23T20:59:24Z,54,SYNTHETIC
CR000536,PH000155,7934074467,2026-01-11T03:57:21Z,1324,SYNTHETIC
CR000537,PH000184,9980383593,2024-09-30T15:45:49Z,498,SYNTHETIC
CR000538,PH000061,9884167411,2024-08-06T16:36:39Z,349,SYNTHETIC
CR000539,PH000042,9037666954,2024-07-14T04:27:49Z,1513,SYNTHETIC
CR000540,PH000319,8715924397,2025-06-07T23:40:26Z,1196,SYNTHETIC
CR000541,PH000311,7658855498,2026-05-16T18:47:04Z,1115,SYNTHETIC
CR000542,PH000113,8426957236,2026-02-25T15:47:00Z,196,SYNTHETIC
CR000543,PH000007,8967161586,2025-11-02T13:53:12Z,141,SYNTHETIC
CR000544,PH000405,9647543003,2025-04-23T09:36:45Z,391,SYNTHETIC
CR000545,PH000098,8426957236,2024-09-07T04:31:23Z,1761,SYNTHETIC
CR000546,PH000056,9694731843,2026-04-19T10:52:43Z,137,SYNTHETIC
CR000547,PH000162,9315958324,2024-03-09T08:45:59Z,219,SYNTHETIC
CR000548,PH000189,6265117603,2025-12-31T08:29:15Z,1629,SYNTHETIC
CR000549,PH000092,6552931918,2026-07-05T02:00:07Z,964,SYNTHETIC
CR000550,PH000058,6338583094,2025-12-16T06:53:20Z,1565,SYNTHETIC
CR000551,PH000043,8279402124,2025-03-27T18:25:33Z,802,SYNTHETIC
CR000552,PH000287,7533203028,2024-11-23T21:31:05Z,1335,SYNTHETIC
CR000553,PH000064,9884167411,2026-04-05T15:57:01Z,827,SYNTHETIC
CR000554,PH000224,6659798467,2025-11-21T20:57:00Z,198,SYNTHETIC
CR000555,PH000182,7934074467,2026-03-08T05:51:25Z,385,SYNTHETIC
CR000556,PH000230,9536344864,2025-12-03T01:42:37Z,1765,SYNTHETIC
CR000557,PH000058,8084743914,2025-01-26T18:38:01Z,816,SYNTHETIC
CR000558,PH000051,7008343533,2025-04-18T16:01:10Z,1665,SYNTHETIC
CR000559,PH000211,9014280388,2024-10-18T22:03:10Z,215,SYNTHETIC
CR000560,PH000206,8552362285,2024-07-05T13:55:33Z,1455,SYNTHETIC
CR000561,PH000165,7557621965,2025-05-03T09:18:57Z,1224,SYNTHETIC
CR000562,PH000009,8268648378,2025-06-15T20:17:51Z,1502,SYNTHETIC
CR000563,PH000057,8918890383,2025-02-09T10:37:35Z,773,SYNTHETIC
CR000564,PH000376,9568082909,2026-04-25T11:31:01Z,1763,SYNTHETIC
CR000565,PH000168,6156863161,2026-08-01T05:47:59Z,660,SYNTHETIC
CR000566,PH000032,8398704504,2024-05-18T02:15:07Z,1314,SYNTHETIC
CR000567,PH000090,7366362689,2026-06-05T03:24:09Z,543,SYNTHETIC
CR000568,PH000041,9299767657,2025-02-03T01:53:12Z,754,SYNTHETIC
CR000569,PH000121,9682643107,2025-09-09T09:15:19Z,1634,SYNTHETIC
CR000570,PH000359,9132491950,2026-07-22T17:00:48Z,1349,SYNTHETIC
CR000571,PH000030,8486748501,2026-03-16T02:13:41Z,1526,SYNTHETIC
CR000572,PH000090,7441718125,2025-12-19T02:00:41Z,1168,SYNTHETIC
CR000573,PH000132,9402766563,2026-04-01T14:19:19Z,873,SYNTHETIC
CR000574,PH000050,9125637078,2026-05-30T18:39:49Z,1334,SYNTHETIC
CR000575,PH000049,7668675368,2024-12-27T17:51:47Z,1377,SYNTHETIC
CR000576,PH000018,6752599105,2026-03-26T08:40:39Z,1587,SYNTHETIC
CR000577,PH000182,9255043206,2026-03-06T06:45:30Z,1516,SYNTHETIC
CR000578,PH000143,8180710203,2025-11-08T23:12:04Z,400,SYNTHETIC
CR000579,PH000185,7668675368,2026-05-05T17:14:49Z,629,SYNTHETIC
CR000580,PH000166,9074715187,2026-03-11T20:26:13Z,482,SYNTHETIC
CR000581,PH000340,6796307193,2024-12-30T22:38:49Z,563,SYNTHETIC
CR000582,PH000179,6643629683,2026-03-12T17:11:40Z,1025,SYNTHETIC
CR000583,PH000178,6443834177,2026-06-19T09:59:02Z,190,SYNTHETIC
CR000584,PH000135,9402766563,2026-05-06T19:04:04Z,863,SYNTHETIC
CR000585,PH000433,6689843415,2026-04-29T15:51:34Z,1230,SYNTHETIC
CR000586,PH000424,7577715535,2026-02-11T03:30:03Z,469,SYNTHETIC
CR000587,PH000124,9294296673,2024-07-07T21:16:54Z,1478,SYNTHETIC
CR000588,PH000095,7366362689,2026-05-23T00:59:57Z,348,SYNTHETIC
CR000589,PH000019,8266182303,2025-10-28T10:31:38Z,1723,SYNTHETIC
CR000590,PH000120,7441718125,2024-05-25T05:22:32Z,538,SYNTHETIC
CR000591,PH000329,8013720592,2024-03-01T20:44:46Z,1717,SYNTHETIC
CR000592,PH000066,8545563411,2025-07-22T22:32:11Z,1256,SYNTHETIC
CR000593,PH000057,7565379443,2024-10-02T19:01:32Z,1619,SYNTHETIC
CR000594,PH000361,8318321235,2025-05-22T16:56:54Z,733,SYNTHETIC
CR000595,PH000153,6225565384,2026-05-25T04:20:21Z,1250,SYNTHETIC
CR000596,PH000161,9648814956,2024-01-04T18:36:08Z,223,SYNTHETIC
CR000597,PH000250,7804141328,2026-02-21T12:20:30Z,969,SYNTHETIC
CR000598,PH000213,7969226509,2026-07-11T15:46:20Z,1399,SYNTHETIC
CR000599,PH000002,8284150710,2026-04-01T20:51:03Z,169,SYNTHETIC
CR000600,PH000071,7910532547,2025-12-15T09:25:34Z,1478,SYNTHETIC
CR000601,PH000128,9568294794,2024-06-05T20:39:21Z,644,SYNTHETIC
CR000602,PH000059,9924802355,2024-06-17T12:01:44Z,1137,SYNTHETIC
CR000603,PH000101,9682643107,2026-06-03T07:59:35Z,322,SYNTHETIC
CR000604,PH000135,9492921572,2024-11-17T14:39:47Z,1248,SYNTHETIC
CR000605,PH000322,6405712160,2025-09-20T07:01:46Z,531,SYNTHETIC
CR000606,PH000345,8798668534,2024-07-06T04:16:35Z,1214,SYNTHETIC
CR000607,PH000348,8886168045,2024-04-03T00:59:47Z,1293,SYNTHETIC
CR000608,PH000143,8886168045,2024-05-20T19:26:13Z,1534,SYNTHETIC
CR000609,PH000095,7029480386,2025-02-25T10:32:00Z,1649,SYNTHETIC
CR000610,PH000132,9492921572,2025-02-15T18:21:41Z,385,SYNTHETIC
CR000611,PH000096,8548242505,2026-05-26T09:45:08Z,653,SYNTHETIC
CR000612,PH000160,7255481529,2026-04-06T03:42:53Z,249,SYNTHETIC
CR000613,PH000404,9642260317,2026-04-13T09:52:05Z,263,SYNTHETIC
CR000614,PH000162,8938124668,2025-02-01T04:16:39Z,685,SYNTHETIC
CR000615,PH000250,7969226509,2025-03-19T04:53:38Z,787,SYNTHETIC
CR000616,PH000092,7606749938,2025-09-04T18:15:50Z,1291,SYNTHETIC
CR000617,PH000133,7242671685,2025-01-23T01:48:49Z,166,SYNTHETIC
CR000618,PH000072,8132400725,2026-08-03T11:25:20Z,142,SYNTHETIC
CR000619,PH000125,7242671685,2025-12-31T05:09:31Z,235,SYNTHETIC
CR000620,PH000276,7809804539,2025-09-06T04:38:32Z,688,SYNTHETIC
CR000621,PH000281,7611657175,2024-04-22T18:47:31Z,542,SYNTHETIC
CR000622,PH000068,7734655270,2024-11-19T03:51:19Z,406,SYNTHETIC
CR000623,PH000424,7288169392,2026-03-09T01:11:56Z,524,SYNTHETIC
CR000624,PH000009,9303744459,2024-03-05T18:43:37Z,384,SYNTHETIC
CR000625,PH000252,8715779192,2026-04-04T08:46:22Z,1007,SYNTHETIC
CR000626,PH000124,6880738831,2026-07-30T16:39:12Z,1075,SYNTHETIC
CR000627,PH000206,8284150710,2025-09-05T17:45:45Z,1567,SYNTHETIC
CR000628,PH000212,7532008136,2026-04-09T03:24:49Z,1555,SYNTHETIC
CR000629,PH000225,8243325070,2025-07-17T13:20:20Z,423,SYNTHETIC
CR000630,PH000257,8321279646,2024-02-14T22:16:02Z,1719,SYNTHETIC
CR000631,PH000302,7972068975,2024-02-15T08:59:37Z,736,SYNTHETIC
CR000632,PH000139,8450778136,2024-03-20T09:21:34Z,1154,SYNTHETIC
CR000633,PH000057,8132400725,2026-07-05T00:38:55Z,814,SYNTHETIC
CR000634,PH000294,8603370805,2024-01-20T01:46:06Z,863,SYNTHETIC
CR000635,PH000239,8603370805,2024-10-20T22:36:56Z,768,SYNTHETIC
CR000636,PH000047,9795135550,2026-01-20T20:11:52Z,930,SYNTHETIC
CR000637,PH000254,7969226509,2024-07-07T21:34:34Z,1719,SYNTHETIC
CR000638,PH000316,7577715535,2024-04-03T21:41:03Z,1299,SYNTHETIC
CR000639,PH000151,9303744459,2024-06-28T15:23:47Z,1574,SYNTHETIC
CR000640,PH000043,9694731843,2026-05-01T20:53:44Z,122,SYNTHETIC
CR000641,PH000152,6156863161,2026-03-08T14:58:11Z,1179,SYNTHETIC
CR000642,PH000147,8886168045,2024-09-25T06:54:11Z,644,SYNTHETIC
CR000643,PH000236,8767233357,2024-12-21T11:47:44Z,311,SYNTHETIC
CR000644,PH000423,8097511790,2025-09-24T21:48:06Z,885,SYNTHETIC
CR000645,PH000154,6880738831,2024-02-26T08:33:40Z,684,SYNTHETIC
CR000646,PH000098,8560633526,2025-11-04T02:26:03Z,907,SYNTHETIC
CR000647,PH000303,6659111855,2026-08-05T09:49:17Z,1055,SYNTHETIC
CR000648,PH000037,8608283898,2025-04-07T04:54:08Z,656,SYNTHETIC
CR000649,PH000245,6689843415,2025-11-16T21:27:38Z,185,SYNTHETIC
CR000650,PH000060,8319443944,2024-08-03T23:39:57Z,193,SYNTHETIC
CR000651,PH000090,7606749938,2026-02-06T04:48:41Z,371,SYNTHETIC
CR000652,PH000245,7305789426,2026-01-21T01:43:34Z,1234,SYNTHETIC
CR000653,PH000204,7238414597,2025-09-07T12:16:33Z,1566,SYNTHETIC
CR000654,PH000186,7540931288,2024-09-19T13:20:33Z,245,SYNTHETIC
CR000655,PH000289,8603370805,2024-08-28T04:34:25Z,88,SYNTHETIC
CR000656,PH000222,6629759317,2024-08-21T23:52:42Z,134,SYNTHETIC
CR000657,PH000152,9684391157,2024-04-05T03:12:12Z,700,SYNTHETIC
CR000658,PH000010,8266182303,2024-09-20T10:30:09Z,1276,SYNTHETIC
CR000659,PH000107,8168564407,2024-06-11T16:05:11Z,406,SYNTHETIC
CR000660,PH000093,6568330958,2024-11-25T13:17:45Z,1593,SYNTHETIC
CR000661,PH000001,7737352525,2024-10-27T16:11:20Z,1048,SYNTHETIC
CR000662,PH000143,6871973531,2025-05-17T07:22:40Z,704,SYNTHETIC
CR000663,PH000089,6338583094,2025-07-01T08:33:41Z,106,SYNTHETIC
CR000664,PH000072,7576352153,2024-04-13T23:37:00Z,1219,SYNTHETIC
CR000665,PH000323,7043133576,2025-02-10T06:01:37Z,295,SYNTHETIC
CR000666,PH000286,6240268494,2026-06-08T06:28:30Z,429,SYNTHETIC
CR000667,PH000057,6338583094,2026-08-01T19:17:21Z,130,SYNTHETIC
CR000668,PH000213,8660942447,2024-02-04T23:04:14Z,938,SYNTHETIC
CR000669,PH000238,8051616360,2025-01-20T20:46:46Z,301,SYNTHETIC
CR000670,PH000426,6190003790,2025-07-27T19:47:08Z,1499,SYNTHETIC
CR000671,PH000277,7965811697,2026-07-14T11:39:50Z,1278,SYNTHETIC
CR000672,PH000244,7784885474,2025-12-09T07:02:39Z,1638,SYNTHETIC
CR000673,PH000302,7242671685,2025-10-22T03:46:29Z,1742,SYNTHETIC
CR000674,PH000234,9036959815,2026-05-24T06:12:59Z,1237,SYNTHETIC
CR000675,PH000210,6290539844,2025-09-23T08:05:45Z,173,SYNTHETIC
CR000676,PH000271,7668675368,2025-12-28T09:46:38Z,520,SYNTHETIC
CR000677,PH000075,7934074467,2025-07-17T09:02:36Z,106,SYNTHETIC
CR000678,PH000071,7231119018,2025-04-21T19:13:28Z,971,SYNTHETIC
CR000679,PH000244,7499048250,2024-04-29T21:21:30Z,641,SYNTHETIC
CR000680,PH000220,6915655993,2024-05-30T11:40:15Z,335,SYNTHETIC
CR000681,PH000091,8685168194,2025-03-17T16:33:25Z,1038,SYNTHETIC
CR000682,PH000210,6204808500,2025-03-14T09:57:12Z,894,SYNTHETIC
CR000683,PH000143,8271031012,2024-05-26T18:18:32Z,316,SYNTHETIC
CR000684,PH000223,6539759641,2024-03-09T07:50:50Z,369,SYNTHETIC
CR000685,PH000329,8425389483,2025-01-23T00:51:14Z,1677,SYNTHETIC
CR000686,PH000054,6758971576,2026-03-11T03:57:05Z,1057,SYNTHETIC
CR000687,PH000315,7080948287,2026-05-02T19:21:27Z,1673,SYNTHETIC
CR000688,PH000058,8181635626,2024-08-08T23:29:45Z,484,SYNTHETIC
CR000689,PH000364,8592856937,2025-08-20T16:54:42Z,1277,SYNTHETIC
CR000690,PH000223,9034265023,2026-08-08T02:53:23Z,568,SYNTHETIC
CR000691,PH000206,8088501498,2024-03-15T00:34:25Z,1487,SYNTHETIC
CR000692,PH000302,7734655270,2026-02-23T02:57:17Z,1248,SYNTHETIC
CR000693,PH000176,9576202334,2025-08-07T08:11:35Z,1632,SYNTHETIC
CR000694,PH000423,6127416934,2026-02-22T00:23:51Z,556,SYNTHETIC
CR000695,PH000240,9036332100,2024-07-27T07:06:59Z,641,SYNTHETIC
CR000696,PH000360,8126323734,2024-12-17T03:20:19Z,1550,SYNTHETIC
CR000697,PH000289,9402766563,2024-05-23T00:06:43Z,709,SYNTHETIC
CR000698,PH000147,9713598720,2025-04-10T15:32:27Z,1426,SYNTHETIC
CR000699,PH000159,9648814956,2025-07-28T23:25:30Z,967,SYNTHETIC
CR000700,PH000001,9801035137,2024-09-15T02:29:44Z,787,SYNTHETIC
CR000701,PH000361,9130664090,2024-02-07T14:47:24Z,753,SYNTHETIC
CR000702,PH000032,6168767956,2025-09-10T20:52:36Z,642,SYNTHETIC
CR000703,PH000001,8312416925,2026-05-11T10:10:57Z,1631,SYNTHETIC
CR000704,PH000424,6127416934,2026-05-01T15:29:22Z,1214,SYNTHETIC
CR000705,PH000220,8767233357,2026-07-18T06:31:12Z,1612,SYNTHETIC
CR000706,PH000042,9694731843,2024-02-12T03:27:28Z,1233,SYNTHETIC
CR000707,PH000113,6643629683,2025-05-05T00:30:46Z,820,SYNTHETIC
CR000708,PH000176,9684391157,2026-03-11T22:20:49Z,286,SYNTHETIC
CR000709,PH000233,9536344864,2026-02-25T14:31:51Z,930,SYNTHETIC
CR000710,PH000228,7532008136,2024-06-21T23:17:45Z,766,SYNTHETIC
CR000711,PH000341,9184559120,2025-04-27T11:51:57Z,1392,SYNTHETIC
CR000712,PH000189,6240268494,2024-07-14T07:02:49Z,93,SYNTHETIC
CR000713,PH000146,8886168045,2024-09-09T06:50:13Z,968,SYNTHETIC
CR000714,PH000153,7255481529,2024-02-26T01:01:41Z,220,SYNTHETIC
CR000715,PH000058,8692896466,2026-06-19T04:15:13Z,982,SYNTHETIC
CR000716,PH000158,9363394837,2026-05-12T01:14:42Z,1392,SYNTHETIC
CR000717,PH000060,7128993387,2025-07-19T18:24:49Z,513,SYNTHETIC
CR000718,PH000160,8321279646,2024-07-19T09:53:04Z,894,SYNTHETIC
CR000719,PH000055,9399302206,2024-04-02T00:37:49Z,571,SYNTHETIC
CR000720,PH000274,8391233835,2026-08-09T14:21:34Z,1745,SYNTHETIC
CR000721,PH000090,8499200903,2026-06-05T06:48:39Z,119,SYNTHETIC
CR000722,PH000297,6696236677,2025-10-14T11:50:59Z,1072,SYNTHETIC
CR000723,PH000213,6780760319,2024-10-03T01:07:58Z,1372,SYNTHETIC
CR000724,PH000099,8552362285,2026-06-30T16:00:09Z,965,SYNTHETIC
CR000725,PH000140,7819081764,2025-11-14T18:03:09Z,631,SYNTHETIC
CR000726,PH000179,9535882832,2024-10-05T03:30:51Z,1777,SYNTHETIC
CR000727,PH000075,6113464160,2024-12-08T04:42:11Z,1197,SYNTHETIC
CR000728,PH000135,8053366265,2024-02-02T18:06:09Z,416,SYNTHETIC
CR000729,PH000090,8423383349,2025-10-18T06:55:23Z,977,SYNTHETIC
CR000730,PH000307,9691205383,2025-07-31T03:48:27Z,1573,SYNTHETIC
CR000731,PH000029,9237983037,2025-03-13T05:36:00Z,1453,SYNTHETIC
CR000732,PH000179,8190723856,2026-04-04T21:04:00Z,782,SYNTHETIC
CR000733,PH000407,6704478639,2026-03-12T10:56:23Z,1420,SYNTHETIC
CR000734,PH000054,6190003790,2024-12-05T23:37:30Z,91,SYNTHETIC
CR000735,PH000250,7465035321,2025-06-04T20:30:36Z,1700,SYNTHETIC
CR000736,PH000239,7822843406,2024-12-23T01:01:50Z,1149,SYNTHETIC
CR000737,PH000244,6361253010,2025-04-28T03:35:37Z,235,SYNTHETIC
CR000738,PH000279,7182509815,2026-01-25T20:51:25Z,1052,SYNTHETIC
CR000739,PH000338,8857245991,2024-12-02T02:56:30Z,1450,SYNTHETIC
CR000740,PH000094,7606749938,2025-08-07T13:24:53Z,428,SYNTHETIC
CR000741,PH000061,8268648378,2025-10-22T04:01:08Z,1392,SYNTHETIC
CR000742,PH000212,7132365991,2026-01-11T22:08:27Z,1523,SYNTHETIC
CR000743,PH000432,6022608653,2024-03-17T10:26:23Z,1285,SYNTHETIC
CR000744,PH000303,7314076479,2024-11-08T08:42:13Z,1647,SYNTHETIC
CR000745,PH000100,7258965734,2024-02-05T19:28:28Z,691,SYNTHETIC
CR000746,PH000344,8644261243,2026-08-19T21:34:35Z,1362,SYNTHETIC
CR000747,PH000366,7804141328,2024-08-11T00:07:46Z,1112,SYNTHETIC
CR000748,PH000094,9445990646,2025-02-12T18:46:17Z,1111,SYNTHETIC
CR000749,PH000348,7626051407,2024-07-19T06:25:24Z,1316,SYNTHETIC
CR000750,PH000196,7238414597,2026-03-02T13:50:50Z,1792,SYNTHETIC
CR000751,PH000428,8453016278,2026-06-27T21:24:40Z,590,SYNTHETIC
CR000752,PH000313,8161743180,2024-09-10T23:31:48Z,1720,SYNTHETIC
CR000753,PH000071,8005338894,2025-03-01T19:50:20Z,484,SYNTHETIC
CR000754,PH000194,6405712160,2024-02-21T20:33:05Z,1577,SYNTHETIC
CR000755,PH000032,7815260768,2026-07-01T14:08:08Z,706,SYNTHETIC
CR000756,PH000061,7897036482,2025-09-12T20:58:03Z,151,SYNTHETIC
CR000757,PH000325,7819081764,2024-04-10T16:14:01Z,1577,SYNTHETIC
CR000758,PH000246,6689843415,2026-05-29T18:54:57Z,636,SYNTHETIC
CR000759,PH000175,7298329230,2026-07-06T18:28:32Z,1771,SYNTHETIC
CR000760,PH000064,6108894902,2026-05-10T08:34:56Z,733,SYNTHETIC
CR000761,PH000195,7934074467,2024-08-05T15:02:50Z,1713,SYNTHETIC
CR000762,PH000049,7888753404,2024-05-18T02:51:53Z,1257,SYNTHETIC
CR000763,PH000132,6955796177,2024-09-30T12:49:17Z,1047,SYNTHETIC
CR000764,PH000364,9036959815,2025-03-18T11:34:12Z,800,SYNTHETIC
CR000765,PH000009,6197550468,2025-12-27T09:49:28Z,976,SYNTHETIC
CR000766,PH000272,6338583094,2026-06-18T19:03:59Z,509,SYNTHETIC
CR000767,PH000367,8660008404,2025-11-24T02:38:13Z,621,SYNTHETIC
CR000768,PH000046,9811757678,2024-03-28T04:01:57Z,1694,SYNTHETIC
CR000769,PH000174,7255481529,2024-10-25T23:29:37Z,907,SYNTHETIC
CR000770,PH000060,7647439055,2025-06-22T08:02:25Z,761,SYNTHETIC
CR000771,PH000181,6443834177,2024-06-13T19:53:24Z,1468,SYNTHETIC
CR000772,PH000290,6225565384,2025-01-29T15:16:05Z,169,SYNTHETIC
CR000773,PH000125,9946560538,2026-05-25T23:22:37Z,1709,SYNTHETIC
CR000774,PH000225,8612759480,2024-11-17T09:45:25Z,496,SYNTHETIC
CR000775,PH000195,7238414597,2025-08-25T22:31:10Z,1054,SYNTHETIC
CR000776,PH000027,6207534846,2025-08-01T08:58:28Z,48,SYNTHETIC
CR000777,PH000339,8070328730,2025-07-24T13:18:29Z,746,SYNTHETIC
CR000778,PH000279,9650868313,2024-10-11T21:07:48Z,772,SYNTHETIC
CR000779,PH000070,7778410944,2026-08-30T14:28:15Z,1767,SYNTHETIC
CR000780,PH000007,7310306730,2024-11-07T18:01:41Z,514,SYNTHETIC
CR000781,PH000422,7271058419,2025-04-04T02:15:28Z,1214,SYNTHETIC
CR000782,PH000058,7934074467,2024-05-27T18:50:09Z,1216,SYNTHETIC
CR000783,PH000195,6405712160,2024-02-14T10:21:23Z,1249,SYNTHETIC
CR000784,PH000360,9713598720,2025-09-07T03:01:19Z,1342,SYNTHETIC
CR000785,PH000251,6054805860,2025-12-13T03:09:06Z,1617,SYNTHETIC
CR000786,PH000098,7411865377,2026-06-04T15:48:27Z,810,SYNTHETIC
CR000787,PH000346,7532008136,2024-05-03T10:15:22Z,1488,SYNTHETIC
CR000788,PH000124,8918890383,2024-10-11T17:40:25Z,625,SYNTHETIC
CR000789,PH000067,6113464160,2025-04-02T16:32:08Z,1477,SYNTHETIC
CR000790,PH000093,8180710203,2026-05-12T21:00:58Z,1145,SYNTHETIC
CR000791,PH000249,8715779192,2024-08-03T21:07:22Z,269,SYNTHETIC
CR000792,PH000370,8391233835,2025-12-13T09:56:34Z,890,SYNTHETIC
CR000793,PH000312,9691205383,2025-03-15T01:02:20Z,662,SYNTHETIC
CR000794,PH000197,8460253107,2026-05-29T07:49:53Z,493,SYNTHETIC
CR000795,PH000026,9653943537,2024-12-04T14:35:44Z,393,SYNTHETIC
CR000796,PH000287,9576202334,2026-03-13T16:58:39Z,1660,SYNTHETIC
CR000797,PH000153,8162074407,2024-05-19T14:04:00Z,1475,SYNTHETIC
CR000798,PH000084,9614744653,2024-07-11T06:31:14Z,146,SYNTHETIC
CR000799,PH000261,7441718125,2025-02-13T01:24:42Z,1370,SYNTHETIC
CR000800,PH000071,6338583094,2026-04-25T23:09:57Z,1048,SYNTHETIC
CR000801,PH000235,8763734315,2025-02-06T16:05:37Z,997,SYNTHETIC
CR000802,PH000240,7576027878,2024-01-08T03:44:36Z,240,SYNTHETIC
CR000803,PH000216,8887939308,2024-04-03T01:00:46Z,1573,SYNTHETIC
CR000804,PH000244,8715779192,2024-03-24T00:35:14Z,1033,SYNTHETIC
CR000805,PH000088,8165961757,2025-08-03T17:35:50Z,581,SYNTHETIC
CR000806,PH000139,7358305987,2026-06-01T10:09:49Z,1100,SYNTHETIC
CR000807,PH000155,8781973182,2024-01-08T20:54:11Z,407,SYNTHETIC
CR000808,PH000342,7305789426,2026-06-24T14:36:36Z,20,SYNTHETIC
CR000809,PH000326,8552362285,2024-01-06T12:41:01Z,1115,SYNTHETIC
CR000810,PH000285,7238414597,2025-11-24T15:45:01Z,394,SYNTHETIC
CR000811,PH000157,8450778136,2026-05-06T17:57:36Z,282,SYNTHETIC
CR000812,PH000179,8279853154,2026-08-22T06:32:51Z,1560,SYNTHETIC
CR000813,PH000184,8809755527,2025-09-11T01:29:17Z,1678,SYNTHETIC
CR000814,PH000076,7934074467,2025-08-11T07:42:52Z,131,SYNTHETIC
CR000815,PH000294,9647543003,2025-02-01T09:29:59Z,330,SYNTHETIC
CR000816,PH000423,6127416934,2026-04-11T12:24:11Z,774,SYNTHETIC
CR000817,PH000049,8798668534,2024-09-05T21:11:31Z,759,SYNTHETIC
CR000818,PH000362,7255481529,2025-03-19T18:35:55Z,701,SYNTHETIC
CR000819,PH000310,7482196961,2026-08-06T05:39:35Z,1059,SYNTHETIC
CR000820,PH000393,7876135161,2024-08-05T17:08:45Z,174,SYNTHETIC
CR000821,PH000027,7047247983,2024-09-23T14:23:27Z,227,SYNTHETIC
CR000822,PH000143,8886168045,2025-09-15T22:11:29Z,1508,SYNTHETIC
CR000823,PH000361,6406395537,2024-11-20T23:52:04Z,1697,SYNTHETIC
CR000824,PH000154,9415634628,2025-05-31T21:18:49Z,1151,SYNTHETIC
CR000825,PH000426,9608227986,2025-08-14T14:58:47Z,235,SYNTHETIC
CR000826,PH000027,8364578784,2024-08-22T13:38:36Z,375,SYNTHETIC
CR000827,PH000124,8083118823,2024-01-11T10:01:28Z,233,SYNTHETIC
CR000828,PH000271,7611657175,2024-10-07T03:24:06Z,1112,SYNTHETIC
CR000829,PH000030,7897036482,2026-05-09T12:51:55Z,165,SYNTHETIC
CR000830,PH000187,6265117603,2026-05-13T08:48:07Z,1476,SYNTHETIC
CR000831,PH000026,6528577578,2024-09-28T13:26:24Z,386,SYNTHETIC
CR000832,PH000060,6197550468,2026-08-03T04:19:11Z,1546,SYNTHETIC
CR000833,PH000296,8190723856,2024-09-24T01:43:32Z,1181,SYNTHETIC
CR000834,PH000181,9771538882,2025-09-20T20:45:21Z,812,SYNTHETIC
CR000835,PH000168,8938124668,2025-09-05T22:32:39Z,1449,SYNTHETIC
CR000836,PH000002,7557621965,2024-08-15T05:20:18Z,270,SYNTHETIC
CR000837,PH000125,8142800073,2024-12-09T04:03:37Z,831,SYNTHETIC
CR000838,PH000090,8499200903,2026-02-15T13:49:18Z,370,SYNTHETIC
CR000839,PH000352,8767233357,2024-10-04T19:47:59Z,790,SYNTHETIC
CR000840,PH000081,9442286919,2025-06-27T04:52:35Z,744,SYNTHETIC
CR000841,PH000036,7482196961,2024-07-26T21:23:18Z,697,SYNTHETIC
CR000842,PH000179,6265117603,2024-03-05T20:30:00Z,1243,SYNTHETIC
CR000843,PH000186,8809755527,2024-09-10T17:15:37Z,852,SYNTHETIC
CR000844,PH000202,9457169284,2026-02-27T09:35:22Z,913,SYNTHETIC
CR000845,PH000396,9532893694,2024-12-14T13:44:27Z,516,SYNTHETIC
CR000846,PH000381,8521560372,2024-11-27T11:42:28Z,1342,SYNTHETIC
CR000847,PH000126,7242671685,2025-01-15T04:45:38Z,1318,SYNTHETIC
CR000848,PH000042,9694731843,2025-01-24T17:22:20Z,557,SYNTHETIC
CR000849,PH000062,8084743914,2025-05-10T12:01:08Z,54,SYNTHETIC
CR000850,PH000093,8453016278,2025-07-27T01:14:43Z,907,SYNTHETIC
CR000851,PH000254,6012288091,2024-12-28T11:38:55Z,394,SYNTHETIC
CR000852,PH000170,6156863161,2024-05-05T20:15:50Z,1499,SYNTHETIC
CR000853,PH000428,7366362689,2026-03-15T23:30:27Z,1735,SYNTHETIC
CR000854,PH000021,8499200903,2025-08-22T10:29:12Z,1109,SYNTHETIC
CR000855,PH000294,6156863161,2026-05-21T10:56:57Z,616,SYNTHETIC
CR000856,PH000010,6752599105,2024-10-08T04:14:54Z,629,SYNTHETIC
CR000857,PH000181,8279853154,2025-08-07T05:15:09Z,593,SYNTHETIC
CR000858,PH000194,7080948287,2025-12-26T02:03:29Z,799,SYNTHETIC
CR000859,PH000250,8461281435,2024-11-25T23:54:03Z,58,SYNTHETIC
CR000860,PH000171,7956038505,2025-05-26T12:37:35Z,575,SYNTHETIC
CR000861,PH000143,7011053686,2025-08-14T23:10:33Z,1759,SYNTHETIC
CR000862,PH000188,8809755527,2025-12-15T19:03:12Z,778,SYNTHETIC
CR000863,PH000059,8918890383,2026-03-15T00:38:37Z,359,SYNTHETIC
CR000864,PH000228,8887939308,2024-04-02T18:27:09Z,1333,SYNTHETIC
CR000865,PH000091,9682643107,2025-03-23T14:29:15Z,1461,SYNTHETIC
CR000866,PH000176,8279853154,2024-09-04T05:38:54Z,1182,SYNTHETIC
CR000867,PH000183,6265117603,2025-02-17T22:44:52Z,1439,SYNTHETIC
CR000868,PH000393,6361253010,2024-12-16T11:55:49Z,214,SYNTHETIC
CR000869,PH000240,7532008136,2025-04-20T03:26:33Z,1425,SYNTHETIC
CR000870,PH000200,8270533609,2024-03-05T06:20:54Z,1459,SYNTHETIC
CR000871,PH000325,6018272488,2024-05-02T14:01:51Z,749,SYNTHETIC
CR000872,PH000047,7668675368,2025-01-23T12:05:54Z,859,SYNTHETIC
CR000873,PH000252,7305789426,2024-04-06T04:56:23Z,854,SYNTHETIC
CR000874,PH000082,6685017796,2024-10-30T18:13:32Z,1440,SYNTHETIC
CR000875,PH000217,9010429610,2025-06-20T21:23:16Z,1173,SYNTHETIC
CR000876,PH000094,7972068975,2024-07-30T10:30:06Z,1119,SYNTHETIC
CR000877,PH000236,8660942447,2025-02-08T13:47:27Z,1436,SYNTHETIC
CR000878,PH000188,7540931288,2025-07-20T07:24:17Z,556,SYNTHETIC
CR000879,PH000140,6598549808,2024-11-06T13:56:26Z,689,SYNTHETIC
CR000880,PH000280,9682643107,2026-01-07T06:54:00Z,743,SYNTHETIC
CR000881,PH000213,7918035040,2024-11-22T18:06:25Z,1672,SYNTHETIC
CR000882,PH000146,7757911544,2024-07-05T06:44:05Z,1100,SYNTHETIC
CR000883,PH000212,8887939308,2026-08-22T08:13:50Z,1674,SYNTHETIC
CR000884,PH000314,8857245991,2024-01-21T10:08:19Z,212,SYNTHETIC
CR000885,PH000205,8756732853,2024-03-23T12:30:11Z,1097,SYNTHETIC
CR000886,PH000273,9237983037,2024-10-16T02:20:59Z,384,SYNTHETIC
CR000887,PH000162,8402039702,2024-03-17T23:40:44Z,69,SYNTHETIC
CR000888,PH000217,6559491558,2024-02-06T02:08:20Z,447,SYNTHETIC
CR000889,PH000250,9924598942,2026-01-23T20:30:40Z,141,SYNTHETIC
CR000890,PH000103,7879654298,2026-01-24T01:16:34Z,27,SYNTHETIC
CR000891,PH000084,8014558622,2025-07-26T05:53:58Z,837,SYNTHETIC
CR000892,PH000311,7582430397,2024-09-15T07:39:00Z,39,SYNTHETIC
CR000893,PH000001,6391604030,2025-12-08T06:47:59Z,491,SYNTHETIC
CR000894,PH000305,8142800073,2025-09-25T20:25:37Z,618,SYNTHETIC
CR000895,PH000176,9356786959,2024-01-14T13:24:48Z,953,SYNTHETIC
CR000896,PH000103,7879654298,2025-03-05T17:50:07Z,961,SYNTHETIC
CR000897,PH000099,7972068975,2024-04-23T03:00:14Z,825,SYNTHETIC
CR000898,PH000047,9773438064,2026-08-30T15:01:38Z,401,SYNTHETIC
CR000899,PH000124,8142800073,2024-08-26T06:04:19Z,623,SYNTHETIC
CR000900,PH000093,8168564407,2024-06-05T22:02:56Z,892,SYNTHETIC
CR000901,PH000097,6971544196,2024-06-19T03:09:34Z,116,SYNTHETIC
CR000902,PH000328,9839654741,2025-02-16T03:33:08Z,1512,SYNTHETIC
CR000903,PH000430,9492921572,2025-11-07T14:53:18Z,1475,SYNTHETIC
CR000904,PH000140,8180710203,2026-07-26T23:09:54Z,682,SYNTHETIC
CR000905,PH000006,9010429610,2024-08-10T09:53:13Z,592,SYNTHETIC
CR000906,PH000343,6496365877,2025-11-09T20:44:33Z,1244,SYNTHETIC
CR000907,PH000212,6915655993,2024-01-25T19:49:51Z,1362,SYNTHETIC
CR000908,PH000337,6593801621,2024-06-15T12:52:59Z,1481,SYNTHETIC
CR000909,PH000433,7465035321,2026-01-21T08:21:26Z,983,SYNTHETIC
CR000910,PH000032,7897036482,2024-03-30T04:19:43Z,690,SYNTHETIC
CR000911,PH000353,7217772180,2025-03-08T20:25:23Z,73,SYNTHETIC
CR000912,PH000277,7910532547,2025-09-18T04:50:47Z,1231,SYNTHETIC
CR000913,PH000187,9576202334,2024-02-04T00:13:28Z,1665,SYNTHETIC
CR000914,PH000275,6879068868,2025-10-02T03:46:51Z,193,SYNTHETIC
CR000915,PH000047,9694731843,2024-02-23T19:05:05Z,1363,SYNTHETIC
CR000916,PH000253,8186315895,2026-01-21T02:52:25Z,1244,SYNTHETIC
CR000917,PH000177,9356786959,2025-05-07T05:39:04Z,396,SYNTHETIC
CR000918,PH000201,6328694575,2024-06-07T03:02:55Z,270,SYNTHETIC
CR000919,PH000224,8767233357,2026-02-20T14:31:39Z,196,SYNTHETIC
CR000920,PH000026,6132790567,2026-06-14T21:52:15Z,1461,SYNTHETIC
CR000921,PH000155,7557621965,2026-02-23T08:00:50Z,1516,SYNTHETIC
CR000922,PH000125,7332689364,2024-02-22T06:24:10Z,1653,SYNTHETIC
CR000923,PH000362,9960013487,2025-03-03T00:26:26Z,153,SYNTHETIC
CR000924,PH000209,8053223350,2024-02-22T06:22:45Z,1208,SYNTHETIC
CR000925,PH000434,6265117603,2025-05-24T05:15:52Z,111,SYNTHETIC
CR000926,PH000225,6559491558,2025-01-26T20:59:28Z,1472,SYNTHETIC
CR000927,PH000146,9994038472,2026-02-23T01:09:40Z,1697,SYNTHETIC
CR000928,PH000301,8243325070,2025-05-28T17:55:09Z,657,SYNTHETIC
CR000929,PH000057,9880201084,2026-05-20T12:46:27Z,1007,SYNTHETIC
CR000930,PH000290,6696806784,2025-04-15T19:26:01Z,190,SYNTHETIC
CR000931,PH000125,7802922242,2025-06-18T16:23:49Z,347,SYNTHETIC
CR000932,PH000162,6679658140,2024-01-29T11:41:47Z,1446,SYNTHETIC
CR000933,PH000087,9880201084,2025-03-10T03:54:18Z,1232,SYNTHETIC
CR000934,PH000429,8569658353,2024-04-16T07:25:40Z,780,SYNTHETIC
CR000935,PH000141,9759893654,2024-09-27T19:27:28Z,1525,SYNTHETIC
CR000936,PH000429,9532893694,2024-03-15T23:43:57Z,1303,SYNTHETIC
CR000937,PH000423,6966927819,2024-08-13T10:25:59Z,1149,SYNTHETIC
CR000938,PH000274,7231119018,2025-04-02T00:32:51Z,1599,SYNTHETIC
CR000939,PH000073,6113464160,2024-07-26T22:47:27Z,917,SYNTHETIC
CR000940,PH000309,9832551508,2025-07-10T12:10:05Z,172,SYNTHETIC
CR000941,PH000224,7132365991,2026-07-03T00:55:32Z,340,SYNTHETIC
CR000942,PH000428,8453016278,2024-09-15T22:39:04Z,121,SYNTHETIC
CR000943,PH000037,7482196961,2024-09-06T01:48:23Z,827,SYNTHETIC
CR000944,PH000009,7737352525,2026-07-22T00:23:10Z,1537,SYNTHETIC
CR000945,PH000314,9682643107,2026-07-07T04:20:05Z,1729,SYNTHETIC
CR000946,PH000236,8715924397,2024-11-03T05:01:57Z,45,SYNTHETIC
CR000947,PH000054,8919954309,2024-02-26T13:54:34Z,1305,SYNTHETIC
CR000948,PH000099,8499200903,2024-05-24T19:59:59Z,1182,SYNTHETIC
CR000949,PH000275,8096327120,2024-06-28T23:11:37Z,82,SYNTHETIC
CR000950,PH000195,6405712160,2026-06-09T15:02:33Z,1163,SYNTHETIC
CR000951,PH000225,9084637462,2025-08-21T10:25:13Z,1064,SYNTHETIC
CR000952,PH000383,8516651964,2024-09-26T21:26:55Z,222,SYNTHETIC
CR000953,PH000071,9832551508,2024-04-18T18:10:52Z,1787,SYNTHETIC
CR000954,PH000223,8715924397,2026-05-24T16:18:16Z,595,SYNTHETIC
CR000955,PH000181,8023866353,2026-05-11T21:55:57Z,1060,SYNTHETIC
CR000956,PH000282,7815260768,2025-04-22T13:03:12Z,91,SYNTHETIC
CR000957,PH000341,6539759641,2026-07-11T19:39:34Z,1002,SYNTHETIC
CR000958,PH000026,7809804539,2024-08-16T04:41:26Z,57,SYNTHETIC
CR000959,PH000142,9932878900,2024-09-26T21:04:05Z,980,SYNTHETIC
CR000960,PH000222,7132365991,2025-08-11T04:42:00Z,95,SYNTHETIC
CR000961,PH000026,7815260768,2024-03-18T10:55:42Z,1101,SYNTHETIC
CR000962,PH000166,7935143097,2024-09-27T10:33:18Z,1084,SYNTHETIC
CR000963,PH000043,6406395537,2024-07-09T18:30:35Z,1278,SYNTHETIC
CR000964,PH000094,9900003731,2024-07-30T05:48:11Z,382,SYNTHETIC
CR000965,PH000309,9429713771,2025-05-12T04:04:53Z,129,SYNTHETIC
CR000966,PH000146,7011053686,2025-03-07T04:04:50Z,352,SYNTHETIC
CR000967,PH000138,8070328730,2026-07-09T02:46:25Z,39,SYNTHETIC
CR000968,PH000333,9839654741,2025-12-22T07:12:13Z,903,SYNTHETIC
CR000969,PH000094,6447950393,2024-02-25T09:33:42Z,810,SYNTHETIC
CR000970,PH000125,8284150710,2025-03-15T18:51:42Z,1236,SYNTHETIC
CR000971,PH000200,7080948287,2025-09-20T19:44:25Z,923,SYNTHETIC
CR000972,PH000279,8644261243,2024-09-07T06:41:34Z,254,SYNTHETIC
CR000973,PH000152,7972068975,2026-01-29T05:08:03Z,895,SYNTHETIC
CR000974,PH000089,6835630773,2024-01-24T22:04:14Z,1734,SYNTHETIC
CR000975,PH000195,8284150710,2024-12-30T22:28:06Z,1533,SYNTHETIC
CR000976,PH000010,8835862546,2024-02-14T16:41:49Z,1036,SYNTHETIC
CR000977,PH000429,7153632468,2026-01-24T12:22:30Z,1097,SYNTHETIC
CR000978,PH000423,6623573170,2026-02-08T11:04:26Z,1591,SYNTHETIC
CR000979,PH000241,8017857891,2025-10-26T12:13:43Z,96,SYNTHETIC
CR000980,PH000004,9083422436,2024-10-18T18:50:49Z,819,SYNTHETIC
CR000981,PH000099,9900003731,2024-07-20T19:06:03Z,1091,SYNTHETIC
CR000982,PH000422,9924802355,2024-04-15T02:34:20Z,1528,SYNTHETIC
CR000983,PH000057,8161743180,2024-12-16T15:12:34Z,620,SYNTHETIC
CR000984,PH000421,9396803911,2024-02-27T07:43:24Z,1725,SYNTHETIC
CR000985,PH000337,6443834177,2025-05-04T00:49:32Z,1254,SYNTHETIC
CR000986,PH000122,7819081764,2026-01-22T17:18:48Z,1364,SYNTHETIC
CR000987,PH000371,8767233357,2024-05-19T10:58:00Z,911,SYNTHETIC
CR000988,PH000001,8798668534,2024-06-08T08:42:36Z,444,SYNTHETIC
CR000989,PH000067,6623573170,2025-02-22T10:41:37Z,556,SYNTHETIC
CR000990,PH000244,9109231444,2024-12-07T19:02:40Z,1267,SYNTHETIC
CR000991,PH000041,7611657175,2024-01-15T06:08:46Z,684,SYNTHETIC
CR000992,PH000244,6880738831,2025-01-09T01:07:03Z,1303,SYNTHETIC
CR000993,PH000040,9237983037,2024-08-16T02:14:27Z,118,SYNTHETIC
CR000994,PH000203,9867366603,2024-05-15T15:18:18Z,1631,SYNTHETIC
CR000995,PH000158,9074715187,2025-10-25T19:27:11Z,1243,SYNTHETIC
CR000996,PH000237,9010429610,2024-03-18T11:02:17Z,1488,SYNTHETIC
CR000997,PH000212,7132365991,2025-08-20T16:39:25Z,131,SYNTHETIC
CR000998,PH000031,8755061085,2025-09-12T13:48:31Z,362,SYNTHETIC
CR000999,PH000228,6412679134,2025-12-21T00:51:39Z,449,SYNTHETIC
CR001000,PH000042,6190003790,2025-10-05T11:31:52Z,1442,SYNTHETIC
CR001001,PH000268,9650868313,2025-09-29T23:06:11Z,375,SYNTHETIC
CR001002,PH000096,8548242505,2026-04-15T00:30:29Z,488,SYNTHETIC
CR001003,PH000126,7701464093,2025-10-02T03:23:12Z,1090,SYNTHETIC
CR001004,PH000233,7532008136,2025-12-21T15:12:25Z,1772,SYNTHETIC
CR001005,PH000139,8180710203,2026-07-15T12:13:05Z,250,SYNTHETIC
CR001006,PH000237,9647543003,2025-08-18T20:50:39Z,758,SYNTHETIC
CR001007,PH000150,6647670893,2025-11-12T19:13:55Z,1058,SYNTHETIC
CR001008,PH000062,9946560538,2024-01-08T22:40:11Z,264,SYNTHETIC
CR001009,PH000047,8552362285,2026-05-30T11:52:02Z,1586,SYNTHETIC
CR001010,PH000106,9960013487,2024-09-25T03:37:42Z,410,SYNTHETIC
CR001011,PH000181,6354885105,2024-11-25T21:29:29Z,1215,SYNTHETIC
CR001012,PH000178,8809755527,2025-03-09T09:57:30Z,323,SYNTHETIC
CR001013,PH000240,9881533547,2024-10-24T22:54:24Z,91,SYNTHETIC
CR001014,PH000159,6156863161,2026-01-08T05:54:50Z,1125,SYNTHETIC
CR001015,PH000117,9166779843,2024-04-18T00:52:47Z,1237,SYNTHETIC
CR001016,PH000152,9315958324,2026-01-31T08:51:16Z,1472,SYNTHETIC
CR001017,PH000061,7107753491,2025-03-01T21:20:16Z,786,SYNTHETIC
CR001018,PH000224,7221163768,2024-03-07T02:13:04Z,565,SYNTHETIC
CR001019,PH000022,6690070693,2026-02-03T14:35:17Z,1379,SYNTHETIC
CR001020,PH000211,7610228601,2024-08-31T01:58:01Z,590,SYNTHETIC
CR001021,PH000023,9894133887,2024-09-03T11:14:31Z,544,SYNTHETIC
CR001022,PH000139,6598549808,2024-06-28T17:19:22Z,1663,SYNTHETIC
CR001023,PH000204,9014280388,2025-10-20T23:26:41Z,435,SYNTHETIC
CR001024,PH000308,6687323011,2026-05-19T23:19:24Z,1470,SYNTHETIC
CR001025,PH000109,9532893694,2026-04-08T08:08:53Z,1250,SYNTHETIC
CR001026,PH000195,8710550243,2024-09-02T18:25:54Z,1677,SYNTHETIC
CR001027,PH000040,9708596425,2025-05-25T14:17:48Z,1148,SYNTHETIC
CR001028,PH000181,7060782485,2026-07-12T07:31:35Z,1455,SYNTHETIC
CR001029,PH000176,7540931288,2024-12-02T07:06:19Z,253,SYNTHETIC
CR001030,PH000138,9906286630,2026-07-20T23:51:27Z,23,SYNTHETIC
CR001031,PH000007,7577715535,2026-05-13T18:14:10Z,1323,SYNTHETIC
CR001032,PH000170,9648814956,2024-07-14T16:48:53Z,1194,SYNTHETIC
CR001033,PH000426,6190003790,2024-05-30T09:49:38Z,1580,SYNTHETIC
CR001034,PH000306,8486748501,2025-09-22T13:15:35Z,596,SYNTHETIC
CR001035,PH000286,8603370805,2025-07-14T01:01:20Z,1164,SYNTHETIC
CR001036,PH000152,7623400975,2026-07-30T06:48:03Z,271,SYNTHETIC
CR001037,PH000352,9315958324,2025-09-12T20:14:20Z,769,SYNTHETIC
CR001038,PH000339,9270044855,2024-09-06T10:52:44Z,812,SYNTHETIC
CR001039,PH000351,7178609047,2025-06-23T02:51:52Z,677,SYNTHETIC
CR001040,PH000090,6127372330,2024-10-04T15:22:50Z,322,SYNTHETIC
CR001041,PH000152,8608283898,2024-08-27T19:53:03Z,1041,SYNTHETIC
CR001042,PH000160,6156863161,2025-07-24T14:32:45Z,1399,SYNTHETIC
CR001043,PH000073,8084743914,2025-06-23T08:25:42Z,682,SYNTHETIC
CR001044,PH000158,9315958324,2024-05-19T03:18:55Z,186,SYNTHETIC
CR001045,PH000216,7822843406,2025-04-10T05:18:37Z,955,SYNTHETIC
CR001046,PH000026,9130664090,2025-12-02T01:12:25Z,977,SYNTHETIC
CR001047,PH000213,9010429610,2026-01-17T21:00:27Z,1652,SYNTHETIC
CR001048,PH000029,7809804539,2024-05-11T08:20:01Z,262,SYNTHETIC
CR001049,PH000345,8486748501,2025-02-04T21:42:58Z,447,SYNTHETIC
CR001050,PH000183,6358973718,2026-08-19T01:13:29Z,1599,SYNTHETIC
CR001051,PH000057,8013720592,2025-09-21T19:07:02Z,700,SYNTHETIC
CR001052,PH000212,9906286630,2026-04-16T02:28:31Z,1220,SYNTHETIC
CR001053,PH000333,8612759480,2025-05-09T14:38:46Z,1510,SYNTHETIC
CR001054,PH000057,6197550468,2025-12-24T12:15:46Z,424,SYNTHETIC
CR001055,PH000184,9335770429,2025-09-26T05:57:35Z,1520,SYNTHETIC
CR001056,PH000314,7984464077,2025-09-24T21:15:21Z,670,SYNTHETIC
CR001057,PH000244,7804141328,2026-05-07T20:20:10Z,1395,SYNTHETIC
CR001058,PH000355,9884167411,2026-01-05T04:01:48Z,952,SYNTHETIC
CR001059,PH000034,7482196961,2024-05-09T10:42:04Z,1252,SYNTHETIC
CR001060,PH000218,7918035040,2024-11-14T06:23:01Z,1684,SYNTHETIC
CR001061,PH000007,6623573170,2026-01-03T17:38:48Z,997,SYNTHETIC
CR001062,PH000220,6835630773,2025-08-08T22:57:27Z,1613,SYNTHETIC
CR001063,PH000203,8053223350,2024-01-01T00:25:21Z,1751,SYNTHETIC
CR001064,PH000019,7658855498,2025-06-23T22:02:56Z,1580,SYNTHETIC
CR001065,PH000274,7972068975,2025-02-07T04:46:27Z,271,SYNTHETIC
CR001066,PH000194,9517402494,2024-05-21T00:46:29Z,1312,SYNTHETIC
CR001067,PH000302,8005338894,2024-07-16T11:21:00Z,372,SYNTHETIC
CR001068,PH000139,8857245991,2026-03-21T07:21:48Z,51,SYNTHETIC
CR001069,PH000180,8756732853,2024-10-14T08:21:25Z,484,SYNTHETIC
CR001070,PH000349,6687323011,2025-04-03T18:47:16Z,1438,SYNTHETIC
CR001071,PH000119,7258965734,2025-05-09T07:59:05Z,1056,SYNTHETIC
CR001072,PH000088,6879068868,2026-03-01T08:05:51Z,975,SYNTHETIC
CR001073,PH000179,8190723856,2025-12-23T03:59:47Z,1671,SYNTHETIC
CR001074,PH000212,9070930033,2025-01-01T07:29:31Z,1673,SYNTHETIC
CR001075,PH000124,9492921572,2026-02-22T11:04:22Z,66,SYNTHETIC
CR001076,PH000202,8796899615,2026-03-28T07:36:31Z,1699,SYNTHETIC
CR001077,PH000067,9884167411,2026-02-13T14:49:43Z,1072,SYNTHETIC
CR001078,PH000151,7011053686,2025-12-28T13:50:40Z,1588,SYNTHETIC
CR001079,PH000155,9089060939,2024-12-16T07:50:38Z,941,SYNTHETIC
CR001080,PH000010,7797838768,2025-05-29T21:03:10Z,61,SYNTHETIC
CR001081,PH000213,7132365991,2026-04-03T03:56:34Z,152,SYNTHETIC
CR001082,PH000048,7914577741,2025-09-30T03:53:24Z,62,SYNTHETIC
CR001083,PH000220,8873352156,2025-11-07T05:38:54Z,670,SYNTHETIC
CR001084,PH000083,8084743914,2026-07-05T09:57:26Z,405,SYNTHETIC
CR001085,PH000366,8644261243,2026-03-20T13:24:39Z,1674,SYNTHETIC
CR001086,PH000049,9694731843,2026-07-05T09:34:21Z,1524,SYNTHETIC
CR001087,PH000091,8162074407,2025-09-30T15:35:12Z,371,SYNTHETIC
CR001088,PH000192,9042131370,2024-10-18T07:25:14Z,933,SYNTHETIC
CR001089,PH000150,6647670893,2026-08-29T07:00:11Z,1414,SYNTHETIC
CR001090,PH000039,7611657175,2025-04-16T22:58:17Z,1170,SYNTHETIC
CR001091,PH000124,6612278674,2025-04-06T06:18:38Z,148,SYNTHETIC
CR001092,PH000222,7532008136,2024-02-19T13:15:03Z,1651,SYNTHETIC
CR001093,PH000276,7000350104,2025-09-01T18:05:15Z,1247,SYNTHETIC
CR001094,PH000028,7544769180,2025-03-10T22:53:06Z,173,SYNTHETIC
CR001095,PH000237,9010429610,2025-08-15T06:47:07Z,964,SYNTHETIC
CR001096,PH000143,8886168045,2025-06-12T19:11:30Z,1028,SYNTHETIC
CR001097,PH000067,6338583094,2024-07-03T02:22:23Z,1254,SYNTHETIC
CR001098,PH000139,6869089492,2024-08-18T05:19:08Z,86,SYNTHETIC
CR001099,PH000252,7305789426,2025-03-06T09:09:05Z,1550,SYNTHETIC
CR001100,PH000188,6265117603,2025-11-17T14:36:13Z,1601,SYNTHETIC
CR001101,PH000106,9074715187,2024-06-05T22:43:56Z,1767,SYNTHETIC
CR001102,PH000001,7757911544,2024-04-20T18:40:24Z,649,SYNTHETIC
CR001103,PH000007,7577715535,2025-06-13T21:08:37Z,513,SYNTHETIC
CR001104,PH000433,7804662513,2026-08-18T00:39:04Z,655,SYNTHETIC
CR001105,PH000139,6361253010,2025-03-15T16:55:38Z,187,SYNTHETIC
CR001106,PH000182,8190723856,2026-03-19T19:05:36Z,750,SYNTHETIC
CR001107,PH000126,9442286919,2024-08-26T15:40:00Z,510,SYNTHETIC
CR001108,PH000128,7081388190,2026-07-15T15:49:50Z,1067,SYNTHETIC
CR001109,PH000417,7142034908,2025-01-19T14:12:21Z,347,SYNTHETIC
CR001110,PH000062,6968813353,2024-03-23T01:35:13Z,1528,SYNTHETIC
CR001111,PH000267,6265117603,2024-08-15T15:01:45Z,182,SYNTHETIC
CR001112,PH000234,8660942447,2025-06-29T10:32:11Z,1011,SYNTHETIC
CR001113,PH000143,9303744459,2026-09-06T00:39:10Z,1430,SYNTHETIC
CR001114,PH000234,7221163768,2024-04-29T15:37:50Z,1288,SYNTHETIC
CR001115,PH000196,8284150710,2025-11-01T23:23:11Z,753,SYNTHETIC
CR001116,PH000359,8268648378,2025-07-28T09:41:45Z,966,SYNTHETIC
CR001117,PH000117,6599781863,2025-03-21T17:09:06Z,1720,SYNTHETIC
CR001118,PH000201,8284150710,2025-04-18T09:48:03Z,1002,SYNTHETIC
CR001119,PH000212,7132365991,2026-06-21T03:58:26Z,1568,SYNTHETIC
CR001120,PH000182,9538695120,2024-07-27T08:09:23Z,229,SYNTHETIC
CR001121,PH000118,9839654741,2024-03-22T03:34:29Z,619,SYNTHETIC
CR001122,PH000394,9653943537,2026-04-03T23:45:59Z,1296,SYNTHETIC
CR001123,PH000114,8426957236,2025-07-08T12:13:50Z,1700,SYNTHETIC
CR001124,PH000042,7668675368,2024-07-03T15:08:49Z,480,SYNTHETIC
CR001125,PH000139,6598549808,2024-08-08T09:04:45Z,410,SYNTHETIC
CR001126,PH000055,6190003790,2025-11-01T19:52:38Z,608,SYNTHETIC
CR001127,PH000054,8279402124,2024-07-04T09:09:18Z,646,SYNTHETIC
CR001128,PH000032,9043622500,2026-06-01T20:18:21Z,1064,SYNTHETIC
CR001129,PH000210,6405712160,2026-04-15T11:17:39Z,398,SYNTHETIC
CR001130,PH000031,7897036482,2024-03-23T23:43:58Z,81,SYNTHETIC
CR001131,PH000325,7411865377,2025-02-15T04:46:43Z,736,SYNTHETIC
CR001132,PH000031,8608283898,2025-07-10T15:19:16Z,556,SYNTHETIC
CR001133,PH000188,6022608653,2026-03-01T18:00:57Z,280,SYNTHETIC
CR001134,PH000066,8918890383,2024-12-29T21:47:24Z,675,SYNTHETIC
CR001135,PH000196,8053223350,2024-12-22T20:26:47Z,695,SYNTHETIC
CR001136,PH000142,9130664090,2025-05-03T11:54:29Z,1638,SYNTHETIC
CR001137,PH000050,9608227986,2025-06-21T11:02:50Z,837,SYNTHETIC
CR001138,PH000145,9881533547,2024-07-15T13:11:08Z,266,SYNTHETIC
CR001139,PH000049,7668675368,2026-06-04T21:31:14Z,652,SYNTHETIC
CR001140,PH000267,8691282106,2025-04-27T11:57:41Z,48,SYNTHETIC
CR001141,PH000200,6659111855,2024-03-23T21:19:17Z,895,SYNTHETIC
CR001142,PH000349,6820960918,2026-04-09T11:11:11Z,1026,SYNTHETIC
CR001143,PH000191,7551950947,2025-04-08T03:35:30Z,98,SYNTHETIC
CR001144,PH000174,7255481529,2026-03-15T08:55:32Z,301,SYNTHETIC
CR001145,PH000119,7258965734,2026-08-21T02:12:08Z,410,SYNTHETIC
CR001146,PH000221,7626051407,2025-06-04T01:55:27Z,1259,SYNTHETIC
CR001147,PH000366,8545563411,2026-03-06T16:07:40Z,209,SYNTHETIC
CR001148,PH000037,9237983037,2025-08-15T01:44:01Z,668,SYNTHETIC
CR001149,PH000176,8190723856,2025-07-17T04:51:27Z,182,SYNTHETIC
CR001150,PH000003,6127416934,2025-01-25T13:45:12Z,191,SYNTHETIC
CR001151,PH000111,9648814956,2025-02-19T09:25:44Z,1484,SYNTHETIC
CR001152,PH000058,9429713771,2024-11-28T07:15:58Z,243,SYNTHETIC
CR001153,PH000181,7223464799,2025-03-22T07:07:29Z,257,SYNTHETIC
CR001154,PH000176,9356786959,2024-02-11T18:03:14Z,928,SYNTHETIC
CR001155,PH000323,9184559120,2026-01-16T22:50:20Z,547,SYNTHETIC
CR001156,PH000047,9125637078,2025-10-10T07:12:18Z,924,SYNTHETIC
CR001157,PH000327,7011053686,2024-04-27T02:10:18Z,609,SYNTHETIC
CR001158,PH000226,9876543210,2025-02-23T07:10:41Z,759,SYNTHETIC
CR001159,PH000051,9694731843,2025-01-27T00:28:04Z,295,SYNTHETIC
CR001160,PH000201,9184559120,2025-10-16T18:54:21Z,1528,SYNTHETIC
CR001161,PH000119,7622678036,2026-07-27T23:22:37Z,613,SYNTHETIC
CR001162,PH000135,9906286630,2025-02-04T13:53:52Z,1407,SYNTHETIC
CR001163,PH000308,7427453318,2024-12-02T19:50:26Z,735,SYNTHETIC
CR001164,PH000140,6127372330,2025-04-21T19:55:31Z,195,SYNTHETIC
CR001165,PH000383,7942440879,2025-06-27T22:36:55Z,1320,SYNTHETIC
CR001166,PH000061,6628914936,2025-12-26T09:09:56Z,1247,SYNTHETIC
CR001167,PH000326,9568082909,2024-12-18T05:31:10Z,861,SYNTHETIC
CR001168,PH000139,6598549808,2024-12-02T21:16:39Z,602,SYNTHETIC
CR001169,PH000162,6796307193,2024-01-01T02:31:52Z,689,SYNTHETIC
CR001170,PH000161,7623400975,2025-01-09T01:55:42Z,698,SYNTHETIC
CR001171,PH000010,8266182303,2025-02-05T12:28:43Z,410,SYNTHETIC
CR001172,PH000275,8486748501,2025-02-28T05:57:04Z,612,SYNTHETIC
CR001173,PH000213,6559491558,2024-04-27T17:22:59Z,750,SYNTHETIC
CR001174,PH000092,9811757678,2024-02-04T12:35:27Z,278,SYNTHETIC
CR001175,PH000009,6127416934,2026-01-09T18:44:48Z,1664,SYNTHETIC
CR001176,PH000293,7757911544,2026-08-24T09:32:07Z,578,SYNTHETIC
CR001177,PH000190,6240268494,2024-07-14T03:00:17Z,1656,SYNTHETIC
CR001178,PH000030,9043622500,2025-03-09T11:58:17Z,1636,SYNTHETIC
CR001179,PH000026,7611657175,2024-02-20T03:06:38Z,957,SYNTHETIC
CR001180,PH000146,8271031012,2025-06-04T15:20:49Z,737,SYNTHETIC
CR001181,PH000274,6832914340,2024-11-08T21:53:14Z,419,SYNTHETIC
CR001182,PH000024,7658855498,2024-03-05T04:48:43Z,1542,SYNTHETIC
CR001183,PH000093,7016978989,2025-08-03T14:10:49Z,1301,SYNTHETIC
CR001184,PH000126,7879654298,2024-05-21T14:39:28Z,1443,SYNTHETIC
CR001185,PH000154,6225565384,2025-07-09T00:03:31Z,1382,SYNTHETIC
CR001186,PH000042,6214164480,2026-04-24T08:11:28Z,48,SYNTHETIC
CR001187,PH000282,6127416934,2026-05-12T17:38:43Z,325,SYNTHETIC
CR001188,PH000112,7313062793,2024-02-11T23:04:38Z,1201,SYNTHETIC
CR001189,PH000093,9691205383,2024-05-29T07:47:31Z,1668,SYNTHETIC
CR001190,PH000224,8644261243,2025-11-24T16:17:46Z,1330,SYNTHETIC
CR001191,PH000074,7565379443,2025-03-08T02:40:11Z,1286,SYNTHETIC
CR001192,PH000376,8453016278,2025-04-24T03:39:03Z,1268,SYNTHETIC
CR001193,PH000027,8150795294,2024-02-03T17:46:04Z,643,SYNTHETIC
CR001194,PH000119,6754030198,2026-05-18T16:04:06Z,1746,SYNTHETIC
CR001195,PH000182,9596380172,2024-08-25T05:07:03Z,671,SYNTHETIC
CR001196,PH000280,7990912629,2024-11-13T13:18:30Z,70,SYNTHETIC
CR001197,PH000198,9270044855,2025-12-03T21:46:49Z,456,SYNTHETIC
CR001198,PH000077,7231119018,2025-06-10T13:15:38Z,1375,SYNTHETIC
CR001199,PH000007,8918890383,2024-03-24T14:20:58Z,545,SYNTHETIC
CR001200,PH000153,6796307193,2025-01-27T21:45:18Z,1665,SYNTHETIC
CR001201,PH000216,8944810365,2025-09-03T00:26:01Z,117,SYNTHETIC
CR001202,PH000364,8279853154,2024-08-13T07:30:16Z,162,SYNTHETIC
CR001203,PH000037,9536344864,2026-03-26T12:14:52Z,853,SYNTHETIC
CR001204,PH000098,6643629683,2024-06-03T05:39:09Z,1102,SYNTHETIC
CR001205,PH000427,8279402124,2025-06-21T15:09:18Z,225,SYNTHETIC
CR001206,PH000354,9694731843,2024-08-01T06:20:14Z,217,SYNTHETIC
CR001207,PH000066,7734655270,2024-02-01T21:30:11Z,892,SYNTHETIC
CR001208,PH000076,7288169392,2025-03-24T18:23:37Z,729,SYNTHETIC
CR001209,PH000128,8264526628,2024-10-06T06:35:37Z,306,SYNTHETIC
CR001210,PH000157,7314076479,2026-05-04T12:53:27Z,750,SYNTHETIC
CR001211,PH000038,7611657175,2025-12-15T13:32:33Z,1781,SYNTHETIC
CR001212,PH000143,7011053686,2025-03-02T02:05:37Z,1798,SYNTHETIC
CR001213,PH000433,7305789426,2024-05-14T03:23:41Z,1344,SYNTHETIC
CR001214,PH000315,8161743180,2025-09-17T19:57:49Z,343,SYNTHETIC
CR001215,PH000225,9036959815,2025-04-22T07:33:29Z,238,SYNTHETIC
CR001216,PH000176,6022608653,2025-06-29T15:23:17Z,534,SYNTHETIC
CR001217,PH000196,9560012221,2025-07-02T09:42:27Z,202,SYNTHETIC
CR001218,PH000315,7576352153,2024-04-12T17:18:15Z,1507,SYNTHETIC
CR001219,PH000008,6696806784,2026-08-21T03:13:03Z,1326,SYNTHETIC
CR001220,PH000045,6190003790,2026-01-20T02:31:59Z,623,SYNTHETIC
CR001221,PH000030,6929052685,2024-07-15T20:35:16Z,145,SYNTHETIC
CR001222,PH000057,9880201084,2025-04-29T08:36:32Z,634,SYNTHETIC
CR001223,PH000250,7011053686,2025-03-23T10:23:23Z,552,SYNTHETIC
CR001224,PH000091,6599781863,2024-07-31T01:12:32Z,745,SYNTHETIC
CR001225,PH000158,8435478441,2025-08-12T06:20:58Z,1399,SYNTHETIC
CR001226,PH000163,8551248250,2025-10-13T08:12:40Z,1593,SYNTHETIC
CR001227,PH000201,7080948287,2025-12-05T10:11:37Z,1423,SYNTHETIC
CR001228,PH000241,8053366265,2026-01-30T15:21:49Z,224,SYNTHETIC
CR001229,PH000417,8000984012,2025-10-31T16:18:29Z,1343,SYNTHETIC
CR001230,PH000361,7242671685,2025-11-29T14:26:57Z,1673,SYNTHETIC
CR001231,PH000066,8794911927,2024-11-21T05:29:16Z,683,SYNTHETIC
CR001232,PH000332,9478964030,2026-06-05T05:14:55Z,902,SYNTHETIC
CR001233,PH000340,7910532547,2024-05-13T08:26:50Z,398,SYNTHETIC
CR001234,PH000057,7734655270,2026-03-23T05:38:40Z,102,SYNTHETIC
CR001235,PH000190,8809755527,2024-08-07T20:23:22Z,886,SYNTHETIC
CR001236,PH000179,9980383593,2025-07-25T05:58:28Z,903,SYNTHETIC
CR001237,PH000220,6568330958,2026-03-24T16:48:33Z,113,SYNTHETIC
CR001238,PH000265,7280025799,2025-02-15T04:52:47Z,351,SYNTHETIC
CR001239,PH000126,9946560538,2024-09-19T06:45:59Z,227,SYNTHETIC
CR001240,PH000268,8316916918,2024-04-08T05:47:38Z,1590,SYNTHETIC
CR001241,PH000009,9055556822,2024-06-21T16:37:06Z,791,SYNTHETIC
CR001242,PH000253,8016203699,2026-04-15T19:59:41Z,503,SYNTHETIC
CR001243,PH000020,7577715535,2024-12-16T16:22:23Z,270,SYNTHETIC
CR001244,PH000042,7725778837,2024-06-17T04:55:43Z,1285,SYNTHETIC
CR001245,PH000237,7822843406,2024-04-15T02:32:17Z,266,SYNTHETIC
CR001246,PH000190,6265117603,2026-03-26T12:18:28Z,1505,SYNTHETIC
CR001247,PH000009,6132790567,2025-09-25T08:31:04Z,548,SYNTHETIC
CR001248,PH000160,7255481529,2025-01-12T03:33:25Z,48,SYNTHETIC
CR001249,PH000405,7388442302,2025-09-29T08:57:54Z,748,SYNTHETIC
CR001250,PH000349,7465035321,2024-03-07T01:52:55Z,1313,SYNTHETIC
CR001251,PH000139,8857245991,2025-04-21T21:48:46Z,1347,SYNTHETIC
CR001252,PH000304,7080948287,2024-03-31T09:43:37Z,696,SYNTHETIC
CR001253,PH000354,8781973182,2026-07-28T12:33:05Z,562,SYNTHETIC
CR001254,PH000026,7897036482,2024-01-27T19:26:36Z,1389,SYNTHETIC
CR001255,PH000138,9294296673,2025-02-24T18:45:52Z,524,SYNTHETIC
CR001256,PH000100,7366362689,2025-05-11T01:12:35Z,1473,SYNTHETIC
CR001257,PH000054,7914577741,2025-12-27T07:33:09Z,875,SYNTHETIC
CR001258,PH000064,8132400725,2026-05-29T22:43:39Z,1353,SYNTHETIC
CR001259,PH000377,9195989654,2025-11-05T05:35:08Z,81,SYNTHETIC
CR001260,PH000078,9571340503,2024-02-04T04:10:19Z,453,SYNTHETIC
CR001261,PH000061,6864772078,2026-01-22T19:38:58Z,1225,SYNTHETIC
CR001262,PH000054,7029480386,2025-04-24T05:59:32Z,387,SYNTHETIC
CR001263,PH000009,9550370881,2025-01-19T13:28:34Z,1343,SYNTHETIC
CR001264,PH000183,6022608653,2025-10-17T09:28:51Z,1684,SYNTHETIC
CR001265,PH000368,7029480386,2024-06-12T06:03:30Z,936,SYNTHETIC
CR001266,PH000333,8266182303,2024-11-09T10:15:00Z,466,SYNTHETIC
CR001267,PH000049,6217485870,2025-10-30T08:16:05Z,528,SYNTHETIC
CR001268,PH000048,9694731843,2026-05-14T07:04:24Z,564,SYNTHETIC
CR001269,PH000166,7379597368,2025-05-19T15:50:58Z,105,SYNTHETIC
CR001270,PH000239,7665941578,2026-04-29T17:23:50Z,186,SYNTHETIC
CR001271,PH000042,7725778837,2024-10-15T01:28:23Z,1445,SYNTHETIC
CR001272,PH000125,9492921572,2026-07-18T05:46:46Z,1208,SYNTHETIC
CR001273,PH000325,6659111855,2026-08-28T19:35:11Z,159,SYNTHETIC
CR001274,PH000088,8685168194,2024-12-07T21:09:43Z,1057,SYNTHETIC
CR001275,PH000406,6405712160,2025-06-25T08:03:12Z,795,SYNTHETIC
CR001276,PH000073,8545563411,2025-10-31T10:50:16Z,1636,SYNTHETIC
CR001277,PH000081,6993175307,2024-08-06T04:10:13Z,366,SYNTHETIC
CR001278,PH000174,7623400975,2024-04-05T06:21:46Z,16,SYNTHETIC
CR001279,PH000214,9684391157,2026-01-27T10:41:19Z,57,SYNTHETIC
CR001280,PH000001,6752599105,2024-02-03T04:52:57Z,665,SYNTHETIC
CR001281,PH000176,7953589561,2024-02-16T15:28:52Z,319,SYNTHETIC
CR001282,PH000081,6659111855,2025-10-22T10:41:43Z,1062,SYNTHETIC
CR001283,PH000168,8938124668,2025-01-20T13:15:15Z,1244,SYNTHETIC
CR001284,PH000434,7809804539,2025-12-22T16:51:37Z,1219,SYNTHETIC
CR001285,PH000094,6643629683,2024-04-21T10:56:34Z,314,SYNTHETIC
CR001286,PH000374,7217772180,2025-05-09T06:51:07Z,1740,SYNTHETIC
CR001287,PH000049,9467913314,2026-02-04T09:51:56Z,356,SYNTHETIC
CR001288,PH000168,6225565384,2024-02-20T14:57:48Z,843,SYNTHETIC
CR001289,PH000139,6598549808,2024-02-22T03:53:54Z,1336,SYNTHETIC
CR001290,PH000084,7910532547,2025-07-22T19:37:57Z,917,SYNTHETIC
CR001291,PH000163,7623400975,2025-09-14T03:08:52Z,402,SYNTHETIC
CR001292,PH000254,8755061085,2025-02-28T14:19:10Z,1198,SYNTHETIC
CR001293,PH000098,7879654298,2024-05-17T23:35:47Z,104,SYNTHETIC
CR001294,PH000155,7623400975,2024-02-07T01:53:38Z,922,SYNTHETIC
CR001295,PH000194,6405712160,2025-05-26T04:59:16Z,1054,SYNTHETIC
CR001296,PH000304,7540931288,2024-03-19T18:19:49Z,1705,SYNTHETIC
CR001297,PH000119,7984464077,2024-07-24T08:45:10Z,1096,SYNTHETIC
CR001298,PH000149,9994038472,2024-03-31T21:25:01Z,1347,SYNTHETIC
CR001299,PH000179,7610228601,2026-02-13T03:47:10Z,1305,SYNTHETIC
CR001300,PH000027,8364578784,2025-05-30T01:30:27Z,514,SYNTHETIC
CR001301,PH000194,9014280388,2024-01-11T14:02:18Z,846,SYNTHETIC
CR001302,PH000141,9713598720,2024-08-11T11:54:42Z,1033,SYNTHETIC
CR001303,PH000194,8756732853,2025-03-13T04:40:59Z,784,SYNTHETIC
CR001304,PH000179,7217772180,2026-07-26T00:46:05Z,1396,SYNTHETIC
CR001305,PH000271,8848198686,2025-03-22T02:03:14Z,929,SYNTHETIC
CR001306,PH000317,8461281435,2024-09-12T05:13:42Z,514,SYNTHETIC
CR001307,PH000119,8548242505,2025-04-26T03:22:06Z,1121,SYNTHETIC
CR001308,PH000151,9094054783,2024-03-17T12:17:57Z,1509,SYNTHETIC
CR001309,PH000177,8190723856,2026-04-02T11:56:59Z,61,SYNTHETIC
CR001310,PH000152,6796307193,2025-11-10T17:30:49Z,335,SYNTHETIC
CR001311,PH000289,8767233357,2026-07-02T22:58:38Z,477,SYNTHETIC
CR001312,PH000125,8211298986,2026-06-24T00:48:45Z,1473,SYNTHETIC
CR001313,PH000077,8013720592,2025-03-28T18:40:41Z,800,SYNTHETIC
CR001314,PH000126,8264526628,2026-08-03T01:32:56Z,633,SYNTHETIC
CR001315,PH000162,7314076479,2025-03-18T12:00:52Z,1367,SYNTHETIC
CR001316,PH000213,7576027878,2025-12-06T02:59:54Z,307,SYNTHETIC
CR001317,PH000198,7804141328,2026-03-16T15:00:50Z,978,SYNTHETIC
CR001318,PH000073,8560170303,2024-01-07T05:54:54Z,1560,SYNTHETIC
CR001319,PH000028,8364578784,2024-06-11T14:13:32Z,1005,SYNTHETIC
CR001320,PH000049,7668675368,2024-07-20T15:33:29Z,1314,SYNTHETIC
CR001321,PH000217,9010429610,2026-08-17T11:32:50Z,935,SYNTHETIC
CR001322,PH000067,6338583094,2024-02-02T21:39:20Z,359,SYNTHETIC
CR001323,PH000150,8857245991,2024-09-13T18:07:37Z,1017,SYNTHETIC
CR001324,PH000284,9284116301,2025-03-05T05:21:50Z,379,SYNTHETIC
CR001325,PH000149,8522484809,2025-07-19T19:01:15Z,1286,SYNTHETIC
CR001326,PH000356,9576202334,2024-12-20T17:15:23Z,1768,SYNTHETIC
CR001327,PH000032,7815260768,2025-08-30T13:56:26Z,674,SYNTHETIC
CR001328,PH000163,7809804539,2024-07-30T22:13:31Z,522,SYNTHETIC
CR001329,PH000073,6643845515,2024-11-03T18:15:33Z,190,SYNTHETIC
CR001330,PH000071,7288169392,2024-09-25T09:28:00Z,116,SYNTHETIC
CR001331,PH000135,6955796177,2026-03-21T18:36:25Z,758,SYNTHETIC
CR001332,PH000364,8162074407,2026-06-26T20:48:40Z,406,SYNTHETIC
CR001333,PH000157,7557621965,2026-07-16T05:20:41Z,1184,SYNTHETIC
CR001334,PH000344,8792840014,2024-01-06T13:27:45Z,1236,SYNTHETIC
CR001335,PH000109,7336089091,2025-03-02T22:37:20Z,521,SYNTHETIC
CR001336,PH000197,9932878900,2025-10-27T08:06:51Z,258,SYNTHETIC
CR001337,PH000177,6265117603,2025-11-12T12:44:11Z,1492,SYNTHETIC
CR001338,PH000302,9399302206,2025-10-18T19:38:23Z,501,SYNTHETIC
CR001339,PH000060,7934074467,2026-03-25T08:55:47Z,1148,SYNTHETIC
CR001340,PH000153,7582430397,2026-07-19T06:34:48Z,1578,SYNTHETIC
CR001341,PH000257,7255481529,2025-01-21T05:16:13Z,774,SYNTHETIC
CR001342,PH000067,7231119018,2024-12-07T19:21:07Z,1352,SYNTHETIC
CR001343,PH000179,8809755527,2024-07-09T14:11:41Z,1600,SYNTHETIC
CR001344,PH000120,7029480386,2025-01-16T01:06:51Z,968,SYNTHETIC
CR001345,PH000232,6835630773,2025-12-12T06:00:37Z,1789,SYNTHETIC
CR001346,PH000060,9650868313,2026-04-05T20:34:00Z,1331,SYNTHETIC
CR001347,PH000332,9560012221,2025-01-09T18:18:37Z,626,SYNTHETIC
CR001348,PH000238,9010429610,2025-04-01T18:16:32Z,1535,SYNTHETIC
CR001349,PH000147,9130664090,2024-06-28T02:05:12Z,1182,SYNTHETIC
CR001350,PH000054,7914577741,2026-03-02T19:12:03Z,277,SYNTHETIC
CR001351,PH000029,8398704504,2025-09-17T17:22:29Z,234,SYNTHETIC
CR001352,PH000135,9294296673,2024-12-09T00:30:42Z,279,SYNTHETIC
CR001353,PH000180,6022608653,2025-01-06T14:53:27Z,1793,SYNTHETIC
CR001354,PH000026,9900199443,2024-01-04T21:25:11Z,968,SYNTHETIC
CR001355,PH000065,8180710203,2026-01-06T18:47:35Z,792,SYNTHETIC
CR001356,PH000092,7576027878,2024-11-20T09:57:45Z,1766,SYNTHETIC
CR001357,PH000220,7822843406,2026-07-30T02:40:06Z,1649,SYNTHETIC
CR001358,PH000058,7288169392,2025-05-13T22:08:04Z,1455,SYNTHETIC
CR001359,PH000098,6251826204,2025-01-09T17:18:14Z,364,SYNTHETIC
CR001360,PH000138,7043133576,2026-02-13T06:36:16Z,1243,SYNTHETIC
CR001361,PH000342,6168767956,2025-11-10T08:24:14Z,1484,SYNTHETIC
CR001362,PH000067,8089771202,2024-02-02T00:08:18Z,1000,SYNTHETIC
CR001363,PH000002,8097511790,2024-11-28T02:23:01Z,837,SYNTHETIC
CR001364,PH000053,6195877470,2024-11-27T07:02:49Z,1242,SYNTHETIC
CR001365,PH000098,9851803691,2025-11-18T03:35:08Z,1474,SYNTHETIC
CR001366,PH000168,7314076479,2026-08-01T09:41:03Z,860,SYNTHETIC
CR001367,PH000432,9576202334,2025-08-17T11:13:39Z,450,SYNTHETIC
CR001368,PH000031,7544769180,2025-11-12T11:27:50Z,723,SYNTHETIC
CR001369,PH000179,9042131370,2024-04-09T18:18:47Z,1386,SYNTHETIC
CR001370,PH000427,6758971576,2025-04-21T14:49:47Z,417,SYNTHETIC
CR001371,PH000181,6443834177,2026-05-15T02:50:36Z,428,SYNTHETIC
CR001372,PH000058,9924802355,2024-08-09T09:51:35Z,269,SYNTHETIC
CR001373,PH000046,6071453174,2026-08-24T07:52:50Z,530,SYNTHETIC
CR001374,PH000428,9900003731,2026-05-09T11:09:54Z,211,SYNTHETIC
CR001375,PH000213,9536344864,2026-08-29T22:59:09Z,1782,SYNTHETIC
CR001376,PH000222,8887939308,2025-07-21T03:34:53Z,144,SYNTHETIC
CR001377,PH000107,7336089091,2024-10-11T05:17:19Z,1331,SYNTHETIC
CR001378,PH000223,8603370805,2026-05-20T20:45:04Z,909,SYNTHETIC
CR001379,PH000143,8180710203,2025-12-17T16:35:47Z,1432,SYNTHETIC
CR001380,PH000319,6752599105,2024-03-15T11:24:25Z,479,SYNTHETIC
CR001381,PH000061,8781973182,2025-08-31T08:08:06Z,194,SYNTHETIC
CR001382,PH000229,8660942447,2024-11-04T05:38:59Z,58,SYNTHETIC
CR001383,PH000047,7984464077,2026-07-19T13:22:27Z,327,SYNTHETIC
CR001384,PH000139,8271031012,2024-07-26T23:15:38Z,1687,SYNTHETIC
CR001385,PH000379,6743822713,2026-07-23T03:02:31Z,334,SYNTHETIC
CR001386,PH000009,9894133887,2025-09-10T18:35:24Z,1779,SYNTHETIC
CR001387,PH000196,7879829419,2026-05-26T16:55:39Z,156,SYNTHETIC
CR001388,PH000032,7815260768,2024-05-18T05:04:30Z,1494,SYNTHETIC
CR001389,PH000164,6156863161,2026-01-13T09:20:13Z,927,SYNTHETIC
CR001390,PH000433,9596380172,2025-12-24T06:51:36Z,1136,SYNTHETIC
CR001391,PH000241,8887939308,2025-06-10T19:03:30Z,1566,SYNTHETIC
CR001392,PH000054,7725778837,2025-07-23T04:54:32Z,118,SYNTHETIC
CR001393,PH000055,6190003790,2024-08-22T08:53:12Z,1080,SYNTHETIC
CR001394,PH000433,6554930618,2024-04-22T09:55:56Z,1291,SYNTHETIC
CR001395,PH000190,7533203028,2025-02-26T13:31:42Z,584,SYNTHETIC
CR001396,PH000221,8887939308,2025-02-21T02:45:21Z,1203,SYNTHETIC
CR001397,PH000061,8710550243,2025-03-19T22:01:48Z,654,SYNTHETIC
CR001398,PH000092,8023866353,2024-07-12T03:14:54Z,1115,SYNTHETIC
CR001399,PH000428,6127372330,2025-03-04T09:03:41Z,1745,SYNTHETIC
CR001400,PH000275,7305789426,2024-12-14T05:23:40Z,493,SYNTHETIC
CR001401,PH000074,7734655270,2026-06-19T17:42:14Z,136,SYNTHETIC
CR001402,PH000269,8957169048,2024-07-18T13:06:50Z,785,SYNTHETIC
CR001403,PH000126,8142800073,2024-07-05T16:52:32Z,1476,SYNTHETIC
CR001404,PH000282,6251826204,2025-01-22T01:57:49Z,449,SYNTHETIC
CR001405,PH000222,8644261243,2024-04-06T20:47:26Z,1006,SYNTHETIC
CR001406,PH000049,9255043206,2024-10-22T14:34:10Z,1685,SYNTHETIC
CR001407,PH000301,8190723856,2026-03-20T08:28:46Z,91,SYNTHETIC
CR001408,PH000119,8150525066,2024-11-01T14:35:06Z,1001,SYNTHETIC
CR001409,PH000210,9014280388,2026-04-19T21:05:43Z,57,SYNTHETIC
CR001410,PH000265,8961024607,2024-11-08T17:51:29Z,1246,SYNTHETIC
CR001411,PH000177,9535882832,2024-08-03T14:36:35Z,1333,SYNTHETIC
CR001412,PH000060,7678315452,2024-05-13T21:02:26Z,887,SYNTHETIC
CR001413,PH000374,8897713346,2024-09-30T02:32:38Z,252,SYNTHETIC
CR001414,PH000199,9356369014,2025-01-20T12:20:16Z,855,SYNTHETIC
CR001415,PH000032,9839654741,2025-05-27T18:35:43Z,340,SYNTHETIC
CR001416,PH000057,8181635626,2024-01-31T04:51:25Z,1344,SYNTHETIC
CR001417,PH000162,7658855498,2026-08-21T13:43:26Z,87,SYNTHETIC
CR001418,PH000325,8005338894,2024-12-03T14:40:08Z,695,SYNTHETIC
CR001419,PH000073,8268648378,2024-08-20T21:57:09Z,1097,SYNTHETIC
CR001420,PH000129,8142800073,2026-06-13T05:40:14Z,1413,SYNTHETIC
CR001421,PH000124,9492921572,2024-09-22T11:32:56Z,1074,SYNTHETIC
CR001422,PH000255,7784885474,2026-01-22T00:49:49Z,1257,SYNTHETIC
CR001423,PH000261,7288169392,2025-04-21T18:38:07Z,611,SYNTHETIC
CR001424,PH000259,9536344864,2026-01-03T04:34:24Z,1020,SYNTHETIC
CR001425,PH000325,9536344864,2024-10-15T23:47:18Z,21,SYNTHETIC
CR001426,PH000181,8290411156,2024-02-16T18:44:50Z,139,SYNTHETIC
CR001427,PH000060,8918890383,2024-06-18T01:02:47Z,456,SYNTHETIC
CR001428,PH000026,7611657175,2025-04-29T10:04:24Z,930,SYNTHETIC
CR001429,PH000235,7221163768,2025-06-09T23:21:30Z,1222,SYNTHETIC
CR001430,PH000322,6108894902,2025-06-29T06:44:22Z,813,SYNTHETIC
CR001431,PH000093,9532893694,2024-08-31T18:07:30Z,1655,SYNTHETIC
CR001432,PH000326,7441718125,2024-12-28T02:12:05Z,715,SYNTHETIC
CR001433,PH000134,6955796177,2026-01-16T05:54:14Z,970,SYNTHETIC
CR001434,PH000058,8918890383,2024-11-05T04:41:01Z,463,SYNTHETIC
CR001435,PH000265,7763744094,2025-10-25T13:49:46Z,388,SYNTHETIC
CR001436,PH000221,6539759641,2025-10-07T01:05:33Z,1373,SYNTHETIC
CR001437,PH000140,8918890383,2025-09-16T10:53:31Z,1484,SYNTHETIC
CR001438,PH000192,9356786959,2025-01-23T00:17:18Z,999,SYNTHETIC
CR001439,PH000082,9924802355,2024-01-21T15:26:07Z,1200,SYNTHETIC
CR001440,PH000306,8391233835,2026-08-18T23:20:04Z,1484,SYNTHETIC
CR001441,PH000087,9650868313,2025-05-01T02:10:22Z,630,SYNTHETIC
CR001442,PH000263,7581384555,2026-03-15T18:19:21Z,606,SYNTHETIC
CR001443,PH000095,8552362285,2024-11-29T13:45:41Z,1120,SYNTHETIC
CR001444,PH000213,8972545965,2024-03-05T02:10:15Z,1632,SYNTHETIC
CR001445,PH000303,6321124640,2024-08-08T20:49:44Z,341,SYNTHETIC
CR001446,PH000362,7217772180,2025-04-07T18:37:24Z,28,SYNTHETIC
CR001447,PH000275,7532008136,2026-06-14T21:58:41Z,1046,SYNTHETIC
CR001448,PH000057,8013720592,2024-12-21T21:48:32Z,1036,SYNTHETIC
CR001449,PH000213,7910532547,2025-04-26T21:02:41Z,854,SYNTHETIC
CR001450,PH000258,8097511790,2024-03-22T02:28:30Z,359,SYNTHETIC
CR001451,PH000202,7238414597,2024-04-22T02:20:55Z,151,SYNTHETIC
CR001452,PH000257,9303744459,2025-03-17T10:33:14Z,854,SYNTHETIC
CR001453,PH000021,7525690310,2024-08-05T11:04:04Z,1791,SYNTHETIC
CR001454,PH000177,7533203028,2026-08-30T05:10:06Z,416,SYNTHETIC
CR001455,PH000374,8321279646,2024-11-25T14:27:51Z,1087,SYNTHETIC
CR001456,PH000186,9255043206,2025-04-17T04:32:18Z,441,SYNTHETIC
CR001457,PH000163,6973558103,2024-08-02T01:55:23Z,975,SYNTHETIC
CR001458,PH000297,8162074407,2024-02-03T03:12:03Z,877,SYNTHETIC
CR001459,PH000347,8592856937,2026-05-10T12:03:26Z,80,SYNTHETIC
CR001460,PH000027,7809804539,2024-08-25T02:14:24Z,891,SYNTHETIC
CR001461,PH000350,6127372330,2024-04-07T15:39:04Z,1117,SYNTHETIC
CR001462,PH000319,8089771202,2025-12-19T19:31:47Z,1029,SYNTHETIC
CR001463,PH000333,6132524242,2025-05-13T03:42:15Z,385,SYNTHETIC
CR001464,PH000177,7533203028,2025-11-02T13:00:56Z,198,SYNTHETIC
CR001465,PH000170,7648703041,2025-12-21T00:46:31Z,1413,SYNTHETIC
CR001466,PH000124,9442286919,2026-06-01T18:29:39Z,1494,SYNTHETIC
CR001467,PH000093,6599781863,2024-10-17T01:41:57Z,1308,SYNTHETIC
CR001468,PH000188,7217772180,2025-08-04T16:09:56Z,1429,SYNTHETIC
CR001469,PH000138,9399302206,2024-05-05T10:18:01Z,1491,SYNTHETIC
CR001470,PH000147,7956122665,2024-05-25T13:21:24Z,364,SYNTHETIC
CR001471,PH000273,9862783782,2026-05-18T04:12:13Z,1059,SYNTHETIC
CR001472,PH000300,6915655993,2025-05-24T15:25:49Z,394,SYNTHETIC
CR001473,PH000173,7582430397,2026-03-02T22:41:08Z,647,SYNTHETIC
CR001474,PH000214,6559491558,2026-08-03T20:15:54Z,713,SYNTHETIC
CR001475,PH000369,7465035321,2025-03-28T13:27:32Z,1050,SYNTHETIC
CR001476,PH000071,6827028171,2024-07-02T06:37:23Z,895,SYNTHETIC
CR001477,PH000281,9014280388,2025-05-19T22:56:38Z,988,SYNTHETIC
CR001478,PH000057,8918890383,2024-03-24T14:07:48Z,1551,SYNTHETIC
CR001479,PH000021,8967161586,2024-09-08T09:12:08Z,400,SYNTHETIC
CR001480,PH000017,6605882602,2024-03-11T15:29:07Z,903,SYNTHETIC
CR001481,PH000153,9315958324,2025-10-11T12:43:09Z,946,SYNTHETIC
CR001482,PH000139,9713598720,2025-03-21T19:00:31Z,1590,SYNTHETIC
CR001483,PH000159,9089060939,2024-01-20T00:42:14Z,1145,SYNTHETIC
CR001484,PH000181,6358973718,2026-08-09T10:19:08Z,708,SYNTHETIC
CR001485,PH000133,9839654741,2026-05-25T16:34:09Z,1551,SYNTHETIC
CR001486,PH000221,8077290251,2025-06-04T05:47:18Z,380,SYNTHETIC
CR001487,PH000308,7297660245,2026-02-14T17:24:09Z,1032,SYNTHETIC
CR001488,PH000153,7623400975,2024-12-06T08:59:16Z,1491,SYNTHETIC
CR001489,PH000066,8370406819,2024-03-09T15:29:24Z,687,SYNTHETIC
CR001490,PH000023,6558294326,2024-08-24T16:23:13Z,1393,SYNTHETIC
CR001491,PH000070,7618569661,2024-06-23T19:26:41Z,1227,SYNTHETIC
CR001492,PH000299,8887939308,2024-03-18T08:43:21Z,1280,SYNTHETIC
CR001493,PH000244,6689843415,2025-10-01T00:26:58Z,1259,SYNTHETIC
CR001494,PH000171,7255481529,2024-05-15T06:23:28Z,792,SYNTHETIC
CR001495,PH000163,9647543003,2024-12-30T04:57:48Z,739,SYNTHETIC
CR001496,PH000213,7011053686,2024-11-25T23:00:38Z,97,SYNTHETIC
CR001497,PH000116,7972068975,2024-07-15T01:40:52Z,497,SYNTHETIC
CR001498,PH000184,6265117603,2025-11-24T20:50:04Z,478,SYNTHETIC
CR001499,PH000357,8548242505,2026-05-07T03:44:56Z,657,SYNTHETIC
CR001500,PH000071,9653943537,2025-03-24T07:17:52Z,524,SYNTHETIC
CR001501,PH000251,6361253010,2024-02-02T21:55:50Z,526,SYNTHETIC
CR001502,PH000232,9684391157,2024-03-28T06:02:10Z,1722,SYNTHETIC
CR001503,PH000118,9691205383,2025-01-09T16:17:16Z,1562,SYNTHETIC
CR001504,PH000266,8243325070,2026-08-30T04:38:32Z,724,SYNTHETIC
CR001505,PH000126,9906286630,2024-10-04T13:41:26Z,221,SYNTHETIC
CR001506,PH000288,9900199443,2025-10-25T01:17:25Z,1147,SYNTHETIC
CR001507,PH000390,8370406819,2024-09-05T05:25:42Z,1267,SYNTHETIC
CR001508,PH000098,6320667369,2024-10-16T20:01:15Z,153,SYNTHETIC
CR001509,PH000031,6168767956,2025-03-22T23:13:55Z,270,SYNTHETIC
CR001510,PH000373,8978424424,2025-09-29T03:27:40Z,508,SYNTHETIC
CR001511,PH000384,6752599105,2025-06-25T18:38:15Z,857,SYNTHETIC
CR001512,PH000180,9900003731,2025-09-21T05:49:15Z,616,SYNTHETIC
CR001513,PH000161,6321124640,2025-10-11T20:22:18Z,272,SYNTHETIC
CR001514,PH000152,8162074407,2025-10-18T06:33:51Z,1361,SYNTHETIC
CR001515,PH000336,8660942447,2025-09-07T12:34:54Z,1501,SYNTHETIC
CR001516,PH000017,7011053686,2025-04-25T22:37:44Z,59,SYNTHETIC
CR001517,PH000071,7231119018,2024-05-17T08:25:46Z,70,SYNTHETIC
CR001518,PH000311,7544769180,2024-03-21T13:34:02Z,231,SYNTHETIC
CR001519,PH000305,7288169392,2026-03-06T21:06:20Z,1771,SYNTHETIC
CR001520,PH000153,9960013487,2024-07-14T23:31:24Z,724,SYNTHETIC
CR001521,PH000007,7577715535,2025-01-04T08:24:28Z,182,SYNTHETIC
CR001522,PH000140,8271031012,2026-07-21T09:31:34Z,821,SYNTHETIC
CR001523,PH000213,7132365991,2026-04-26T00:29:21Z,300,SYNTHETIC
CR001524,PH000099,7972068975,2026-08-11T11:03:45Z,780,SYNTHETIC
CR001525,PH000370,8084743914,2025-06-10T08:15:52Z,1030,SYNTHETIC
CR001526,PH000140,8857245991,2025-01-17T01:19:39Z,256,SYNTHETIC
CR001527,PH000320,6495151699,2024-11-21T23:10:05Z,1283,SYNTHETIC
CR001528,PH000146,8886168045,2026-03-31T12:05:03Z,1720,SYNTHETIC
CR001529,PH000211,8270533609,2026-01-19T18:22:42Z,1253,SYNTHETIC
CR001530,PH000314,9932878900,2025-09-13T22:10:07Z,120,SYNTHETIC
CR001531,PH000100,9811757678,2026-02-10T23:05:43Z,1199,SYNTHETIC
CR001532,PH000150,9713598720,2024-11-27T07:22:47Z,1118,SYNTHETIC
CR001533,PH000296,6156863161,2025-05-10T11:18:15Z,1186,SYNTHETIC
CR001534,PH000180,7217772180,2024-05-26T18:18:58Z,1753,SYNTHETIC
CR001535,PH000229,9036959815,2025-02-07T05:03:52Z,703,SYNTHETIC
CR001536,PH000403,9309374361,2024-02-10T17:16:27Z,544,SYNTHETIC
CR001537,PH000090,7258965734,2024-10-22T17:39:14Z,735,SYNTHETIC
CR001538,PH000264,9465386972,2025-02-21T04:57:41Z,443,SYNTHETIC
CR001539,PH000247,7784885474,2024-11-06T08:01:19Z,1061,SYNTHETIC
CR001540,PH000193,6265117603,2025-02-08T07:37:05Z,1365,SYNTHETIC
CR001541,PH000030,6132790567,2025-04-16T15:06:59Z,1375,SYNTHETIC
CR001542,PH000194,8270533609,2026-08-29T05:05:42Z,697,SYNTHETIC
CR001543,PH000139,6539759641,2024-06-15T22:10:18Z,1796,SYNTHETIC
CR001544,PH000300,6204808500,2024-12-04T17:03:17Z,1208,SYNTHETIC
CR001545,PH000258,9335770429,2025-11-06T06:30:55Z,1680,SYNTHETIC
CR001546,PH000279,9960013487,2026-03-19T03:55:44Z,586,SYNTHETIC
CR001547,PH000212,7918035040,2025-11-25T23:24:03Z,1496,SYNTHETIC
CR001548,PH000010,7172381178,2025-05-26T04:08:05Z,244,SYNTHETIC
CR001549,PH000194,8270533609,2025-07-07T12:05:47Z,1508,SYNTHETIC
CR001550,PH000395,7637402569,2025-06-17T18:08:21Z,1704,SYNTHETIC
CR001551,PH000150,9094054783,2024-02-07T04:11:19Z,24,SYNTHETIC
CR001552,PH000097,7253437729,2024-03-08T01:12:20Z,1088,SYNTHETIC
CR001553,PH000212,7611657175,2026-02-18T19:08:04Z,1571,SYNTHETIC
CR001554,PH000139,9254490898,2024-10-11T04:17:47Z,1519,SYNTHETIC
CR001555,PH000026,8608283898,2025-10-28T13:11:43Z,579,SYNTHETIC
CR001556,PH000353,7879654298,2025-12-09T02:07:02Z,1410,SYNTHETIC
CR001557,PH000085,7130527820,2025-06-04T12:56:30Z,478,SYNTHETIC
CR001558,PH000230,9536344864,2024-09-07T07:56:15Z,1416,SYNTHETIC
CR001559,PH000066,6752599105,2025-12-16T23:01:59Z,1115,SYNTHETIC
CR001560,PH000305,8154760278,2026-02-08T17:55:07Z,660,SYNTHETIC
CR001561,PH000099,7668675368,2026-02-12T02:16:13Z,598,SYNTHETIC
CR001562,PH000030,7611657175,2025-10-23T08:29:53Z,1738,SYNTHETIC
CR001563,PH000042,8157900623,2025-09-02T16:11:53Z,1562,SYNTHETIC
CR001564,PH000286,7809804539,2025-08-13T07:02:08Z,62,SYNTHETIC
CR001565,PH000317,7734655270,2024-11-22T04:53:54Z,1388,SYNTHETIC
CR001566,PH000057,8089771202,2024-07-19T21:22:31Z,184,SYNTHETIC
CR001567,PH000429,8426957236,2025-09-04T12:01:51Z,1503,SYNTHETIC
CR001568,PH000193,9042131370,2025-07-01T09:08:25Z,1456,SYNTHETIC
CR001569,PH000162,8938124668,2024-05-10T19:33:21Z,546,SYNTHETIC
CR001570,PH000241,7221163768,2024-01-15T22:49:45Z,1579,SYNTHETIC
CR001571,PH000134,9294296673,2025-03-08T22:09:26Z,446,SYNTHETIC
CR001572,PH000009,7737352525,2026-01-21T07:58:34Z,455,SYNTHETIC
CR001573,PH000207,9014280388,2026-05-11T00:31:44Z,1018,SYNTHETIC
CR001574,PH000353,9691205383,2024-07-01T07:33:14Z,925,SYNTHETIC
CR001575,PH000290,8938124668,2024-02-09T00:39:10Z,17,SYNTHETIC
CR001576,PH000159,8162074407,2026-05-27T17:46:56Z,292,SYNTHETIC
CR001577,PH000179,9255043206,2024-07-19T20:22:01Z,143,SYNTHETIC
CR001578,PH000242,9668122365,2024-07-30T06:16:03Z,75,SYNTHETIC
CR001579,PH000021,7797838768,2026-04-04T20:17:20Z,1268,SYNTHETIC
CR001580,PH000168,7314076479,2025-04-11T12:43:31Z,729,SYNTHETIC
CR001581,PH000359,8241607150,2025-08-27T09:04:09Z,348,SYNTHETIC
CR001582,PH000067,7576352153,2026-08-15T18:36:35Z,35,SYNTHETIC
CR001583,PH000212,6539759641,2025-11-05T19:59:39Z,147,SYNTHETIC
CR001584,PH000013,6696806784,2024-11-11T20:18:33Z,216,SYNTHETIC
CR001585,PH000196,8088501498,2024-12-15T07:19:45Z,1113,SYNTHETIC
CR001586,PH000060,9313593536,2026-06-05T21:24:45Z,1494,SYNTHETIC
CR001587,PH000160,8435478441,2026-02-17T18:30:47Z,1305,SYNTHETIC
CR001588,PH000341,8699936313,2026-06-25T19:16:26Z,192,SYNTHETIC
CR001589,PH000428,8551248250,2025-12-03T12:06:10Z,314,SYNTHETIC
CR001590,PH000001,8097511790,2025-05-03T14:45:51Z,924,SYNTHETIC
CR001591,PH000429,8706527532,2024-01-30T12:46:45Z,1625,SYNTHETIC
CR001592,PH000252,8715779192,2024-12-03T06:33:54Z,1172,SYNTHETIC
CR001593,PH000077,6743822713,2025-09-05T18:33:15Z,24,SYNTHETIC
CR001594,PH000210,6687323011,2025-11-04T12:29:30Z,1629,SYNTHETIC
CR001595,PH000244,8698603119,2024-12-30T04:10:12Z,141,SYNTHETIC
CR001596,PH000056,6071453174,2024-01-09T00:33:55Z,844,SYNTHETIC
CR001597,PH000047,7668675368,2025-03-02T08:38:51Z,835,SYNTHETIC
CR001598,PH000168,7557621965,2024-01-19T04:42:48Z,869,SYNTHETIC
CR001599,PH000176,9255043206,2025-01-13T04:34:55Z,336,SYNTHETIC
CR001600,PH000125,8777496700,2024-12-30T14:55:42Z,86,SYNTHETIC
CR001601,PH000031,7897036482,2026-07-06T15:18:43Z,369,SYNTHETIC
CR001602,PH000026,6558294326,2024-11-30T21:12:41Z,100,SYNTHETIC
CR001603,PH000428,6251826204,2025-05-13T02:56:42Z,111,SYNTHETIC
CR001604,PH000372,8165961757,2025-04-21T10:09:43Z,251,SYNTHETIC
CR001605,PH000181,6714071061,2025-09-07T20:15:50Z,934,SYNTHETIC
CR001606,PH000103,9900003731,2024-07-19T06:55:40Z,918,SYNTHETIC
CR001607,PH000060,8161743180,2025-02-08T17:06:21Z,60,SYNTHETIC
CR001608,PH000317,7562748923,2024-08-09T19:07:15Z,1009,SYNTHETIC
CR001609,PH000168,8787712955,2026-06-25T16:40:35Z,1180,SYNTHETIC
CR001610,PH000146,8180710203,2024-05-05T04:41:14Z,205,SYNTHETIC
CR001611,PH000002,6132790567,2024-04-03T04:24:03Z,825,SYNTHETIC
CR001612,PH000067,6338583094,2025-04-15T13:53:42Z,1789,SYNTHETIC
CR001613,PH000128,9399302206,2024-05-28T00:42:45Z,165,SYNTHETIC
CR001614,PH000126,7344312289,2025-07-01T03:41:10Z,41,SYNTHETIC
CR001615,PH000092,8499200903,2025-08-30T23:30:00Z,1790,SYNTHETIC
CR001616,PH000097,9839654741,2025-10-28T16:25:45Z,993,SYNTHETIC
CR001617,PH000047,6217485870,2024-12-16T05:54:51Z,1381,SYNTHETIC
CR001618,PH000071,6659111855,2026-08-19T11:20:43Z,1481,SYNTHETIC
CR001619,PH000060,8316813853,2026-07-25T00:13:50Z,380,SYNTHETIC
CR001620,PH000170,9089060939,2025-04-01T20:18:33Z,1334,SYNTHETIC
CR001621,PH000102,8453016278,2024-11-24T10:28:13Z,847,SYNTHETIC
CR001622,PH000145,8886168045,2025-02-04T23:58:09Z,1122,SYNTHETIC
CR001623,PH000125,9946560538,2024-03-05T14:37:48Z,507,SYNTHETIC
CR001624,PH000284,7344312289,2024-06-11T14:42:32Z,1011,SYNTHETIC
CR001625,PH000135,9568082909,2025-05-04T20:02:29Z,1612,SYNTHETIC
CR001626,PH000267,8603370805,2024-04-29T22:48:25Z,64,SYNTHETIC
CR001627,PH000140,7540931288,2025-01-20T09:46:48Z,142,SYNTHETIC
CR001628,PH000194,8088501498,2024-12-19T02:47:39Z,667,SYNTHETIC
CR001629,PH000181,8279853154,2025-05-16T04:56:06Z,574,SYNTHETIC
CR001630,PH000065,8918890383,2024-08-31T16:10:07Z,188,SYNTHETIC
CR001631,PH000126,6063189515,2026-05-15T23:14:06Z,1244,SYNTHETIC
CR001632,PH000103,7156040040,2024-07-02T22:04:36Z,106,SYNTHETIC
CR001633,PH000297,7533203028,2024-06-09T10:00:38Z,1783,SYNTHETIC
CR001634,PH000179,9429713771,2025-08-25T09:07:07Z,1646,SYNTHETIC
CR001635,PH000304,6539759641,2026-07-23T05:56:14Z,1206,SYNTHETIC
CR001636,PH000173,8948036684,2025-02-22T21:22:12Z,729,SYNTHETIC
CR001637,PH000153,7314076479,2024-03-22T17:33:48Z,1225,SYNTHETIC
CR001638,PH000355,8161743180,2024-06-05T03:05:00Z,621,SYNTHETIC
CR001639,PH000268,7132365991,2024-01-19T05:31:13Z,230,SYNTHETIC
CR001640,PH000139,6361253010,2026-02-04T18:05:56Z,1051,SYNTHETIC
CR001641,PH000258,6111815830,2025-09-20T18:26:28Z,1620,SYNTHETIC
CR001642,PH000363,8135685162,2025-11-30T21:56:58Z,926,SYNTHETIC
CR001643,PH000068,7934074467,2026-01-18T04:29:46Z,1202,SYNTHETIC
CR001644,PH000023,9484418060,2025-02-16T07:04:41Z,728,SYNTHETIC
CR001645,PH000055,8198184056,2025-03-15T16:41:15Z,1076,SYNTHETIC
CR001646,PH000119,7115499146,2026-03-12T22:37:06Z,1696,SYNTHETIC
CR001647,PH000098,9532893694,2024-10-22T14:24:47Z,28,SYNTHETIC
CR001648,PH000027,7815260768,2025-11-20T15:23:35Z,881,SYNTHETIC
CR001649,PH000125,9492921572,2024-01-02T00:47:13Z,680,SYNTHETIC
CR001650,PH000048,6217485870,2026-03-10T06:01:37Z,1026,SYNTHETIC
CR001651,PH000305,7822843406,2025-12-25T02:21:23Z,48,SYNTHETIC
CR001652,PH000178,7533203028,2024-03-25T11:09:16Z,1148,SYNTHETIC
CR001653,PH000337,8809755527,2024-06-23T05:41:26Z,1087,SYNTHETIC
CR001654,PH000368,6659111855,2025-10-06T05:51:58Z,1386,SYNTHETIC
CR001655,PH000148,7011053686,2025-02-23T15:31:41Z,1318,SYNTHETIC
CR001656,PH000019,8967161586,2024-07-13T16:57:46Z,1348,SYNTHETIC
CR001657,PH000342,7238414597,2024-01-04T23:54:16Z,215,SYNTHETIC
CR001658,PH000061,9880201084,2025-11-06T04:44:08Z,260,SYNTHETIC
CR001659,PH000343,7221163768,2026-04-27T06:15:35Z,1428,SYNTHETIC
CR001660,PH000040,8398704504,2025-05-05T15:18:29Z,412,SYNTHETIC
CR001661,PH000423,8989453069,2024-04-18T14:23:27Z,672,SYNTHETIC
CR001662,PH000283,7717343772,2024-02-03T19:48:33Z,57,SYNTHETIC
CR001663,PH000176,6204808500,2025-12-05T20:04:08Z,644,SYNTHETIC
CR001664,PH000227,8449996340,2025-03-28T12:33:35Z,574,SYNTHETIC
CR001665,PH000061,6532385350,2025-11-17T14:20:47Z,269,SYNTHETIC
CR001666,PH000192,8809755527,2024-01-07T03:49:07Z,599,SYNTHETIC
CR001667,PH000180,7533203028,2024-05-17T03:26:26Z,823,SYNTHETIC
CR001668,PH000047,6293151163,2025-09-08T05:08:20Z,916,SYNTHETIC
CR001669,PH000120,6251826204,2024-09-17T13:22:59Z,598,SYNTHETIC
CR001670,PH000426,6217485870,2025-10-07T03:48:34Z,913,SYNTHETIC
CR001671,PH000104,9532893694,2026-08-28T21:49:07Z,1369,SYNTHETIC
CR001672,PH000135,7867422801,2026-08-18T19:31:03Z,1233,SYNTHETIC
CR001673,PH000030,7809804539,2025-07-25T06:32:26Z,1736,SYNTHETIC
CR001674,PH000164,9089060939,2024-01-03T13:38:18Z,101,SYNTHETIC
CR001675,PH000375,6243896565,2025-06-24T16:46:49Z,763,SYNTHETIC
CR001676,PH000281,8284150710,2024-11-24T09:57:39Z,944,SYNTHETIC
CR001677,PH000159,9694731843,2025-06-27T19:00:38Z,134,SYNTHETIC
CR001678,PH000049,6195877470,2026-06-22T13:26:43Z,1511,SYNTHETIC
CR001679,PH000067,7734655270,2026-08-07T17:16:05Z,1460,SYNTHETIC
CR001680,PH000114,7972068975,2026-07-21T10:48:06Z,1451,SYNTHETIC
CR001681,PH000073,7934074467,2025-05-24T11:57:30Z,1694,SYNTHETIC
CR001682,PH000058,8181635626,2026-01-02T18:43:52Z,109,SYNTHETIC
CR001683,PH000022,8089771202,2025-09-08T23:03:40Z,458,SYNTHETIC
CR001684,PH000032,8486748501,2026-06-14T13:40:54Z,1397,SYNTHETIC
CR001685,PH000202,9839654741,2025-04-30T21:03:35Z,1430,SYNTHETIC
CR001686,PH000145,7230074257,2024-07-20T20:10:10Z,398,SYNTHETIC
CR001687,PH000220,6835630773,2026-04-11T16:25:03Z,959,SYNTHETIC
CR001688,PH000254,9089060939,2024-10-06T17:55:50Z,1505,SYNTHETIC
CR001689,PH000156,6796307193,2024-05-28T18:29:54Z,67,SYNTHETIC
CR001690,PH000195,9014280388,2025-03-09T03:40:59Z,508,SYNTHETIC
CR001691,PH000400,8425389483,2026-01-03T16:51:24Z,910,SYNTHETIC
CR001692,PH000054,7766033633,2024-04-28T05:08:41Z,1746,SYNTHETIC
CR001693,PH000126,6955796177,2026-05-24T05:52:07Z,1491,SYNTHETIC
CR001694,PH000288,6022608653,2025-03-31T06:34:57Z,1178,SYNTHETIC
CR001695,PH000348,7465035321,2024-06-14T15:43:50Z,1790,SYNTHETIC
CR001696,PH000328,8767233357,2025-06-13T11:54:33Z,1781,SYNTHETIC
CR001697,PH000425,7533203028,2026-07-10T16:01:22Z,1170,SYNTHETIC
CR001698,PH000432,8391233835,2026-06-29T17:19:32Z,605,SYNTHETIC
CR001699,PH000020,6127416934,2025-05-18T05:08:46Z,1632,SYNTHETIC
CR001700,PH000182,8190723856,2025-12-10T03:59:07Z,712,SYNTHETIC
CR001701,PH000240,7457983776,2026-02-21T17:44:06Z,582,SYNTHETIC
CR001702,PH000244,7465035321,2024-03-22T06:03:59Z,378,SYNTHETIC
CR001703,PH000048,7914577741,2024-05-31T15:42:29Z,1704,SYNTHETIC
CR001704,PH000400,6796307193,2024-06-15T06:38:21Z,337,SYNTHETIC
CR001705,PH000282,6190003790,2024-04-12T16:09:18Z,24,SYNTHETIC
CR001706,PH000110,9839654741,2024-12-20T00:16:40Z,674,SYNTHETIC
CR001707,PH000264,7582430397,2025-12-19T23:58:10Z,605,SYNTHETIC
CR001708,PH000177,9535882832,2025-12-26T07:36:42Z,1264,SYNTHETIC
CR001709,PH000143,8857245991,2024-10-27T13:23:18Z,25,SYNTHETIC
CR001710,PH000353,6127416934,2025-08-07T21:00:41Z,726,SYNTHETIC
CR001711,PH000190,9042131370,2026-02-09T05:31:39Z,276,SYNTHETIC
CR001712,PH000026,7544769180,2024-12-28T06:31:05Z,459,SYNTHETIC
CR001713,PH000249,6689843415,2025-04-13T00:32:35Z,1411,SYNTHETIC
CR001714,PH000260,7207130333,2026-02-24T01:04:59Z,27,SYNTHETIC
CR001715,PH000119,7411865377,2026-02-18T15:43:51Z,217,SYNTHETIC
CR001716,PH000091,7972068975,2025-01-11T14:34:36Z,28,SYNTHETIC
CR001717,PH000244,8715779192,2025-02-10T17:10:33Z,1200,SYNTHETIC
CR001718,PH000100,8453016278,2024-07-29T08:17:01Z,73,SYNTHETIC
CR001719,PH000010,7427453318,2025-09-27T09:59:28Z,591,SYNTHETIC
CR001720,PH000228,8887939308,2026-02-17T05:07:30Z,334,SYNTHETIC
CR001721,PH000425,7579818065,2024-12-29T16:24:44Z,1281,SYNTHETIC
CR001722,PH000325,6720268820,2024-10-23T17:19:14Z,781,SYNTHETIC
CR001723,PH000179,9436002668,2026-01-12T16:24:07Z,1249,SYNTHETIC
CR001724,PH000007,7737352525,2025-05-24T02:17:13Z,121,SYNTHETIC
CR001725,PH000001,7110918028,2024-04-18T09:58:21Z,928,SYNTHETIC
CR001726,PH000048,7668675368,2024-08-19T00:51:32Z,770,SYNTHETIC
CR001727,PH000365,9932878900,2025-02-13T10:23:18Z,1579,SYNTHETIC
CR001728,PH000066,8918890383,2024-01-27T17:57:12Z,1426,SYNTHETIC
CR001729,PH000098,7879654298,2026-02-11T05:13:09Z,1369,SYNTHETIC
CR001730,PH000366,9130664090,2024-05-26T20:31:02Z,167,SYNTHETIC
CR001731,PH000159,9074715187,2026-05-08T01:24:10Z,1556,SYNTHETIC
CR001732,PH000426,9694731843,2024-08-31T05:28:01Z,1397,SYNTHETIC
CR001733,PH000398,8432514610,2025-10-04T17:08:17Z,1530,SYNTHETIC
CR001734,PH000098,8548242505,2024-08-16T09:42:56Z,1261,SYNTHETIC
CR001735,PH000349,9014280388,2024-09-22T23:43:11Z,1591,SYNTHETIC
CR001736,PH000433,9899040818,2025-06-06T04:11:28Z,1551,SYNTHETIC
CR001737,PH000371,9900199443,2025-12-02T07:18:32Z,55,SYNTHETIC
CR001738,PH000139,9713598720,2026-05-02T08:30:01Z,1145,SYNTHETIC
CR001739,PH000048,6758971576,2024-09-23T00:18:30Z,1104,SYNTHETIC
CR001740,PH000033,6168767956,2024-12-04T09:09:31Z,584,SYNTHETIC
CR001741,PH000354,7809804539,2024-11-13T03:12:04Z,199,SYNTHETIC
CR001742,PH000147,8886168045,2026-08-30T08:24:47Z,1334,SYNTHETIC
CR001743,PH000233,6539759641,2025-01-20T17:46:34Z,1761,SYNTHETIC
CR001744,PH000128,9335770429,2024-03-31T00:56:16Z,740,SYNTHETIC
CR001745,PH000073,8545563411,2025-01-31T21:00:22Z,550,SYNTHETIC
CR001746,PH000018,8967161586,2024-02-10T21:09:43Z,1341,SYNTHETIC
CR001747,PH000248,8715779192,2025-07-11T19:41:51Z,1615,SYNTHETIC
CR001748,PH000051,9687078138,2025-07-25T21:23:08Z,1653,SYNTHETIC
CR001749,PH000302,9294296673,2026-08-16T17:16:37Z,444,SYNTHETIC
CR001750,PH000423,6581974837,2026-02-20T12:57:46Z,780,SYNTHETIC
CR001751,PH000250,6689843415,2024-07-07T16:02:33Z,867,SYNTHETIC
CR001752,PH000205,6405712160,2024-03-16T23:02:18Z,116,SYNTHETIC
CR001753,PH000235,9536344864,2024-12-03T04:50:21Z,1175,SYNTHETIC
CR001754,PH000311,7540931288,2025-02-02T20:38:14Z,1714,SYNTHETIC
CR001755,PH000162,9305462359,2025-09-12T03:57:36Z,1202,SYNTHETIC
CR001756,PH000274,8181635626,2024-02-28T17:20:50Z,597,SYNTHETIC
CR001757,PH000113,7972068975,2024-01-26T05:47:25Z,24,SYNTHETIC
CR001758,PH000094,9228977611,2024-10-11T11:21:32Z,866,SYNTHETIC
CR001759,PH000139,9303744459,2025-07-23T21:39:12Z,1097,SYNTHETIC
CR001760,PH000066,7565379443,2026-06-18T21:39:21Z,771,SYNTHETIC
CR001761,PH000012,9628067806,2026-06-09T03:30:50Z,819,SYNTHETIC
CR001762,PH000428,8168564407,2025-01-11T11:45:56Z,323,SYNTHETIC
CR001763,PH000073,8268648378,2026-04-04T08:09:48Z,52,SYNTHETIC
CR001764,PH000043,7734655270,2025-09-23T22:46:03Z,31,SYNTHETIC
CR001765,PH000146,8271031012,2026-08-26T23:24:46Z,605,SYNTHETIC
CR001766,PH000194,6687323011,2024-08-05T13:40:53Z,1334,SYNTHETIC
CR001767,PH000042,7725778837,2025-03-17T21:47:52Z,705,SYNTHETIC
CR001768,PH000014,8638857793,2026-07-03T22:17:32Z,1618,SYNTHETIC
CR001769,PH000177,6265117603,2025-12-30T07:35:28Z,1526,SYNTHETIC
CR001770,PH000335,9083422436,2024-10-17T16:07:35Z,161,SYNTHETIC
CR001771,PH000208,7238414597,2024-03-11T03:02:15Z,1390,SYNTHETIC
CR001772,PH000355,7465035321,2026-01-12T19:26:27Z,104,SYNTHETIC
CR001773,PH000051,7115499146,2026-01-31T03:00:24Z,1032,SYNTHETIC
CR001774,PH000020,6695122165,2024-04-06T00:53:08Z,1583,SYNTHETIC
CR001775,PH000429,7107753491,2025-01-15T14:51:16Z,1589,SYNTHETIC
CR001776,PH000360,8644261243,2024-11-30T01:14:52Z,816,SYNTHETIC
CR001777,PH000103,8167364908,2024-07-05T23:02:14Z,402,SYNTHETIC
CR001778,PH000291,9125637078,2026-07-28T04:31:35Z,889,SYNTHETIC
CR001779,PH000146,7011053686,2026-03-07T07:42:48Z,262,SYNTHETIC
CR001780,PH000097,8552362285,2025-06-21T10:36:54Z,328,SYNTHETIC
CR001781,PH000140,7028483582,2025-02-11T13:39:50Z,1084,SYNTHETIC
CR001782,PH000181,8053366265,2025-08-26T10:47:38Z,1800,SYNTHETIC
CR001783,PH000339,6225565384,2026-07-09T13:46:52Z,1398,SYNTHETIC
CR001784,PH000123,6968057838,2026-08-22T01:58:51Z,850,SYNTHETIC
CR001785,PH000187,6022608653,2026-01-15T17:05:18Z,1513,SYNTHETIC
CR001786,PH000248,7292849034,2024-12-22T15:59:18Z,221,SYNTHETIC
CR001787,PH000125,6353905439,2026-05-30T14:03:47Z,1696,SYNTHETIC
CR001788,PH000030,6111815830,2026-03-22T17:09:36Z,980,SYNTHETIC
CR001789,PH000295,8592856937,2026-01-11T20:47:35Z,1535,SYNTHETIC
CR001790,PH000113,7972068975,2025-05-08T19:46:51Z,1550,SYNTHETIC
CR001791,PH000236,8449996340,2024-07-22T12:04:42Z,1208,SYNTHETIC
CR001792,PH000032,6628914936,2025-02-27T11:16:45Z,279,SYNTHETIC
CR001793,PH000312,9356786959,2025-07-13T01:22:52Z,1314,SYNTHETIC
CR001794,PH000100,9682643107,2025-06-20T09:09:51Z,103,SYNTHETIC
CR001795,PH000049,6190003790,2026-08-22T21:40:37Z,429,SYNTHETIC
CR001796,PH000072,9650868313,2024-12-02T21:42:04Z,219,SYNTHETIC
CR001797,PH000009,7043133576,2024-08-13T22:37:40Z,1541,SYNTHETIC
CR001798,PH000227,6835630773,2025-12-23T13:41:47Z,241,SYNTHETIC
CR001799,PH000177,8715924397,2025-11-23T23:57:03Z,737,SYNTHETIC
CR001800,PH000162,7142034908,2024-02-15T05:36:56Z,930,SYNTHETIC
CR001801,PH000164,8836745174,2025-12-26T21:16:04Z,1463,SYNTHETIC
CR001802,PH000027,7613734359,2026-04-11T12:41:40Z,1799,SYNTHETIC
CR001803,PH000287,7255481529,2024-12-03T14:03:21Z,1072,SYNTHETIC
CR001804,PH000049,7512096552,2025-06-19T08:35:11Z,1056,SYNTHETIC
CR001805,PH000143,8005338894,2024-11-07T02:40:06Z,378,SYNTHETIC
CR001806,PH000037,7357632726,2024-07-04T08:28:03Z,672,SYNTHETIC
CR001807,PH000243,6844668450,2026-01-22T07:05:53Z,1241,SYNTHETIC
CR001808,PH000166,7255481529,2025-07-16T09:49:34Z,74,SYNTHETIC
CR001809,PH000318,7173078565,2026-03-12T00:14:17Z,1057,SYNTHETIC
CR001810,PH000060,7809279504,2026-08-08T15:25:06Z,415,SYNTHETIC
CR001811,PH000042,6147465527,2024-01-02T22:06:40Z,1526,SYNTHETIC
CR001812,PH000336,6623573170,2024-02-25T11:28:33Z,1461,SYNTHETIC
CR001813,PH000194,7238414597,2024-05-29T01:55:20Z,1788,SYNTHETIC
CR001814,PH000185,6022608653,2025-02-26T09:40:06Z,1640,SYNTHETIC
CR001815,PH000100,9811757678,2025-12-08T14:30:17Z,1733,SYNTHETIC
CR001816,PH000049,9694731843,2026-01-16T15:39:50Z,554,SYNTHETIC
CR001817,PH000220,8763734315,2024-08-13T07:06:32Z,783,SYNTHETIC
CR001818,PH000178,6204808500,2024-03-18T00:19:20Z,1273,SYNTHETIC
CR001819,PH000252,8715779192,2025-10-04T21:16:12Z,677,SYNTHETIC
CR001820,PH000040,6111815830,2026-07-19T14:31:21Z,402,SYNTHETIC
CR001821,PH000119,8887939308,2026-05-03T02:04:43Z,683,SYNTHETIC
CR001822,PH000085,8225785814,2026-04-16T08:57:25Z,208,SYNTHETIC
CR001823,PH000105,8552362285,2024-04-16T00:45:07Z,766,SYNTHETIC
CR001824,PH000181,6443834177,2024-10-29T04:21:02Z,1230,SYNTHETIC
CR001825,PH000184,9356786959,2026-07-06T13:09:39Z,830,SYNTHETIC
CR001826,PH000194,8088501498,2025-05-20T04:05:53Z,1524,SYNTHETIC
CR001827,PH000195,8005338894,2025-05-24T10:45:22Z,148,SYNTHETIC
CR001828,PH000302,7734655270,2024-06-03T00:43:56Z,1086,SYNTHETIC
CR001829,PH000138,9399302206,2024-03-04T06:44:48Z,1008,SYNTHETIC
CR001830,PH000207,7260213818,2024-05-20T14:06:35Z,1491,SYNTHETIC
CR001831,PH000076,9832551508,2024-01-10T21:13:07Z,1466,SYNTHETIC
CR001832,PH000073,7934074467,2026-07-03T07:01:42Z,1731,SYNTHETIC
CR001833,PH000091,9682643107,2024-11-06T18:49:56Z,1023,SYNTHETIC
CR001834,PH000124,6880738831,2024-05-05T15:17:18Z,1778,SYNTHETIC
CR001835,PH000040,9273755803,2025-12-03T08:06:54Z,1340,SYNTHETIC
CR001836,PH000058,7934074467,2024-05-04T08:33:13Z,1025,SYNTHETIC
CR001837,PH000230,7217772180,2025-03-10T01:35:19Z,648,SYNTHETIC
CR001838,PH000073,6277323525,2025-11-12T17:57:12Z,1420,SYNTHETIC
CR001839,PH000334,6826378799,2026-03-28T10:02:15Z,1603,SYNTHETIC
CR001840,PH000110,9900003731,2026-07-22T19:58:41Z,1074,SYNTHETIC
CR001841,PH000253,9655929398,2025-05-29T04:05:42Z,1736,SYNTHETIC
CR001842,PH000213,7804141328,2024-04-27T07:38:52Z,767,SYNTHETIC
CR001843,PH000126,9517402494,2025-06-04T18:03:52Z,581,SYNTHETIC
CR001844,PH000230,6835630773,2024-03-09T19:21:32Z,615,SYNTHETIC
CR001845,PH000225,8115251101,2024-12-03T01:56:39Z,1380,SYNTHETIC
CR001846,PH000365,8450637878,2025-10-13T22:28:19Z,557,SYNTHETIC
CR001847,PH000099,6257642523,2024-12-24T12:39:16Z,1706,SYNTHETIC
CR001848,PH000257,9166779843,2026-05-21T19:49:47Z,1559,SYNTHETIC
CR001849,PH000031,7815260768,2024-02-13T20:10:43Z,891,SYNTHETIC
CR001850,PH000186,7008343533,2026-08-25T08:56:17Z,109,SYNTHETIC
CR001851,PH000174,9141035574,2025-06-07T22:40:02Z,989,SYNTHETIC
CR001852,PH000221,8763734315,2026-08-30T05:57:03Z,1452,SYNTHETIC
CR001853,PH000047,9773438064,2024-07-28T18:57:38Z,1506,SYNTHETIC
CR001854,PH000282,8918890383,2025-12-05T23:40:51Z,223,SYNTHETIC
CR001855,PH000314,6659798467,2025-10-03T05:52:56Z,1428,SYNTHETIC
CR001856,PH000135,8070328730,2024-10-24T19:46:41Z,1359,SYNTHETIC
CR001857,PH000143,6784863432,2024-11-10T07:01:28Z,1107,SYNTHETIC
CR001858,PH000058,8089771202,2026-04-03T15:08:38Z,589,SYNTHETIC
CR001859,PH000179,9576202334,2026-04-28T22:13:11Z,1015,SYNTHETIC
CR001860,PH000216,6559491558,2025-08-14T21:35:00Z,605,SYNTHETIC
CR001861,PH000042,7668675368,2026-03-10T11:07:32Z,1451,SYNTHETIC
CR001862,PH000194,6311243799,2025-05-09T22:37:41Z,1190,SYNTHETIC
CR001863,PH000032,8608283898,2026-04-03T00:47:31Z,1729,SYNTHETIC
CR001864,PH000356,8990851610,2026-03-23T22:08:36Z,374,SYNTHETIC
CR001865,PH000191,8198073320,2024-05-31T23:43:59Z,1789,SYNTHETIC
CR001866,PH000143,7944943510,2025-05-10T02:24:16Z,203,SYNTHETIC
CR001867,PH000197,8088501498,2024-09-03T21:14:12Z,826,SYNTHETIC
CR001868,PH000423,7059486327,2025-03-16T14:21:29Z,1539,SYNTHETIC
CR001869,PH000009,6132790567,2024-04-25T09:27:56Z,115,SYNTHETIC
CR001870,PH000096,7258965734,2024-04-20T03:41:55Z,182,SYNTHETIC
CR001871,PH000124,8815864354,2024-12-17T02:02:25Z,1544,SYNTHETIC
CR001872,PH000233,6659798467,2026-04-04T07:23:27Z,794,SYNTHETIC
CR001873,PH000171,9074715187,2024-11-09T11:28:53Z,1707,SYNTHETIC
CR001874,PH000181,8460253107,2026-07-02T12:25:56Z,1528,SYNTHETIC
CR001875,PH000428,7029480386,2025-07-30T00:38:47Z,203,SYNTHETIC
CR001876,PH000370,7804141328,2026-06-03T08:44:29Z,880,SYNTHETIC
CR001877,PH000220,6844668450,2025-11-07T12:49:15Z,1291,SYNTHETIC
CR001878,PH000363,7725778837,2026-04-18T07:38:20Z,698,SYNTHETIC
CR001879,PH000123,6552931918,2025-10-07T18:31:50Z,590,SYNTHETIC
CR001880,PH000073,8084743914,2026-03-22T11:58:41Z,300,SYNTHETIC
CR001881,PH000006,7782048943,2026-06-08T20:48:17Z,565,SYNTHETIC
CR001882,PH000025,6132790567,2026-06-04T07:57:42Z,1092,SYNTHETIC
CR001883,PH000037,8364578784,2025-06-04T18:53:26Z,231,SYNTHETIC
CR001884,PH000328,9694731843,2025-09-19T17:03:16Z,617,SYNTHETIC
CR001885,PH000195,6405712160,2024-08-13T15:52:04Z,488,SYNTHETIC
CR001886,PH000429,7411865377,2025-06-15T10:15:51Z,1129,SYNTHETIC
CR001887,PH000212,6685017796,2026-04-23T00:21:28Z,992,SYNTHETIC
CR001888,PH000065,8161743180,2025-06-22T18:06:56Z,990,SYNTHETIC
CR001889,PH000113,8878002896,2025-05-31T11:06:48Z,1722,SYNTHETIC
CR001890,PH000185,8279853154,2024-10-25T02:23:28Z,208,SYNTHETIC
CR001891,PH000433,7804141328,2025-12-28T07:21:21Z,1412,SYNTHETIC
CR001892,PH000249,7819081764,2025-08-20T10:38:42Z,176,SYNTHETIC
CR001893,PH000266,7972068975,2024-03-21T21:19:45Z,321,SYNTHETIC
CR001894,PH000095,7258965734,2024-02-11T00:12:39Z,550,SYNTHETIC
CR001895,PH000090,6127372330,2026-06-20T14:47:31Z,826,SYNTHETIC
CR001896,PH000066,7934074467,2024-12-10T13:02:29Z,1599,SYNTHETIC
CR001897,PH000234,9795135550,2024-11-14T20:23:56Z,1138,SYNTHETIC
CR001898,PH000318,6217485870,2026-02-08T18:11:33Z,1483,SYNTHETIC
CR001899,PH000324,7668675368,2026-07-25T23:25:14Z,349,SYNTHETIC
CR001900,PH000179,9980383593,2025-12-25T11:10:32Z,1109,SYNTHETIC
CR001901,PH000161,8938124668,2024-01-14T05:57:57Z,1410,SYNTHETIC
CR001902,PH000150,8886168045,2026-07-11T17:08:26Z,1236,SYNTHETIC
CR001903,PH000078,7087127937,2025-08-24T07:53:33Z,1159,SYNTHETIC
CR001904,PH000030,9568082909,2026-05-28T22:20:54Z,1460,SYNTHETIC
CR001905,PH000126,9399302206,2025-08-21T19:11:33Z,1670,SYNTHETIC
CR001906,PH000191,8190723856,2025-08-29T17:58:25Z,1059,SYNTHETIC
CR001907,PH000001,6132790567,2026-06-23T01:48:26Z,1666,SYNTHETIC
CR001908,PH000184,6321124640,2025-06-13T18:00:12Z,1237,SYNTHETIC
CR001909,PH000119,8453016278,2024-04-17T05:14:37Z,418,SYNTHETIC
CR001910,PH000312,9010429610,2026-07-30T21:12:50Z,909,SYNTHETIC
CR001911,PH000013,6132790567,2025-10-30T17:07:36Z,333,SYNTHETIC
CR001912,PH000432,8824391654,2025-08-03T17:26:06Z,747,SYNTHETIC
CR001913,PH000090,8168564407,2024-07-21T09:19:30Z,265,SYNTHETIC
CR001914,PH000277,6955796177,2026-02-16T07:18:16Z,91,SYNTHETIC
CR001915,PH000203,7260213818,2025-04-11T21:09:48Z,1018,SYNTHETIC
CR001916,PH000422,7651318203,2024-05-31T11:48:23Z,863,SYNTHETIC
CR001917,PH000230,8790178107,2026-03-30T04:06:48Z,245,SYNTHETIC
CR001918,PH000027,9795135550,2026-07-10T05:32:55Z,459,SYNTHETIC
CR001919,PH000103,6190003790,2025-09-01T22:50:53Z,1303,SYNTHETIC
CR001920,PH000239,8887939308,2026-04-05T19:52:20Z,799,SYNTHETIC
CR001921,PH000140,8271031012,2026-07-15T02:47:15Z,526,SYNTHETIC
CR001922,PH000238,7532008136,2025-02-20T20:02:48Z,899,SYNTHETIC
CR001923,PH000152,8013720592,2024-09-26T08:48:10Z,1002,SYNTHETIC
CR001924,PH000410,7008343533,2026-06-05T09:50:54Z,1328,SYNTHETIC
CR001925,PH000054,7725778837,2025-03-02T19:28:36Z,1362,SYNTHETIC
CR001926,PH000093,8023866353,2024-11-09T07:42:31Z,175,SYNTHETIC
CR001927,PH000130,7242671685,2025-05-26T14:42:38Z,588,SYNTHETIC
CR001928,PH000224,8608283898,2024-06-02T11:39:14Z,1285,SYNTHETIC
CR001929,PH000071,7512096552,2025-02-16T21:50:47Z,945,SYNTHETIC
CR001930,PH000067,6055903314,2026-01-12T02:19:44Z,118,SYNTHETIC
CR001931,PH000090,9839654741,2026-08-11T00:24:32Z,408,SYNTHETIC
CR001932,PH000113,7366362689,2024-07-29T10:30:31Z,510,SYNTHETIC
CR001933,PH000136,9335770429,2024-03-06T20:16:00Z,1584,SYNTHETIC
CR001934,PH000020,7797838768,2025-06-01T14:33:34Z,631,SYNTHETIC
CR001935,PH000164,9648814956,2025-01-02T07:04:44Z,1646,SYNTHETIC
CR001936,PH000073,9710553558,2025-04-12T02:52:15Z,524,SYNTHETIC
CR001937,PH000235,8603370805,2025-05-12T06:41:37Z,224,SYNTHETIC
CR001938,PH000345,8552362285,2025-01-24T18:15:10Z,391,SYNTHETIC
CR001939,PH000119,9900003731,2025-06-11T01:22:35Z,1786,SYNTHETIC
CR001940,PH000053,6071453174,2024-04-23T17:22:04Z,521,SYNTHETIC
CR001941,PH000005,7815260768,2025-11-20T06:55:05Z,681,SYNTHETIC
CR001942,PH000026,7809804539,2024-05-02T02:42:56Z,891,SYNTHETIC
CR001943,PH000128,8070328730,2026-03-25T01:11:00Z,1093,SYNTHETIC
CR001944,PH000159,8321279646,2025-10-13T22:02:25Z,1665,SYNTHETIC
CR001945,PH000071,6338583094,2026-08-25T17:33:36Z,1739,SYNTHETIC
CR001946,PH000007,7577715535,2025-11-14T13:37:20Z,1153,SYNTHETIC
CR001947,PH000168,6127416934,2026-06-12T07:36:05Z,1343,SYNTHETIC
CR001948,PH000225,8162074407,2024-09-15T23:29:28Z,613,SYNTHETIC
CR001949,PH000194,9014280388,2024-08-05T03:45:16Z,1783,SYNTHETIC
CR001950,PH000071,9294296673,2024-08-14T15:45:22Z,469,SYNTHETIC
CR001951,PH000205,6405712160,2024-12-15T09:24:17Z,298,SYNTHETIC
CR001952,PH000352,9074715187,2025-06-17T04:35:57Z,1190,SYNTHETIC
CR001953,PH000006,8391233835,2024-04-20T03:11:27Z,1751,SYNTHETIC
CR001954,PH000190,7784885474,2024-09-28T20:35:09Z,1265,SYNTHETIC
CR001955,PH000196,8005338894,2025-12-11T22:22:10Z,639,SYNTHETIC
CR001956,PH000027,7606749938,2024-04-03T10:05:18Z,738,SYNTHETIC
CR001957,PH000257,6661973445,2025-05-15T01:00:29Z,776,SYNTHETIC
CR001958,PH000025,7658855498,2026-04-11T04:59:57Z,226,SYNTHETIC
CR001959,PH000195,8005338894,2024-06-15T12:35:23Z,575,SYNTHETIC
CR001960,PH000047,7668675368,2024-01-23T06:51:46Z,1101,SYNTHETIC
CR001961,PH000153,8938124668,2024-12-07T06:42:04Z,45,SYNTHETIC
CR001962,PH000010,6127416934,2026-04-11T02:02:42Z,182,SYNTHETIC
CR001963,PH000104,7258965734,2025-06-25T18:01:57Z,1687,SYNTHETIC
CR001964,PH000201,8088501498,2024-03-13T10:04:38Z,1440,SYNTHETIC
CR001965,PH000429,9648814956,2025-03-16T12:07:58Z,1232,SYNTHETIC
CR001966,PH000010,7797838768,2024-03-15T07:13:19Z,1422,SYNTHETIC
CR001967,PH000040,6628914936,2026-01-23T17:06:17Z,1239,SYNTHETIC
CR001968,PH000143,8886168045,2025-12-25T06:21:36Z,1373,SYNTHETIC
CR001969,PH000158,9960013487,2025-12-01T10:18:56Z,1545,SYNTHETIC
CR001970,PH000181,9535882832,2024-02-25T09:39:24Z,872,SYNTHETIC
CR001971,PH000427,8476435760,2025-01-16T05:02:46Z,1649,SYNTHETIC
CR001972,PH000247,7465035321,2024-03-04T17:50:35Z,380,SYNTHETIC
CR001973,PH000142,9130664090,2024-11-10T18:27:25Z,1293,SYNTHETIC
CR001974,PH000195,9270598443,2025-12-26T22:39:19Z,1302,SYNTHETIC
CR001975,PH000244,8763734315,2025-11-29T20:44:38Z,131,SYNTHETIC
CR001976,PH000248,7305789426,2024-05-23T01:15:57Z,91,SYNTHETIC
CR001977,PH000008,9801035137,2026-04-07T01:02:22Z,360,SYNTHETIC
CR001978,PH000062,8545563411,2025-06-08T00:29:29Z,1193,SYNTHETIC
CR001979,PH000140,8053223350,2026-08-23T07:44:49Z,1051,SYNTHETIC
CR001980,PH000002,6752599105,2024-04-20T02:04:32Z,674,SYNTHETIC
CR001981,PH000150,6251826204,2025-08-29T07:13:01Z,734,SYNTHETIC
CR001982,PH000135,9399302206,2024-11-25T18:21:44Z,1462,SYNTHETIC
CR001983,PH000018,8944810365,2026-03-06T11:24:57Z,708,SYNTHETIC
CR001984,PH000105,6287215793,2025-05-10T22:50:56Z,211,SYNTHETIC
CR001985,PH000043,9608227986,2024-02-21T14:30:28Z,622,SYNTHETIC
CR001986,PH000041,7544769180,2026-05-26T10:20:51Z,904,SYNTHETIC
CR001987,PH000266,8053223350,2024-02-14T21:00:41Z,986,SYNTHETIC
CR001988,PH000056,7668675368,2025-10-24T05:15:33Z,1296,SYNTHETIC
CR001989,PH000173,7623400975,2024-05-08T11:51:23Z,199,SYNTHETIC
CR001990,PH000025,7658855498,2024-08-27T06:26:36Z,161,SYNTHETIC
CR001991,PH000093,9900199443,2025-10-17T01:06:30Z,521,SYNTHETIC
CR001992,PH000258,6443834177,2024-03-01T16:24:24Z,686,SYNTHETIC
CR001993,PH000213,6835630773,2024-02-01T18:22:46Z,670,SYNTHETIC
CR001994,PH000179,6240268494,2024-02-02T22:51:43Z,386,SYNTHETIC
CR001995,PH000104,9270044855,2024-04-05T10:06:23Z,1349,SYNTHETIC
CR001996,PH000135,8070328730,2025-03-31T16:53:50Z,545,SYNTHETIC
CR001997,PH000043,6406395537,2026-03-16T12:32:06Z,1544,SYNTHETIC
CR001998,PH000170,9576202334,2025-01-18T17:02:55Z,575,SYNTHETIC
CR001999,PH000262,8857245991,2024-01-19T10:22:17Z,764,SYNTHETIC
CR002000,PH000248,7465035321,2025-10-03T21:36:18Z,1027,SYNTHETIC
CR002001,PH000060,8181635626,2026-06-05T15:08:04Z,849,SYNTHETIC
CR002002,PH000281,9773948979,2025-07-25T18:55:18Z,1235,SYNTHETIC
CR002003,PH000141,8370406819,2025-08-07T23:30:56Z,148,SYNTHETIC
CR002004,PH000248,8715779192,2024-03-05T01:58:31Z,1637,SYNTHETIC
CR002005,PH000160,9960013487,2026-05-18T19:32:57Z,1692,SYNTHETIC
CR002006,PH000288,7242671685,2025-07-01T10:59:04Z,340,SYNTHETIC
CR002007,PH000026,6111815830,2025-03-29T00:36:15Z,82,SYNTHETIC
CR002008,PH000182,8279853154,2025-08-15T20:39:45Z,1537,SYNTHETIC
CR002009,PH000290,8767233357,2025-05-27T23:49:12Z,955,SYNTHETIC
CR002010,PH000083,8013720592,2024-12-15T00:38:54Z,1705,SYNTHETIC
CR002011,PH000103,6764215611,2025-02-23T06:37:22Z,911,SYNTHETIC
CR002012,PH000009,8096327120,2025-08-18T16:34:28Z,1180,SYNTHETIC
CR002013,PH000016,6598549808,2025-07-05T23:42:56Z,767,SYNTHETIC
CR002014,PH000315,8181635626,2025-12-29T23:46:01Z,1070,SYNTHETIC
CR002015,PH000167,8835862546,2025-04-07T15:01:39Z,490,SYNTHETIC
CR002016,PH000174,7314076479,2024-12-08T23:00:00Z,894,SYNTHETIC
CR002017,PH000176,7060782485,2025-05-06T15:53:18Z,1701,SYNTHETIC
CR002018,PH000195,6871973531,2025-11-17T07:17:12Z,231,SYNTHETIC
CR002019,PH000007,7757911544,2026-07-28T19:27:49Z,26,SYNTHETIC
CR002020,PH000401,9192210487,2026-05-03T15:35:05Z,1651,SYNTHETIC
CR002021,PH000002,8552362285,2024-03-08T23:52:18Z,404,SYNTHETIC
CR002022,PH000342,6643845515,2026-08-01T00:35:55Z,598,SYNTHETIC
CR002023,PH000119,8548242505,2026-07-13T11:19:46Z,895,SYNTHETIC
CR002024,PH000173,7557621965,2024-11-14T18:39:03Z,1178,SYNTHETIC
CR002025,PH000193,7545392982,2025-05-23T07:34:55Z,473,SYNTHETIC
CR002026,PH000394,8784991751,2025-04-09T19:14:02Z,1775,SYNTHETIC
CR002027,PH000181,8279853154,2024-05-07T02:41:09Z,52,SYNTHETIC
CR002028,PH000270,8715779192,2025-12-07T02:15:10Z,224,SYNTHETIC
CR002029,PH000353,6864772078,2025-11-06T18:47:21Z,1366,SYNTHETIC
CR002030,PH000194,6405712160,2025-02-13T11:59:28Z,564,SYNTHETIC
CR002031,PH000369,7305789426,2026-04-27T16:36:07Z,521,SYNTHETIC
CR002032,PH000043,6190003790,2024-08-20T21:32:43Z,1526,SYNTHETIC
CR002033,PH000345,9356786959,2026-03-04T18:40:42Z,270,SYNTHETIC
CR002034,PH000105,7411865377,2026-05-12T14:23:53Z,202,SYNTHETIC
CR002035,PH000176,7533203028,2025-06-13T08:26:41Z,229,SYNTHETIC
CR002036,PH000248,8608283898,2025-07-22T01:29:46Z,1594,SYNTHETIC
CR002037,PH000077,6871973531,2026-08-16T18:07:44Z,1692,SYNTHETIC
CR002038,PH000178,6443834177,2025-07-29T00:31:29Z,1037,SYNTHETIC
CR002039,PH000087,7207130333,2024-01-11T15:25:57Z,1516,SYNTHETIC
CR002040,PH000325,7231119018,2026-08-01T11:58:48Z,1431,SYNTHETIC
CR002041,PH000256,7411865377,2025-10-13T19:52:02Z,794,SYNTHETIC
CR002042,PH000153,6156863161,2024-03-21T23:14:06Z,87,SYNTHETIC
CR002043,PH000243,8763734315,2026-06-24T09:28:59Z,469,SYNTHETIC
CR002044,PH000315,8190723856,2025-02-26T21:57:54Z,1180,SYNTHETIC
CR002045,PH000271,6758971576,2026-07-27T05:37:12Z,798,SYNTHETIC
CR002046,PH000057,6844668450,2024-02-10T19:34:33Z,1508,SYNTHETIC
CR002047,PH000200,7080948287,2024-10-03T10:48:34Z,674,SYNTHETIC
CR002048,PH000057,7984464077,2025-07-27T08:16:51Z,1645,SYNTHETIC
CR002049,PH000265,7260213818,2026-01-20T11:04:28Z,797,SYNTHETIC
CR002050,PH000079,8132400725,2025-06-06T18:56:04Z,1343,SYNTHETIC
CR002051,PH000212,6147465527,2025-11-02T20:34:47Z,308,SYNTHETIC
CR002052,PH000356,7427453318,2025-10-14T14:36:10Z,401,SYNTHETIC
CR002053,PH000073,8918890383,2026-01-15T03:35:47Z,1637,SYNTHETIC
CR002054,PH000279,9303744459,2026-02-20T10:50:53Z,906,SYNTHETIC
CR002055,PH000058,7231119018,2026-03-24T10:37:52Z,202,SYNTHETIC
CR002056,PH000112,8644261243,2025-08-21T08:38:07Z,1089,SYNTHETIC
CR002057,PH000065,7576352153,2024-04-16T19:33:28Z,1696,SYNTHETIC
CR002058,PH000060,6338583094,2026-03-12T04:53:07Z,526,SYNTHETIC
CR002059,PH000079,7910532547,2024-01-22T00:47:57Z,1086,SYNTHETIC
CR002060,PH000211,6687323011,2025-03-03T06:43:57Z,656,SYNTHETIC
CR002061,PH000419,9624337206,2024-02-22T03:34:35Z,1654,SYNTHETIC
CR002062,PH000197,8284150710,2026-07-07T20:10:59Z,1128,SYNTHETIC
CR002063,PH000073,8132400725,2025-12-02T20:03:24Z,149,SYNTHETIC
CR002064,PH000241,7626051407,2024-07-23T15:01:50Z,711,SYNTHETIC
CR002065,PH000010,6132790567,2026-03-02T07:41:09Z,1500,SYNTHETIC
CR002066,PH000325,9270598443,2026-01-01T09:18:03Z,1559,SYNTHETIC
CR002067,PH000176,8190723856,2024-06-29T18:46:22Z,633,SYNTHETIC
CR002068,PH000194,8165961757,2026-08-11T03:57:51Z,1627,SYNTHETIC
CR002069,PH000023,7658855498,2026-05-10T10:13:39Z,49,SYNTHETIC
CR002070,PH000098,6599781863,2026-05-30T17:19:41Z,1431,SYNTHETIC
CR002071,PH000131,7043133576,2025-05-22T21:02:32Z,857,SYNTHETIC
CR002072,PH000231,8715924397,2025-11-28T04:26:49Z,1086,SYNTHETIC
CR002073,PH000129,7242671685,2025-07-07T03:53:36Z,105,SYNTHETIC
CR002074,PH000249,8461281435,2026-03-06T07:08:54Z,999,SYNTHETIC
CR002075,PH000342,8486748501,2026-01-04T12:18:26Z,553,SYNTHETIC
CR002076,PH000031,7809804539,2026-03-15T06:22:16Z,1462,SYNTHETIC
CR002077,PH000216,6549758931,2025-12-18T18:30:01Z,1637,SYNTHETIC
CR002078,PH000067,6659111855,2025-01-07T15:18:43Z,224,SYNTHETIC
CR002079,PH000032,7790060055,2025-11-20T07:30:05Z,1378,SYNTHETIC
CR002080,PH000178,7060782485,2025-08-04T11:40:11Z,256,SYNTHETIC
CR002081,PH000066,7288169392,2025-06-25T05:54:56Z,956,SYNTHETIC
CR002082,PH000035,7897036482,2025-12-12T16:26:41Z,467,SYNTHETIC
CR002083,PH000029,7482196961,2025-04-26T10:16:34Z,344,SYNTHETIC
CR002084,PH000276,9900003731,2024-11-18T11:24:52Z,1220,SYNTHETIC
CR002085,PH000294,8190723856,2026-05-13T06:39:35Z,184,SYNTHETIC
CR002086,PH000135,9906286630,2025-11-17T18:26:15Z,463,SYNTHETIC
CR002087,PH000309,7540931288,2024-04-29T07:49:03Z,850,SYNTHETIC
CR002088,PH000031,7969226509,2024-03-16T05:44:21Z,1349,SYNTHETIC
CR002089,PH000408,9532893694,2025-01-21T01:03:23Z,827,SYNTHETIC
CR002090,PH000142,7344312289,2024-02-19T19:10:59Z,691,SYNTHETIC
CR002091,PH000147,9130664090,2024-07-25T14:27:12Z,20,SYNTHETIC
CR002092,PH000046,8162074407,2025-04-06T17:44:50Z,878,SYNTHETIC
CR002093,PH000293,8798668534,2024-03-10T05:00:24Z,1780,SYNTHETIC
CR002094,PH000428,8023866353,2025-12-15T12:08:17Z,1105,SYNTHETIC
CR002095,PH000290,7060782485,2026-06-05T15:25:43Z,1374,SYNTHETIC
CR002096,PH000118,7577715535,2024-03-20T10:30:24Z,95,SYNTHETIC
CR002097,PH000432,8809755527,2026-01-24T10:37:30Z,1127,SYNTHETIC
CR002098,PH000152,7255481529,2026-02-09T21:50:19Z,1597,SYNTHETIC
CR002099,PH000434,8461281435,2024-05-30T16:21:39Z,99,SYNTHETIC
CR002100,PH000143,8271031012,2024-02-10T16:36:46Z,526,SYNTHETIC
CR002101,PH000118,9166779843,2024-04-14T18:32:36Z,1029,SYNTHETIC
CR002102,PH000168,9315958324,2024-05-13T04:00:30Z,1302,SYNTHETIC
CR002103,PH000126,6880738831,2025-07-11T00:31:32Z,82,SYNTHETIC
CR002104,PH000058,6338583094,2024-02-14T08:21:12Z,1373,SYNTHETIC
CR002105,PH000070,8858821808,2024-05-22T18:10:40Z,628,SYNTHETIC
CR002106,PH000090,8927108876,2025-03-04T16:35:31Z,537,SYNTHETIC
CR002107,PH000034,7815260768,2024-04-02T14:44:01Z,1049,SYNTHETIC
CR002108,PH000231,6844668450,2025-06-02T23:55:31Z,253,SYNTHETIC
CR002109,PH000067,8575911998,2025-04-24T11:28:27Z,1087,SYNTHETIC
CR002110,PH000030,9273755803,2025-02-09T00:16:28Z,1602,SYNTHETIC
CR002111,PH000340,7221163768,2025-01-17T04:32:27Z,547,SYNTHETIC
CR002112,PH000345,6168767956,2025-05-14T10:22:02Z,63,SYNTHETIC
CR002113,PH000081,7576352153,2025-12-25T00:17:30Z,1352,SYNTHETIC
CR002114,PH000073,6871973531,2026-05-26T02:47:33Z,156,SYNTHETIC
CR002115,PH000070,8013720592,2025-10-14T17:36:11Z,1138,SYNTHETIC
CR002116,PH000165,6679658140,2026-02-26T17:57:19Z,55,SYNTHETIC
CR002117,PH000143,7613734359,2026-03-31T03:58:45Z,1464,SYNTHETIC
CR002118,PH000279,9166779843,2024-06-30T21:15:51Z,1686,SYNTHETIC
CR002119,PH000100,8614084520,2024-01-25T09:58:08Z,481,SYNTHETIC
CR002120,PH000359,9402766563,2024-05-23T14:12:21Z,1354,SYNTHETIC
CR002121,PH000205,8240004916,2024-08-09T12:11:55Z,558,SYNTHETIC
CR002122,PH000045,7512096552,2026-03-31T22:45:29Z,1107,SYNTHETIC
CR002123,PH000030,7606749938,2025-12-07T20:38:52Z,939,SYNTHETIC
CR002124,PH000071,7081388190,2024-07-04T08:09:11Z,892,SYNTHETIC
CR002125,PH000313,6539759641,2024-03-02T13:11:33Z,819,SYNTHETIC
CR002126,PH000099,9900003731,2025-11-04T07:01:53Z,1257,SYNTHETIC
CR002127,PH000335,8304899597,2025-02-05T02:59:19Z,1273,SYNTHETIC
CR002128,PH000215,7008343533,2024-11-23T16:10:53Z,1103,SYNTHETIC
CR002129,PH000146,9130664090,2024-02-11T13:31:20Z,134,SYNTHETIC
CR002130,PH000073,9639168915,2025-01-19T17:17:36Z,843,SYNTHETIC
CR002131,PH000367,9442286919,2025-01-02T19:11:46Z,312,SYNTHETIC
CR002132,PH000222,8767233357,2024-12-04T12:25:46Z,90,SYNTHETIC
CR002133,PH000270,9036959815,2025-10-07T20:13:12Z,420,SYNTHETIC
CR002134,PH000193,6240268494,2024-09-23T01:12:28Z,533,SYNTHETIC
CR002135,PH000126,9399302206,2024-05-24T11:42:12Z,665,SYNTHETIC
CR002136,PH000067,7182509815,2024-10-17T07:08:01Z,147,SYNTHETIC
CR002137,PH000358,8715779192,2025-01-01T03:53:24Z,410,SYNTHETIC
CR002138,PH000267,8364578784,2024-06-20T13:34:21Z,1201,SYNTHETIC
CR002139,PH000125,9906286630,2026-05-20T01:33:28Z,311,SYNTHETIC
CR002140,PH000119,7411865377,2025-02-21T11:29:35Z,1058,SYNTHETIC
CR002141,PH000094,8426957236,2024-01-31T15:35:24Z,716,SYNTHETIC
CR002142,PH000218,9684391157,2024-07-17T11:47:28Z,1111,SYNTHETIC
CR002143,PH000230,7979320002,2024-11-12T09:36:29Z,1176,SYNTHETIC
CR002144,PH000057,7366362689,2025-01-02T20:16:39Z,150,SYNTHETIC
CR002145,PH000292,9694731843,2024-02-25T08:20:29Z,867,SYNTHETIC
CR002146,PH000032,7482196961,2024-12-20T17:09:15Z,746,SYNTHETIC
CR002147,PH000068,6685017796,2025-02-23T10:48:03Z,400,SYNTHETIC
CR002148,PH000270,6758971576,2026-02-17T15:27:40Z,658,SYNTHETIC
CR002149,PH000222,8660942447,2025-10-01T01:25:16Z,283,SYNTHETIC
CR002150,PH000058,6103575924,2024-03-27T12:42:04Z,955,SYNTHETIC
CR002151,PH000149,8886168045,2024-07-02T17:58:21Z,1626,SYNTHETIC
CR002152,PH000106,9447348051,2026-03-29T03:27:07Z,1420,SYNTHETIC
CR002153,PH000012,9127222785,2026-07-21T16:10:23Z,947,SYNTHETIC
CR002154,PH000256,9402766563,2026-07-19T08:06:30Z,560,SYNTHETIC
CR002155,PH000066,6864772078,2024-10-31T10:44:28Z,487,SYNTHETIC
CR002156,PH000269,9713598720,2025-09-23T05:01:26Z,276,SYNTHETIC
CR002157,PH000337,6251826204,2025-01-21T17:04:17Z,356,SYNTHETIC
CR002158,PH000333,9900003731,2025-06-06T08:42:34Z,1567,SYNTHETIC
CR002159,PH000233,7626051407,2026-01-20T10:58:25Z,767,SYNTHETIC
CR002160,PH000179,6022608653,2025-12-24T09:36:57Z,1608,SYNTHETIC
CR002161,PH000285,6559491558,2026-01-22T00:57:04Z,776,SYNTHETIC
CR002162,PH000197,9439766300,2025-02-06T16:14:03Z,1738,SYNTHETIC
CR002163,PH000122,7029480386,2024-04-08T17:08:17Z,1627,SYNTHETIC
CR002164,PH000135,8756732853,2026-01-23T12:54:18Z,629,SYNTHETIC
CR002165,PH000182,7540931288,2025-02-22T12:46:03Z,394,SYNTHETIC
CR002166,PH000247,8715779192,2025-09-11T07:03:49Z,1140,SYNTHETIC
CR002167,PH000058,8165961757,2025-04-24T14:21:45Z,981,SYNTHETIC
CR002168,PH000060,7910532547,2024-04-06T12:35:11Z,166,SYNTHETIC
CR002169,PH000090,9089060939,2025-08-05T05:43:04Z,140,SYNTHETIC
CR002170,PH000358,6127416934,2024-03-13T10:18:55Z,950,SYNTHETIC
CR002171,PH000119,9349691736,2026-08-22T14:15:13Z,695,SYNTHETIC
CR002172,PH000026,7061977554,2025-03-15T14:49:58Z,1375,SYNTHETIC
CR002173,PH000311,6758971576,2026-02-11T09:37:12Z,1244,SYNTHETIC
CR002174,PH000098,8956491639,2025-08-28T13:16:52Z,1140,SYNTHETIC
CR002175,PH000104,7576027878,2024-12-19T08:10:12Z,510,SYNTHETIC
CR002176,PH000026,7482196961,2025-10-05T18:09:56Z,1582,SYNTHETIC
CR002177,PH000239,6835630773,2026-01-03T01:43:11Z,1748,SYNTHETIC
CR002178,PH000204,8053223350,2025-02-22T13:13:43Z,970,SYNTHETIC
CR002179,PH000073,8161743180,2025-10-24T06:51:41Z,334,SYNTHETIC
CR002180,PH000179,8279853154,2026-01-02T16:25:10Z,1071,SYNTHETIC
CR002181,PH000401,8825824402,2025-03-15T00:51:53Z,23,SYNTHETIC
CR002182,PH000330,6983212766,2026-03-27T20:30:37Z,399,SYNTHETIC
CR002183,PH000146,8486303981,2024-02-01T17:00:34Z,28,SYNTHETIC
CR002184,PH000139,9303744459,2024-10-10T07:35:15Z,115,SYNTHETIC
CR002185,PH000382,7544121459,2024-04-01T10:42:43Z,1229,SYNTHETIC
CR002186,PH000032,6168767956,2026-03-17T09:07:30Z,1466,SYNTHETIC
CR002187,PH000213,7441718125,2025-11-17T11:51:38Z,1422,SYNTHETIC
CR002188,PH000108,8132400725,2024-11-28T10:29:59Z,1075,SYNTHETIC
CR002189,PH000162,7238414597,2024-01-28T08:36:30Z,972,SYNTHETIC
CR002190,PH000168,8551248250,2026-05-30T22:27:24Z,926,SYNTHETIC
CR002191,PH000426,9266630095,2025-08-18T11:08:52Z,738,SYNTHETIC
CR002192,PH000199,8088501498,2026-01-18T23:33:38Z,951,SYNTHETIC
CR002193,PH000007,7916659150,2025-04-02T20:17:07Z,196,SYNTHETIC
CR002194,PH000146,9713598720,2026-02-10T18:40:54Z,91,SYNTHETIC
CR002195,PH000261,6406395537,2025-01-11T09:13:48Z,1072,SYNTHETIC
CR002196,PH000137,9335770429,2024-05-06T16:22:38Z,1031,SYNTHETIC
CR002197,PH000352,7221163768,2024-08-28T04:56:41Z,1279,SYNTHETIC
CR002198,PH000349,9399302206,2024-07-26T07:07:39Z,1008,SYNTHETIC
CR002199,PH000147,7928959820,2026-04-12T22:41:16Z,1480,SYNTHETIC
CR002200,PH000268,8644261243,2026-08-28T03:05:34Z,1293,SYNTHETIC
CR002201,PH000189,8798668534,2024-07-15T03:50:42Z,796,SYNTHETIC
CR002202,PH000298,9650868313,2024-02-09T01:40:12Z,950,SYNTHETIC
CR002203,PH000234,8767233357,2026-03-17T04:11:17Z,735,SYNTHETIC
CR002204,PH000147,9713598720,2024-05-07T20:11:19Z,445,SYNTHETIC
CR002205,PH000204,9184559120,2026-06-05T17:32:55Z,883,SYNTHETIC
CR002206,PH000138,7242671685,2026-01-10T05:37:25Z,949,SYNTHETIC
CR002207,PH000124,9399302206,2024-03-02T07:43:39Z,845,SYNTHETIC
CR002208,PH000320,7626051407,2026-02-15T18:59:04Z,1766,SYNTHETIC
CR002209,PH000194,8088501498,2024-07-05T02:20:51Z,804,SYNTHETIC
CR002210,PH000162,6156863161,2024-12-02T12:25:03Z,1140,SYNTHETIC
CR002211,PH000214,8755061085,2024-09-20T11:29:09Z,254,SYNTHETIC
CR002212,PH000057,6967668601,2025-12-10T13:48:47Z,106,SYNTHETIC
CR002213,PH000126,9399302206,2026-08-17T18:34:38Z,889,SYNTHETIC
CR002214,PH000124,9442286919,2024-01-08T04:47:26Z,1236,SYNTHETIC
CR002215,PH000319,9560012221,2025-04-03T17:40:33Z,1154,SYNTHETIC
CR002216,PH000094,9672426816,2026-05-20T15:59:41Z,291,SYNTHETIC
CR002217,PH000114,7156040040,2025-07-14T11:09:35Z,290,SYNTHETIC
CR002218,PH000368,8608283898,2026-01-01T05:42:37Z,534,SYNTHETIC
CR002219,PH000005,8967161586,2026-06-12T11:26:43Z,836,SYNTHETIC
CR002220,PH000073,8084743914,2025-08-07T11:38:49Z,1003,SYNTHETIC
CR002221,PH000401,7073852616,2025-02-14T21:14:57Z,600,SYNTHETIC
CR002222,PH000135,6880738831,2026-01-23T01:11:44Z,765,SYNTHETIC
CR002223,PH000032,7809804539,2026-01-16T03:15:33Z,789,SYNTHETIC
CR002224,PH000433,7465035321,2025-08-29T18:55:50Z,1339,SYNTHETIC
CR002225,PH000386,9801035137,2026-04-27T04:55:19Z,1608,SYNTHETIC
CR002226,PH000428,7441718125,2025-10-03T08:31:53Z,1012,SYNTHETIC
CR002227,PH000143,8180710203,2024-04-07T12:46:38Z,1686,SYNTHETIC
CR002228,PH000269,9801035137,2025-09-09T01:28:51Z,921,SYNTHETIC
CR002229,PH000046,7260213818,2025-08-23T02:59:57Z,514,SYNTHETIC
CR002230,PH000071,7008343533,2026-08-13T09:50:19Z,1647,SYNTHETIC
CR002231,PH000143,6101763944,2026-05-15T20:08:14Z,1123,SYNTHETIC
CR002232,PH000238,6559491558,2025-11-18T08:46:28Z,1331,SYNTHETIC
CR002233,PH000245,6689843415,2025-05-29T05:51:50Z,1090,SYNTHETIC
CR002234,PH000037,7280025799,2026-05-17T06:43:06Z,1689,SYNTHETIC
CR002235,PH000416,9103981290,2025-12-20T13:12:21Z,1800,SYNTHETIC
CR002236,PH000128,8264526628,2024-07-21T07:59:32Z,816,SYNTHETIC
CR002237,PH000276,6871973531,2025-03-20T02:45:01Z,425,SYNTHETIC
CR002238,PH000071,9932878900,2026-06-24T02:24:55Z,49,SYNTHETIC
CR002239,PH000066,7771586067,2024-02-11T19:39:15Z,1228,SYNTHETIC
CR002240,PH000095,9900003731,2024-10-22T09:44:52Z,1227,SYNTHETIC
CR002241,PH000176,9576202334,2025-04-10T19:09:45Z,1790,SYNTHETIC
CR002242,PH000143,8839706263,2024-03-13T09:34:02Z,1472,SYNTHETIC
CR002243,PH000372,7846621069,2025-05-30T16:50:48Z,393,SYNTHETIC
CR002244,PH000278,6265117603,2024-03-11T14:01:20Z,1027,SYNTHETIC
CR002245,PH000095,6552931918,2025-11-07T13:10:36Z,389,SYNTHETIC
CR002246,PH000182,6022608653,2025-02-17T16:39:06Z,1027,SYNTHETIC
CR002247,PH000310,6113464160,2024-06-22T06:05:07Z,414,SYNTHETIC
CR002248,PH000212,7505457720,2025-10-25T18:29:27Z,22,SYNTHETIC
CR002249,PH000254,7582430397,2024-04-30T11:20:04Z,162,SYNTHETIC
CR002250,PH000115,7622678036,2025-11-09T07:38:04Z,1705,SYNTHETIC
CR002251,PH000346,8446834930,2024-04-22T18:05:34Z,1208,SYNTHETIC
CR002252,PH000320,8638857793,2026-01-13T14:22:51Z,324,SYNTHETIC
CR002253,PH000073,9880201084,2024-11-17T07:34:02Z,1557,SYNTHETIC
CR002254,PH000047,7011015781,2024-04-09T08:32:36Z,1539,SYNTHETIC
CR002255,PH000278,9492921572,2024-07-22T09:17:23Z,1491,SYNTHETIC
CR002256,PH000140,7358305987,2024-08-27T03:53:29Z,1625,SYNTHETIC
CR002257,PH000140,9130664090,2026-02-28T12:58:53Z,1184,SYNTHETIC
CR002258,PH000322,8552362285,2026-05-15T20:01:34Z,1735,SYNTHETIC
CR002259,PH000026,8084743914,2024-08-12T21:51:47Z,479,SYNTHETIC
CR002260,PH000181,7533203028,2024-04-06T22:48:30Z,187,SYNTHETIC
CR002261,PH000288,6806240597,2025-09-20T17:26:26Z,539,SYNTHETIC
CR002262,PH000163,7255481529,2024-11-22T20:02:15Z,797,SYNTHETIC
CR002263,PH000243,8033042792,2026-04-13T12:22:13Z,1782,SYNTHETIC
CR002264,PH000237,6844668450,2024-06-25T05:32:31Z,73,SYNTHETIC
CR002265,PH000009,8097511790,2024-07-11T21:22:29Z,790,SYNTHETIC
CR002266,PH000239,8644261243,2025-06-12T21:19:55Z,960,SYNTHETIC
CR002267,PH000235,6853092795,2025-12-24T00:26:59Z,1287,SYNTHETIC
CR002268,PH000162,8612759480,2026-06-01T17:03:28Z,1581,SYNTHETIC
CR002269,PH000201,9184559120,2025-01-24T19:36:47Z,724,SYNTHETIC
CR002270,PH000066,8165961757,2024-03-20T23:39:11Z,993,SYNTHETIC
CR002271,PH000337,9668122365,2024-04-13T09:39:02Z,926,SYNTHETIC
CR002272,PH000192,7540931288,2024-02-02T14:04:42Z,960,SYNTHETIC
CR002273,PH000280,6251826204,2025-08-03T20:37:34Z,1157,SYNTHETIC
CR002274,PH000185,8190723856,2024-05-21T00:18:16Z,651,SYNTHETIC
CR002275,PH000158,8667977477,2024-12-13T12:37:52Z,700,SYNTHETIC
CR002276,PH000060,7231119018,2025-05-20T00:32:34Z,650,SYNTHETIC
CR002277,PH000432,8809755527,2025-07-22T17:15:41Z,1612,SYNTHETIC
CR002278,PH000146,7011053686,2024-06-21T01:11:44Z,25,SYNTHETIC
CR002279,PH000033,8364578784,2025-05-27T15:31:21Z,1745,SYNTHETIC
CR002280,PH000162,7255481529,2026-02-24T22:40:43Z,1556,SYNTHETIC
CR002281,PH000278,9309192757,2026-02-19T04:36:25Z,476,SYNTHETIC
CR002282,PH000126,6983212766,2026-05-11T06:13:29Z,956,SYNTHETIC
CR002283,PH000023,7737352525,2024-02-23T15:03:33Z,1421,SYNTHETIC
CR002284,PH000075,7288169392,2024-09-18T14:29:53Z,1034,SYNTHETIC
CR002285,PH000021,6623573170,2026-01-02T03:55:02Z,1560,SYNTHETIC
CR002286,PH000433,6361253010,2026-02-11T00:25:06Z,827,SYNTHETIC
CR002287,PH000209,8005338894,2025-06-23T22:36:15Z,1629,SYNTHETIC
CR002288,PH000195,8270533609,2025-07-16T20:44:25Z,487,SYNTHETIC
CR002289,PH000429,8548242505,2025-07-05T13:46:19Z,1315,SYNTHETIC
CR002290,PH000224,6835630773,2026-01-18T14:32:02Z,821,SYNTHETIC
CR002291,PH000375,9145596710,2024-06-24T15:44:28Z,1397,SYNTHETIC
CR002292,PH000179,8195099683,2024-01-28T23:48:45Z,1003,SYNTHETIC
CR002293,PH000026,6168767956,2024-12-20T02:41:28Z,538,SYNTHETIC
CR002294,PH000213,6700433084,2026-05-11T00:22:53Z,1718,SYNTHETIC
CR002295,PH000195,8053223350,2026-01-19T01:08:09Z,538,SYNTHETIC
CR002296,PH000178,8318321235,2025-01-26T10:26:50Z,238,SYNTHETIC
CR002297,PH000359,9485996135,2025-04-13T07:53:24Z,1486,SYNTHETIC
CR002298,PH000179,7060782485,2026-02-27T00:05:10Z,1527,SYNTHETIC
CR002299,PH000047,7914577741,2026-06-29T08:23:29Z,356,SYNTHETIC
CR002300,PH000154,8551248250,2025-04-06T00:15:38Z,1206,SYNTHETIC
CR002301,PH000212,8767233357,2026-07-15T05:07:19Z,353,SYNTHETIC
CR002302,PH000185,8809755527,2025-05-11T11:49:30Z,1627,SYNTHETIC
CR002303,PH000161,9089060939,2024-04-04T00:06:03Z,1294,SYNTHETIC
CR002304,PH000098,9532893694,2024-08-19T05:01:02Z,1249,SYNTHETIC
CR002305,PH000312,8715924397,2024-04-05T05:30:24Z,717,SYNTHETIC
CR002306,PH000287,9415634628,2024-04-18T12:03:26Z,1098,SYNTHETIC
CR002307,PH000358,7011053686,2025-03-15T17:53:39Z,183,SYNTHETIC
CR002308,PH000126,9294296673,2025-03-26T21:59:03Z,667,SYNTHETIC
CR002309,PH000273,9536344864,2024-04-20T09:32:43Z,1184,SYNTHETIC
CR002310,PH000073,6418532942,2025-06-15T09:41:22Z,823,SYNTHETIC
CR002311,PH000217,6835630773,2025-06-10T06:14:36Z,1058,SYNTHETIC
CR002312,PH000366,6338583094,2024-07-23T05:39:26Z,695,SYNTHETIC
CR002313,PH000340,8499200903,2026-07-11T15:57:33Z,1483,SYNTHETIC
CR002314,PH000269,9935113420,2024-05-17T13:45:32Z,546,SYNTHETIC
CR002315,PH000135,6880738831,2025-08-09T20:18:46Z,1074,SYNTHETIC
CR002316,PH000199,9356369014,2024-07-23T23:16:51Z,982,SYNTHETIC
CR002317,PH000059,9485996135,2026-07-20T11:22:48Z,153,SYNTHETIC
CR002318,PH000359,9694731843,2024-08-04T04:29:59Z,593,SYNTHETIC
CR002319,PH000136,9468486883,2024-05-30T06:47:19Z,1555,SYNTHETIC
CR002320,PH000177,6406395537,2025-08-05T23:00:52Z,1718,SYNTHETIC
CR002321,PH000041,6070549819,2025-01-13T15:31:48Z,1303,SYNTHETIC
CR002322,PH000041,8486748501,2026-01-26T05:17:59Z,83,SYNTHETIC
CR002323,PH000316,6265117603,2026-03-20T17:04:12Z,725,SYNTHETIC
CR002324,PH000181,9535882832,2025-09-24T18:30:53Z,709,SYNTHETIC
CR002325,PH000231,8603370805,2024-09-07T00:09:00Z,452,SYNTHETIC
CR002326,PH000358,9801035137,2025-01-04T18:04:44Z,342,SYNTHETIC
CR002327,PH000188,8141381589,2024-08-11T22:02:07Z,1636,SYNTHETIC
CR002328,PH000428,7411865377,2026-08-07T01:58:25Z,1085,SYNTHETIC
CR002329,PH000007,8012962247,2024-07-17T04:26:57Z,1482,SYNTHETIC
CR002330,PH000153,6679658140,2026-08-29T14:17:14Z,576,SYNTHETIC
CR002331,PH000126,9906286630,2025-07-09T16:28:19Z,1294,SYNTHETIC
CR002332,PH000071,7288169392,2025-03-09T16:51:56Z,1312,SYNTHETIC
CR002333,PH000147,9130664090,2024-05-12T23:40:32Z,62,SYNTHETIC
CR002334,PH000059,7182509815,2024-09-08T10:49:50Z,1770,SYNTHETIC
CR002335,PH000209,9653943537,2025-10-23T21:27:47Z,1025,SYNTHETIC
CR002336,PH000244,8715779192,2026-02-22T21:12:51Z,404,SYNTHETIC
CR002337,PH000240,7221163768,2024-06-23T19:21:05Z,393,SYNTHETIC
CR002338,PH000084,7000350104,2025-06-16T20:29:11Z,833,SYNTHETIC
CR002339,PH000061,8545563411,2024-03-31T16:15:39Z,907,SYNTHETIC
CR002340,PH000077,8181635626,2025-08-19T07:56:32Z,1463,SYNTHETIC
CR002341,PH000181,8190723856,2024-12-08T05:23:31Z,462,SYNTHETIC
CR002342,PH000081,8545563411,2026-05-02T10:52:09Z,1156,SYNTHETIC
CR002343,PH000222,8603370805,2024-01-03T05:23:47Z,952,SYNTHETIC
CR002344,PH000055,6147465527,2025-11-13T20:49:38Z,307,SYNTHETIC
CR002345,PH000152,8162074407,2024-10-31T13:21:14Z,231,SYNTHETIC
CR002346,PH000373,7815260768,2026-07-25T05:28:33Z,1311,SYNTHETIC
CR002347,PH000179,8551248250,2026-03-10T23:10:31Z,1682,SYNTHETIC
CR002348,PH000205,9270598443,2024-01-22T16:58:01Z,695,SYNTHETIC
CR002349,PH000171,7255481529,2024-05-09T20:18:11Z,494,SYNTHETIC
CR002350,PH000179,7217772180,2025-12-14T02:11:39Z,426,SYNTHETIC
CR002351,PH000033,6168767956,2025-10-16T22:54:30Z,172,SYNTHETIC
CR002352,PH000165,7255481529,2025-09-28T12:47:13Z,911,SYNTHETIC
CR002353,PH000293,9439927952,2024-05-04T18:12:48Z,1680,SYNTHETIC
CR002354,PH000031,8190723856,2025-04-30T18:42:21Z,1769,SYNTHETIC
CR002355,PH000332,9402766563,2024-09-05T11:13:51Z,745,SYNTHETIC
CR002356,PH000082,8165961757,2025-06-16T04:38:22Z,1491,SYNTHETIC
CR002357,PH000140,9994038472,2026-07-10T06:47:03Z,519,SYNTHETIC
CR002358,PH000205,8284150710,2024-11-29T14:59:30Z,1062,SYNTHETIC
CR002359,PH000008,8012962247,2024-08-03T09:09:31Z,1249,SYNTHETIC
CR002360,PH000066,8181635626,2024-02-28T20:23:28Z,596,SYNTHETIC
CR002361,PH000035,9900003731,2025-06-16T13:43:42Z,41,SYNTHETIC
CR002362,PH000411,8941742309,2024-01-03T03:56:45Z,1580,SYNTHETIC
CR002363,PH000105,6251826204,2024-01-16T13:29:33Z,616,SYNTHETIC
CR002364,PH000346,9994038472,2024-09-24T13:07:23Z,1328,SYNTHETIC
CR002365,PH000067,8545563411,2025-01-06T08:49:51Z,426,SYNTHETIC
CR002366,PH000192,7060782485,2025-06-08T07:45:29Z,796,SYNTHETIC
CR002367,PH000327,6535211425,2025-08-08T04:38:18Z,767,SYNTHETIC
CR002368,PH000244,7465035321,2026-07-13T12:50:50Z,73,SYNTHETIC
CR002369,PH000113,6623573170,2025-04-21T23:20:38Z,971,SYNTHETIC
CR002370,PH000119,7260213818,2024-10-17T23:00:00Z,802,SYNTHETIC
CR002371,PH000056,6217485870,2024-12-04T22:48:42Z,479,SYNTHETIC
CR002372,PH000299,9517402494,2025-05-29T23:08:02Z,34,SYNTHETIC
CR002373,PH000284,6932854691,2025-07-24T21:06:33Z,1564,SYNTHETIC
CR002374,PH000314,8900198623,2025-06-21T23:02:12Z,1790,SYNTHETIC
CR002375,PH000095,6132790567,2025-10-20T18:42:20Z,1175,SYNTHETIC
CR002376,PH000231,9655929398,2026-06-18T10:39:48Z,1005,SYNTHETIC
CR002377,PH000027,7611657175,2024-03-24T13:50:38Z,454,SYNTHETIC
CR002378,PH000123,8886168045,2026-02-20T17:35:07Z,1407,SYNTHETIC
CR002379,PH000032,7815260768,2024-01-04T14:49:51Z,764,SYNTHETIC
CR002380,PH000178,6265117603,2025-12-06T03:58:01Z,1151,SYNTHETIC
CR002381,PH000180,7060782485,2026-03-29T13:01:52Z,355,SYNTHETIC
CR002382,PH000195,6687323011,2025-11-11T09:50:50Z,665,SYNTHETIC
CR002383,PH000295,8070254026,2026-06-23T02:13:59Z,584,SYNTHETIC
CR002384,PH000308,6643629683,2024-11-06T07:26:33Z,411,SYNTHETIC
CR002385,PH000152,8938124668,2026-03-05T14:00:26Z,1035,SYNTHETIC
CR002386,PH000276,8084743914,2024-03-24T18:49:28Z,1192,SYNTHETIC
CR002387,PH000097,9682643107,2025-02-27T13:24:46Z,1759,SYNTHETIC
CR002388,PH000074,8181635626,2024-05-23T15:51:45Z,1531,SYNTHETIC
CR002389,PH000120,7011053686,2024-06-14T19:27:16Z,269,SYNTHETIC
CR002390,PH000048,6758971576,2025-12-12T12:59:44Z,1059,SYNTHETIC
CR002391,PH000318,9060246774,2026-06-01T22:17:19Z,518,SYNTHETIC
CR002392,PH000184,8809755527,2026-05-07T06:05:57Z,577,SYNTHETIC
CR002393,PH000138,9795135550,2026-02-28T01:49:10Z,1183,SYNTHETIC
CR002394,PH000245,7804141328,2026-08-25T10:14:27Z,1800,SYNTHETIC
CR002395,PH000032,7491368297,2026-03-03T15:21:50Z,118,SYNTHETIC
CR002396,PH000339,9125637078,2025-09-13T17:45:01Z,1456,SYNTHETIC
CR002397,PH000432,6204808500,2024-07-12T10:40:37Z,1107,SYNTHETIC
CR002398,PH000352,8190723856,2025-04-30T19:50:29Z,1505,SYNTHETIC
CR002399,PH000338,7043133576,2026-01-17T15:18:12Z,276,SYNTHETIC
CR002400,PH000179,7533203028,2026-07-05T10:28:16Z,91,SYNTHETIC
CR002401,PH000312,9946560538,2026-03-29T11:24:41Z,1087,SYNTHETIC
CR002402,PH000370,6217485870,2025-01-26T15:16:55Z,904,SYNTHETIC
CR002403,PH000064,6359422554,2025-11-30T13:47:04Z,1633,SYNTHETIC
CR002404,PH000148,8944810365,2025-09-01T05:59:38Z,646,SYNTHETIC
CR002405,PH000201,6405712160,2025-02-19T16:58:15Z,1028,SYNTHETIC
CR002406,PH000140,7029480386,2026-04-01T21:41:22Z,1187,SYNTHETIC
CR002407,PH000088,9884167411,2026-01-27T08:44:44Z,1405,SYNTHETIC
CR002408,PH000027,8486748501,2026-06-13T22:22:18Z,1699,SYNTHETIC
CR002409,PH000268,8503612091,2026-05-25T03:13:50Z,293,SYNTHETIC
CR002410,PH000179,6204808500,2026-08-09T12:35:58Z,1706,SYNTHETIC
CR002411,PH000245,7465035321,2026-03-08T08:05:21Z,446,SYNTHETIC
CR002412,PH000314,6406395537,2025-02-21T11:14:30Z,826,SYNTHETIC
CR002413,PH000209,7610228601,2025-08-23T10:40:48Z,380,SYNTHETIC
CR002414,PH000106,8453016278,2024-02-11T04:03:22Z,1182,SYNTHETIC
CR002415,PH000180,6240268494,2024-05-23T23:55:00Z,1192,SYNTHETIC
CR002416,PH000007,7737352525,2024-05-07T23:50:09Z,73,SYNTHETIC
CR002417,PH000254,7757911544,2025-03-25T07:45:19Z,103,SYNTHETIC
CR002418,PH000365,7411865377,2026-08-05T02:58:06Z,1685,SYNTHETIC
CR002419,PH000109,8453016278,2024-05-06T23:22:55Z,1324,SYNTHETIC
CR002420,PH000057,6386408206,2026-04-12T20:42:07Z,1349,SYNTHETIC
CR002421,PH000428,7411865377,2024-11-09T09:48:26Z,1697,SYNTHETIC
CR002422,PH000314,7804141328,2025-09-21T13:26:15Z,357,SYNTHETIC
CR002423,PH000297,6796307193,2026-07-14T02:52:04Z,19,SYNTHETIC
CR002424,PH000118,8486748501,2026-08-05T07:42:24Z,367,SYNTHETIC
CR002425,PH000083,8918890383,2025-09-12T14:36:13Z,641,SYNTHETIC
CR002426,PH000066,8084743914,2025-01-11T12:52:41Z,709,SYNTHETIC
CR002427,PH000058,6871973531,2024-09-14T05:01:31Z,1675,SYNTHETIC
CR002428,PH000303,9399302206,2024-03-03T06:35:22Z,1689,SYNTHETIC
CR002429,PH000216,6695122165,2025-04-28T17:51:34Z,804,SYNTHETIC
CR002430,PH000337,6676954957,2024-07-14T17:30:20Z,1684,SYNTHETIC
CR002431,PH000061,6085128514,2025-02-25T09:04:41Z,1017,SYNTHETIC
CR002432,PH000204,7238414597,2025-02-28T01:49:13Z,1010,SYNTHETIC
CR002433,PH000397,8907287337,2025-06-15T09:10:41Z,1639,SYNTHETIC
CR002434,PH000040,9900199443,2026-02-21T01:30:43Z,622,SYNTHETIC
CR002435,PH000281,6265117603,2025-03-03T04:08:44Z,265,SYNTHETIC
CR002436,PH000049,8279402124,2024-12-15T17:18:05Z,264,SYNTHETIC
CR002437,PH000052,9608227986,2024-03-03T17:06:40Z,515,SYNTHETIC
CR002438,PH000136,6955796177,2024-03-31T21:35:00Z,1648,SYNTHETIC
CR002439,PH000049,6147465527,2026-08-06T16:37:13Z,1424,SYNTHETIC
CR002440,PH000241,6559491558,2026-08-12T20:57:24Z,1478,SYNTHETIC
CR002441,PH000200,6568330958,2024-07-26T14:21:32Z,1173,SYNTHETIC
CR002442,PH000135,9294296673,2025-03-30T17:35:13Z,899,SYNTHETIC
CR002443,PH000010,7757911544,2024-04-21T11:31:09Z,660,SYNTHETIC
CR002444,PH000027,9083422436,2025-02-08T04:47:50Z,751,SYNTHETIC
CR002445,PH000422,6968813353,2024-06-19T15:59:37Z,608,SYNTHETIC
CR002446,PH000152,7623400975,2025-11-23T11:09:22Z,425,SYNTHETIC
CR002447,PH000191,9303699812,2026-03-17T22:44:01Z,1114,SYNTHETIC
CR002448,PH000195,6675970006,2026-03-29T19:51:57Z,485,SYNTHETIC
CR002449,PH000071,6659111855,2025-05-06T09:31:11Z,619,SYNTHETIC
CR002450,PH000074,7231119018,2025-05-01T12:01:34Z,574,SYNTHETIC
CR002451,PH000195,7610228601,2025-05-02T15:35:31Z,617,SYNTHETIC
CR002452,PH000316,6539759641,2026-01-02T15:49:09Z,1369,SYNTHETIC
CR002453,PH000018,7737352525,2024-09-05T06:04:25Z,1257,SYNTHETIC
CR002454,PH000007,8575911998,2026-07-12T17:45:08Z,16,SYNTHETIC
CR002455,PH000425,7809804539,2026-08-03T10:41:44Z,1136,SYNTHETIC
CR002456,PH000112,9682643107,2024-06-18T13:24:24Z,729,SYNTHETIC
CR002457,PH000247,7879654298,2025-03-28T16:11:25Z,253,SYNTHETIC
CR002458,PH000104,6190003790,2025-06-26T19:15:23Z,1464,SYNTHETIC
CR002459,PH000100,8023866353,2024-04-05T04:18:28Z,1627,SYNTHETIC
CR002460,PH000213,6796307193,2026-07-01T02:25:28Z,173,SYNTHETIC
CR002461,PH000137,6880738831,2024-03-05T16:40:57Z,427,SYNTHETIC
CR002462,PH000376,8019774515,2024-02-07T05:25:29Z,1316,SYNTHETIC
CR002463,PH000058,8070254026,2025-12-26T11:36:25Z,1774,SYNTHETIC
CR002464,PH000067,8161743180,2025-09-13T14:41:55Z,1490,SYNTHETIC
CR002465,PH000293,8644261243,2025-07-02T00:09:08Z,1077,SYNTHETIC
CR002466,PH000067,8089771202,2024-12-03T04:39:42Z,1109,SYNTHETIC
CR002467,PH000179,6190003790,2024-07-24T00:08:22Z,1613,SYNTHETIC
CR002468,PH000032,7611657175,2026-08-05T08:49:04Z,166,SYNTHETIC
CR002469,PH000062,6659111855,2024-12-21T00:47:05Z,393,SYNTHETIC
CR002470,PH000174,9415634628,2025-09-09T10:20:23Z,1067,SYNTHETIC
CR002471,PH000124,9492921572,2025-02-09T05:06:11Z,1228,SYNTHETIC
CR002472,PH000428,9967761174,2025-10-05T16:00:24Z,1259,SYNTHETIC
CR002473,PH000192,6443834177,2026-03-21T00:38:15Z,653,SYNTHETIC
CR002474,PH000019,7658855498,2025-09-08T17:06:26Z,602,SYNTHETIC
CR002475,PH000093,9691205383,2025-09-01T20:45:36Z,793,SYNTHETIC
CR002476,PH000155,7557621965,2024-10-18T05:01:16Z,1259,SYNTHETIC
CR002477,PH000311,6871973531,2024-09-06T22:52:51Z,196,SYNTHETIC
CR002478,PH000135,9442286919,2024-08-12T19:18:39Z,1724,SYNTHETIC
CR002479,PH000251,6689843415,2024-01-02T12:36:45Z,1328,SYNTHETIC
CR002480,PH000271,9294296673,2024-06-11T23:10:21Z,792,SYNTHETIC
CR002481,PH000143,6647670893,2025-11-12T11:23:00Z,1347,SYNTHETIC
CR002482,PH000317,8053223350,2026-08-14T04:44:21Z,817,SYNTHETIC
CR002483,PH000433,9270044855,2026-05-04T02:47:27Z,1496,SYNTHETIC
CR002484,PH000302,7557621965,2024-11-02T18:10:51Z,1546,SYNTHETIC
CR002485,PH000027,8755061085,2025-07-17T01:55:55Z,32,SYNTHETIC
CR002486,PH000068,9880201084,2024-07-13T03:55:52Z,1464,SYNTHETIC
CR002487,PH000048,7668675368,2025-06-03T15:17:10Z,272,SYNTHETIC
CR002488,PH000180,6443834177,2024-04-20T06:45:46Z,238,SYNTHETIC
CR002489,PH000184,8809755527,2024-05-29T04:05:41Z,537,SYNTHETIC
CR002490,PH000104,6599781863,2024-12-31T12:35:56Z,1022,SYNTHETIC
CR002491,PH000116,7879654298,2025-10-30T05:14:50Z,649,SYNTHETIC
CR002492,PH000432,6240268494,2026-02-13T10:16:12Z,1437,SYNTHETIC
CR002493,PH000244,7465035321,2025-10-06T10:33:46Z,173,SYNTHETIC
CR002494,PH000193,7255481529,2024-07-21T12:43:41Z,1544,SYNTHETIC
CR002495,PH000252,7292849034,2024-07-01T13:25:49Z,1176,SYNTHETIC
CR002496,PH000199,8284150710,2025-02-12T18:04:44Z,305,SYNTHETIC
CR002497,PH000009,6132790567,2025-11-18T13:06:17Z,152,SYNTHETIC
CR002498,PH000434,7545392982,2024-05-21T22:31:17Z,960,SYNTHETIC
CR002499,PH000205,6405712160,2025-02-06T18:02:51Z,306,SYNTHETIC
CR002500,PH000227,7231119018,2025-02-18T15:51:24Z,302,SYNTHETIC
CR002501,PH000135,9294296673,2026-06-25T07:30:24Z,1117,SYNTHETIC
CR002502,PH000427,6217485870,2024-11-24T23:10:07Z,1243,SYNTHETIC
CR002503,PH000289,9442286919,2024-07-18T17:56:34Z,1415,SYNTHETIC
CR002504,PH000262,7576027878,2026-06-11T00:56:54Z,1665,SYNTHETIC
CR002505,PH000343,6127416934,2025-12-31T04:22:47Z,828,SYNTHETIC
CR002506,PH000013,7576168050,2026-08-07T18:32:19Z,137,SYNTHETIC
CR002507,PH000095,8548242505,2025-11-18T00:48:46Z,333,SYNTHETIC
CR002508,PH000203,7182509815,2024-09-01T12:49:58Z,1096,SYNTHETIC
CR002509,PH000313,6647670893,2026-02-10T11:52:11Z,1713,SYNTHETIC
CR002510,PH000190,7320834762,2025-08-12T22:20:51Z,1524,SYNTHETIC
CR002511,PH000178,8190723856,2026-03-07T04:52:01Z,1758,SYNTHETIC
CR002512,PH000174,8435478441,2025-10-18T08:10:30Z,93,SYNTHETIC
CR002513,PH000165,6321124640,2025-06-24T21:29:33Z,1002,SYNTHETIC
CR002514,PH000078,6902573675,2025-02-07T19:21:53Z,58,SYNTHETIC
CR002515,PH000105,6643629683,2024-04-17T19:51:22Z,1606,SYNTHETIC
CR002516,PH000031,8755061085,2026-04-23T14:08:12Z,1417,SYNTHETIC
CR002517,PH000235,7505457720,2025-09-24T07:17:25Z,1493,SYNTHETIC
CR002518,PH000026,7897036482,2024-06-28T23:44:11Z,430,SYNTHETIC
CR002519,PH000219,8825824402,2024-01-18T22:13:35Z,744,SYNTHETIC
CR002520,PH000091,9835654859,2026-03-06T19:30:53Z,934,SYNTHETIC
CR002521,PH000139,9130664090,2025-12-19T17:12:54Z,57,SYNTHETIC
CR002522,PH000229,8151925881,2024-09-20T17:00:42Z,825,SYNTHETIC
CR002523,PH000301,6915655993,2024-09-18T17:28:52Z,176,SYNTHETIC
CR002524,PH000217,6659798467,2024-07-24T18:23:08Z,1452,SYNTHETIC
CR002525,PH000077,8005338894,2024-07-05T22:00:29Z,69,SYNTHETIC
CR002526,PH000111,7972068975,2024-07-18T01:40:05Z,1598,SYNTHETIC
CR002527,PH000032,7611657175,2025-04-07T11:38:24Z,574,SYNTHETIC
CR002528,PH000084,7622678036,2026-07-24T19:26:14Z,249,SYNTHETIC
CR002529,PH000041,9402766563,2024-11-26T14:31:07Z,935,SYNTHETIC
CR002530,PH000140,7358305987,2025-09-08T17:34:14Z,1655,SYNTHETIC
CR002531,PH000429,7465035321,2025-07-11T13:21:18Z,326,SYNTHETIC
CR002532,PH000089,9485996135,2024-01-03T10:59:50Z,1082,SYNTHETIC
CR002533,PH000184,6659111855,2026-08-05T05:58:05Z,831,SYNTHETIC
CR002534,PH000140,6598549808,2025-01-30T11:27:52Z,1067,SYNTHETIC
CR002535,PH000161,8435478441,2024-08-10T15:53:38Z,416,SYNTHETIC
CR002536,PH000242,9647543003,2025-04-16T20:24:04Z,1778,SYNTHETIC
CR002537,PH000134,9294296673,2024-04-12T12:41:39Z,1563,SYNTHETIC
CR002538,PH000067,6113464160,2024-10-16T06:07:40Z,1108,SYNTHETIC
CR002539,PH000232,9576202334,2025-11-17T10:39:23Z,1448,SYNTHETIC
CR002540,PH000334,9648814956,2024-10-17T13:41:26Z,76,SYNTHETIC
CR002541,PH000347,8398704504,2024-06-23T18:47:28Z,1749,SYNTHETIC
CR002542,PH000061,7934074467,2026-06-22T01:49:25Z,916,SYNTHETIC
CR002543,PH000339,6703201149,2025-03-10T17:21:14Z,1737,SYNTHETIC
CR002544,PH000029,6168767956,2024-02-25T01:58:37Z,621,SYNTHETIC
CR002545,PH000287,7011053686,2025-03-11T06:50:38Z,802,SYNTHETIC
CR002546,PH000032,7809804539,2025-07-18T04:54:28Z,1559,SYNTHETIC
CR002547,PH000143,6598549808,2025-02-09T13:04:03Z,145,SYNTHETIC
CR002548,PH000172,9445990646,2024-04-15T04:01:45Z,683,SYNTHETIC
CR002549,PH000091,7784885474,2026-06-24T14:48:54Z,234,SYNTHETIC
CR002550,PH000276,7221163768,2026-06-20T14:10:38Z,495,SYNTHETIC
CR002551,PH000244,7305789426,2025-04-11T20:49:53Z,953,SYNTHETIC
CR002552,PH000094,7411865377,2026-01-22T02:57:24Z,1213,SYNTHETIC
CR002553,PH000201,9795135550,2025-08-31T21:49:08Z,1158,SYNTHETIC
CR002554,PH000062,8918890383,2024-02-17T11:41:45Z,1106,SYNTHETIC
CR002555,PH000329,7932983844,2024-03-16T05:47:47Z,228,SYNTHETIC
CR002556,PH000027,7963458925,2024-03-06T21:50:26Z,1374,SYNTHETIC
CR002557,PH000177,9356786959,2024-02-19T10:48:50Z,242,SYNTHETIC
CR002558,PH000372,8857245991,2024-05-29T11:03:59Z,1441,SYNTHETIC
CR002559,PH000177,6399975399,2026-07-10T00:56:00Z,1534,SYNTHETIC
CR002560,PH000032,7809804539,2025-08-17T19:11:01Z,221,SYNTHETIC
CR002561,PH000006,7427453318,2024-09-21T08:50:09Z,1332,SYNTHETIC
CR002562,PH000145,9994038472,2025-12-30T19:05:55Z,1498,SYNTHETIC
CR002563,PH000261,8938124668,2025-04-16T21:19:51Z,209,SYNTHETIC
CR002564,PH000191,9356786959,2026-05-27T02:37:12Z,1036,SYNTHETIC
CR002565,PH000356,7934074467,2025-04-22T09:24:25Z,1221,SYNTHETIC
CR002566,PH000432,9576202334,2026-02-10T06:45:46Z,671,SYNTHETIC
CR002567,PH000042,6217485870,2024-12-18T10:51:06Z,1073,SYNTHETIC
CR002568,PH000194,8957169048,2025-02-16T19:20:13Z,738,SYNTHETIC
CR002569,PH000284,7080948287,2025-12-15T10:00:48Z,1000,SYNTHETIC
CR002570,PH000114,9447348051,2026-03-14T04:02:04Z,930,SYNTHETIC
CR002571,PH000032,8882821249,2025-04-07T03:27:48Z,1619,SYNTHETIC
CR002572,PH000277,8162074407,2026-08-12T20:39:50Z,948,SYNTHETIC
CR002573,PH000351,9648814956,2025-01-15T18:10:58Z,1162,SYNTHETIC
CR002574,PH000403,7464673250,2026-07-23T05:50:25Z,1274,SYNTHETIC
CR002575,PH000058,6871973531,2026-06-07T04:13:40Z,209,SYNTHETIC
CR002576,PH000336,7231119018,2025-11-01T02:06:34Z,1364,SYNTHETIC
CR002577,PH000057,7182509815,2026-03-23T18:08:59Z,682,SYNTHETIC
CR002578,PH000007,7757911544,2025-02-03T02:00:24Z,44,SYNTHETIC
