id,source_record_id,source_record_type,entity_text,entity_type,confidence,span_start,span_end,extraction_model,resolved_entity_id,created_at
EM000001,FR000003,FIR,Complainant Kai Acharya,PERSON,0.78,0,23,drishyam-ner-v1,,2026-09-07T05:41:13.262002Z
EM000002,FR000003,FIR,Salem,PERSON,0.78,37,42,drishyam-ner-v1,,2026-09-07T05:41:13.262006Z
EM000003,FR000003,FIR,Section,PERSON,0.78,57,64,drishyam-ner-v1,,2026-09-07T05:41:13.262009Z
EM000004,FR000003,FIR,Section 154 CrPC,LEGAL_SECTION,0.85,57,73,drishyam-ner-v1,,2026-09-07T05:41:13.262012Z
EM000005,FR000003,FIR,11-Sep-2024,DATE,0.8,87,98,drishyam-ner-v1,,2026-09-07T05:41:13.262015Z
EM000006,FR000003,FIR,Sep,PERSON,0.78,90,93,drishyam-ner-v1,,2026-09-07T05:41:13.262020Z
EM000007,FR000003,FIR,19-Sep-2024,DATE,0.8,103,114,drishyam-ner-v1,,2026-09-07T05:41:13.262022Z
EM000008,FR000003,FIR,Sep,PERSON,0.78,106,109,drishyam-ner-v1,,2026-09-07T05:41:13.262024Z
EM000009,FR000003,FIR,Oviya Tripathi,PERSON,0.78,116,130,drishyam-ner-v1,P000025,2026-09-07T05:41:13.262027Z
EM000010,FR000003,FIR,Baghyawati Parsa,PERSON,0.78,152,168,drishyam-ner-v1,P000012,2026-09-07T05:41:13.262030Z
EM000011,FR000003,FIR,Silver Line Network,GANG,0.82,181,200,drishyam-ner-v1,ORG000002,2026-09-07T05:41:13.262032Z
EM000012,FR000003,FIR,A/C XXXX5409,BANK_ACCOUNT,0.85,229,241,drishyam-ner-v1,AC000014,2026-09-07T05:41:13.262034Z
EM000013,FR000003,FIR,02/09/2024,DATE,0.8,297,307,drishyam-ner-v1,,2026-09-07T05:41:13.262036Z
EM000014,FR000003,FIR,A/C XXXX5409,BANK_ACCOUNT,0.85,355,367,drishyam-ner-v1,AC000014,2026-09-07T05:41:13.262039Z
EM000015,FR000003,FIR,Suspects,PERSON,0.78,387,395,drishyam-ner-v1,,2026-09-07T05:41:13.262041Z
EM000016,FR000003,FIR,7815260768,PHONE,0.97,407,417,drishyam-ner-v1,PH000033,2026-09-07T05:41:13.262043Z
EM000017,FR000003,FIR,Oviya Tripathi,PERSON,0.78,461,475,drishyam-ner-v1,P000025,2026-09-07T05:41:13.262045Z
EM000018,FR000003,FIR,Royapuram Fuel Station,PERSON,0.78,495,517,drishyam-ner-v1,,2026-09-07T05:41:13.262048Z
EM000019,FR000003,FIR,TN01 RS 5495,VEHICLE,0.9,552,564,drishyam-ner-v1,VH000015,2026-09-07T05:41:13.262050Z
EM000020,FR000003,FIR,Number,PERSON,0.78,570,576,drishyam-ner-v1,,2026-09-07T05:41:13.262052Z
EM000021,FR000003,FIR,FIR-2024-0001,FIR_NUMBER,0.95,577,590,drishyam-ner-v1,,2026-09-07T05:41:13.262054Z
EM000022,FR000003,FIR,Case Number,LOCATION,0.7,608,619,drishyam-ner-v1,,2026-09-07T05:41:13.262056Z
EM000023,FR000003,FIR,CASE-0001,CASE_NUMBER,0.95,620,629,drishyam-ner-v1,,2026-09-07T05:41:13.262058Z
EM000024,FR000003,FIR,Section,PERSON,0.78,649,656,drishyam-ner-v1,,2026-09-07T05:41:13.262060Z
EM000025,FR000003,FIR,Section 120B IPC,LEGAL_SECTION,0.85,649,665,drishyam-ner-v1,,2026-09-07T05:41:13.262062Z
EM000026,FR000003,FIR,Section,PERSON,0.78,670,677,drishyam-ner-v1,,2026-09-07T05:41:13.262065Z
EM000027,FR000003,FIR,Section 120B IPC,LEGAL_SECTION,0.85,670,686,drishyam-ner-v1,,2026-09-07T05:41:13.262067Z
EM000028,FR000004,FIR,10/12/2025,DATE,0.8,3,13,drishyam-ner-v1,,2026-09-07T05:41:13.263197Z
EM000029,FR000004,FIR,Pothigai Nagar Oil,PERSON,0.78,54,72,drishyam-ner-v1,,2026-09-07T05:41:13.263201Z
EM000030,FR000004,FIR,Depot,PERSON,0.78,73,78,drishyam-ner-v1,,2026-09-07T05:41:13.263203Z
EM000031,FR000004,FIR,Chennai,PERSON,0.78,80,87,drishyam-ner-v1,,2026-09-07T05:41:13.263205Z
EM000032,FR000004,FIR,Enquiry,PERSON,0.78,89,96,drishyam-ner-v1,,2026-09-07T05:41:13.263207Z
EM000033,FR000004,FIR,Christopher Sathe,PERSON,0.78,111,128,drishyam-ner-v1,P000046,2026-09-07T05:41:13.263210Z
EM000034,FR000004,FIR,Silk,PERSON,0.78,136,140,drishyam-ner-v1,,2026-09-07T05:41:13.263212Z
EM000035,FR000004,FIR,Andrew Oommen,PERSON,0.78,146,159,drishyam-ner-v1,P000006,2026-09-07T05:41:13.263215Z
EM000036,FR000004,FIR,13-Dec-2025,DATE,0.8,196,207,drishyam-ner-v1,,2026-09-07T05:41:13.263219Z
EM000037,FR000004,FIR,Dec,PERSON,0.78,199,202,drishyam-ner-v1,,2026-09-07T05:41:13.263221Z
EM000038,FR000004,FIR,TN38 LM 7095,VEHICLE,0.9,232,244,drishyam-ner-v1,,2026-09-07T05:41:13.263223Z
EM000039,FR000004,FIR,Cell,PERSON,0.78,246,250,drishyam-ner-v1,,2026-09-07T05:41:13.263225Z
EM000040,FR000004,FIR,6871973531,PHONE,0.97,274,284,drishyam-ner-v1,PH000060,2026-09-07T05:41:13.263228Z
EM000041,FR000004,FIR,Intercepted,PERSON,0.78,331,342,drishyam-ner-v1,,2026-09-07T05:41:13.263230Z
EM000042,FR000004,FIR,North Star Outfit,GANG,0.82,372,389,drishyam-ner-v1,ORG000004,2026-09-07T05:41:13.263232Z
EM000043,FR000004,FIR,Number,PERSON,0.78,400,406,drishyam-ner-v1,,2026-09-07T05:41:13.263234Z
EM000044,FR000004,FIR,FIR-2025-0002,FIR_NUMBER,0.95,407,420,drishyam-ner-v1,,2026-09-07T05:41:13.263237Z
EM000045,FR000004,FIR,Case Number,LOCATION,0.7,427,438,drishyam-ner-v1,,2026-09-07T05:41:13.263239Z
EM000046,FR000004,FIR,CASE-0002,CASE_NUMBER,0.95,439,448,drishyam-ner-v1,,2026-09-07T05:41:13.263242Z
EM000047,FR000004,FIR,Section,PERSON,0.78,468,475,drishyam-ner-v1,,2026-09-07T05:41:13.263245Z
EM000048,FR000004,FIR,Section 302 IPC,LEGAL_SECTION,0.85,468,483,drishyam-ner-v1,,2026-09-07T05:41:13.263247Z
EM000049,FR000004,FIR,Investigation,LOCATION,0.7,498,511,drishyam-ner-v1,,2026-09-07T05:41:13.263249Z
EM000050,FR000005,FIR,Complainant Janaki Nori,PERSON,0.78,0,23,drishyam-ner-v1,,2026-09-07T05:41:13.264241Z
EM000051,FR000005,FIR,18-Jun-2025,DATE,0.8,36,47,drishyam-ner-v1,,2026-09-07T05:41:13.264243Z
EM000052,FR000005,FIR,Jun,PERSON,0.78,39,42,drishyam-ner-v1,,2026-09-07T05:41:13.264246Z
EM000053,FR000005,FIR,Kajamalai Industrial Estate,PERSON,0.78,78,105,drishyam-ner-v1,,2026-09-07T05:41:13.264248Z
EM000054,FR000005,FIR,Chennai,PERSON,0.78,107,114,drishyam-ner-v1,,2026-09-07T05:41:13.264250Z
EM000055,FR000005,FIR,14/06/2025,DATE,0.8,119,129,drishyam-ner-v1,,2026-09-07T05:41:13.264253Z
EM000056,FR000005,FIR,TN60 VU 3638,VEHICLE,0.9,156,168,drishyam-ner-v1,VH000033,2026-09-07T05:41:13.264255Z
EM000057,FR000005,FIR,Janani Shetty,PERSON,0.78,184,197,drishyam-ner-v1,P000050,2026-09-07T05:41:13.264257Z
EM000058,FR000005,FIR,Janani Shetty,PERSON,0.78,218,231,drishyam-ner-v1,P000050,2026-09-07T05:41:13.264259Z
EM000059,FR000005,FIR,8165961757,PHONE,0.97,258,268,drishyam-ner-v1,PH000065,2026-09-07T05:41:13.264261Z
EM000060,FR000005,FIR,Kajamalai Industrial Estate,PERSON,0.78,281,308,drishyam-ner-v1,,2026-09-07T05:41:13.264264Z
EM000061,FR000005,FIR,Stolen,PERSON,0.78,310,316,drishyam-ner-v1,,2026-09-07T05:41:13.264266Z
EM000062,FR000005,FIR,Number,PERSON,0.78,361,367,drishyam-ner-v1,,2026-09-07T05:41:13.264268Z
EM000063,FR000005,FIR,FIR-2025-0003,FIR_NUMBER,0.95,368,381,drishyam-ner-v1,,2026-09-07T05:41:13.264270Z
EM000064,FR000005,FIR,Case Number,LOCATION,0.7,388,399,drishyam-ner-v1,,2026-09-07T05:41:13.264272Z
EM000065,FR000005,FIR,CASE-0003,CASE_NUMBER,0.95,400,409,drishyam-ner-v1,,2026-09-07T05:41:13.264274Z
EM000066,FR000005,FIR,Section,PERSON,0.78,426,433,drishyam-ner-v1,,2026-09-07T05:41:13.264277Z
EM000067,FR000005,FIR,Section 379 IPC,LEGAL_SECTION,0.85,426,441,drishyam-ner-v1,,2026-09-07T05:41:13.264279Z
EM000068,FR000005,FIR,Investigation,LOCATION,0.7,455,468,drishyam-ner-v1,,2026-09-07T05:41:13.264281Z
EM000069,FR000006,FIR,Complainant Tarak Garde,PERSON,0.78,0,23,drishyam-ner-v1,,2026-09-07T05:41:13.265346Z
EM000070,FR000006,FIR,Velachery Oil Depot,PERSON,0.78,36,55,drishyam-ner-v1,,2026-09-07T05:41:13.265349Z
EM000071,FR000006,FIR,Kancheepuram,PERSON,0.78,74,86,drishyam-ner-v1,,2026-09-07T05:41:13.265352Z
EM000072,FR000006,FIR,29-Jul-2024,DATE,0.8,90,101,drishyam-ner-v1,,2026-09-07T05:41:13.265354Z
EM000073,FR000006,FIR,Jul,PERSON,0.78,93,96,drishyam-ner-v1,,2026-09-07T05:41:13.265356Z
EM000074,FR000006,FIR,Vanya Banerjee,PERSON,0.78,107,121,drishyam-ner-v1,P000136,2026-09-07T05:41:13.265358Z
EM000075,FR000006,FIR,Rachit Saran,PERSON,0.78,141,153,drishyam-ner-v1,P000156,2026-09-07T05:41:13.265361Z
EM000076,FR000006,FIR,Crimson Tide Group,GANG,0.82,161,179,drishyam-ner-v1,ORG000008,2026-09-07T05:41:13.265363Z
EM000077,FR000006,FIR,27/07/2024,DATE,0.8,268,278,drishyam-ner-v1,,2026-09-07T05:41:13.265365Z
EM000078,FR000006,FIR,Vanya Banerjee,PERSON,0.78,280,294,drishyam-ner-v1,P000136,2026-09-07T05:41:13.265368Z
EM000079,FR000006,FIR,6156863161,PHONE,0.97,331,341,drishyam-ner-v1,PH000174,2026-09-07T05:41:13.265370Z
EM000080,FR000006,FIR,The,LOCATION,0.7,387,390,drishyam-ner-v1,,2026-09-07T05:41:13.265373Z
EM000081,FR000006,FIR,TN27 TC 1572,VEHICLE,0.9,448,460,drishyam-ner-v1,VH000090,2026-09-07T05:41:13.265375Z
EM000082,FR000006,FIR,Number,PERSON,0.78,466,472,drishyam-ner-v1,,2026-09-07T05:41:13.265377Z
EM000083,FR000006,FIR,FIR-2024-0004,FIR_NUMBER,0.95,473,486,drishyam-ner-v1,,2026-09-07T05:41:13.265379Z
EM000084,FR000006,FIR,Case Number,LOCATION,0.7,504,515,drishyam-ner-v1,,2026-09-07T05:41:13.265381Z
EM000085,FR000006,FIR,CASE-0004,CASE_NUMBER,0.95,516,525,drishyam-ner-v1,,2026-09-07T05:41:13.265383Z
EM000086,FR000006,FIR,Section,PERSON,0.78,542,549,drishyam-ner-v1,,2026-09-07T05:41:13.265385Z
EM000087,FR000006,FIR,Section 170 IPC,LEGAL_SECTION,0.85,542,557,drishyam-ner-v1,,2026-09-07T05:41:13.265387Z
EM000088,FR000006,FIR,Investigating,PERSON,0.78,596,609,drishyam-ner-v1,,2026-09-07T05:41:13.265389Z
EM000089,FR000007,FIR,19/10/2024,DATE,0.8,3,13,drishyam-ner-v1,,2026-09-07T05:41:13.266381Z
EM000090,FR000007,FIR,Mettupalayam Wholesale Market,PERSON,0.78,54,83,drishyam-ner-v1,,2026-09-07T05:41:13.266384Z
EM000091,FR000007,FIR,Thanjavur,PERSON,0.78,85,94,drishyam-ner-v1,,2026-09-07T05:41:13.266386Z
EM000092,FR000007,FIR,Enquiry,PERSON,0.78,96,103,drishyam-ner-v1,,2026-09-07T05:41:13.266388Z
EM000093,FR000007,FIR,Chakrika Tripathi,PERSON,0.78,118,135,drishyam-ner-v1,P000048,2026-09-07T05:41:13.266391Z
EM000094,FR000007,FIR,Aditya Kibe,PERSON,0.78,156,167,drishyam-ner-v1,P000047,2026-09-07T05:41:13.266394Z
EM000095,FR000007,FIR,22-Oct-2024,DATE,0.8,204,215,drishyam-ner-v1,,2026-09-07T05:41:13.266396Z
EM000096,FR000007,FIR,Oct,PERSON,0.78,207,210,drishyam-ner-v1,,2026-09-07T05:41:13.266399Z
EM000097,FR000007,FIR,TN30 NL 5937,VEHICLE,0.9,240,252,drishyam-ner-v1,VH000032,2026-09-07T05:41:13.266401Z
EM000098,FR000007,FIR,Cell,PERSON,0.78,254,258,drishyam-ner-v1,,2026-09-07T05:41:13.266403Z
EM000099,FR000007,FIR,8089771202,PHONE,0.97,282,292,drishyam-ner-v1,PH000062,2026-09-07T05:41:13.266405Z
EM000100,FR000007,FIR,Intercepted,PERSON,0.78,339,350,drishyam-ner-v1,,2026-09-07T05:41:13.266408Z
EM000101,FR000007,FIR,North Star Outfit,GANG,0.82,380,397,drishyam-ner-v1,ORG000004,2026-09-07T05:41:13.266410Z
EM000102,FR000007,FIR,Number,PERSON,0.78,408,414,drishyam-ner-v1,,2026-09-07T05:41:13.266412Z
EM000103,FR000007,FIR,FIR-2024-0005,FIR_NUMBER,0.95,415,428,drishyam-ner-v1,,2026-09-07T05:41:13.266414Z
EM000104,FR000007,FIR,Case Number,LOCATION,0.7,435,446,drishyam-ner-v1,,2026-09-07T05:41:13.266417Z
EM000105,FR000007,FIR,CASE-0005,CASE_NUMBER,0.95,447,456,drishyam-ner-v1,,2026-09-07T05:41:13.266419Z
EM000106,FR000007,FIR,Section,PERSON,0.78,476,483,drishyam-ner-v1,,2026-09-07T05:41:13.266421Z
EM000107,FR000007,FIR,Section 120B IPC,LEGAL_SECTION,0.85,476,492,drishyam-ner-v1,,2026-09-07T05:41:13.266423Z
EM000108,FR000007,FIR,Investigation,LOCATION,0.7,507,520,drishyam-ner-v1,,2026-09-07T05:41:13.266425Z
EM000109,FR000008,FIR,Based,PERSON,0.78,0,5,drishyam-ner-v1,,2026-09-07T05:41:13.267479Z
EM000110,FR000008,FIR,21-Sep-2024,DATE,0.8,33,44,drishyam-ner-v1,,2026-09-07T05:41:13.267482Z
EM000111,FR000008,FIR,Sep,PERSON,0.78,36,39,drishyam-ner-v1,,2026-09-07T05:41:13.267485Z
EM000112,FR000008,FIR,Gandhipuram Warehouse Complex,PERSON,0.78,78,107,drishyam-ner-v1,,2026-09-07T05:41:13.267487Z
EM000113,FR000008,FIR,Madurai,PERSON,0.78,109,116,drishyam-ner-v1,,2026-09-07T05:41:13.267489Z
EM000114,FR000008,FIR,Complainant Faras Tank,PERSON,0.78,118,140,drishyam-ner-v1,,2026-09-07T05:41:13.267492Z
EM000115,FR000008,FIR,Kritika Maharaj,PERSON,0.78,152,167,drishyam-ner-v1,P000110,2026-09-07T05:41:13.267494Z
EM000116,FR000008,FIR,Ikshita Krishna,PERSON,0.78,187,202,drishyam-ner-v1,P000118,2026-09-07T05:41:13.267497Z
EM000117,FR000008,FIR,Iron Wolf Syndicate,GANG,0.82,237,256,drishyam-ner-v1,ORG000007,2026-09-07T05:41:13.267499Z
EM000118,FR000008,FIR,18/09/2024,DATE,0.8,277,287,drishyam-ner-v1,,2026-09-07T05:41:13.267502Z
EM000119,FR000008,FIR,Kritika Maharaj,PERSON,0.78,333,348,drishyam-ner-v1,P000110,2026-09-07T05:41:13.267504Z
EM000120,FR000008,FIR,TN27 WR 4301,VEHICLE,0.9,381,393,drishyam-ner-v1,,2026-09-07T05:41:13.267506Z
EM000121,FR000008,FIR,7230074257,PHONE,0.97,438,448,drishyam-ner-v1,PH000141,2026-09-07T05:41:13.267509Z
EM000122,FR000008,FIR,Contraband,PERSON,0.78,450,460,drishyam-ner-v1,,2026-09-07T05:41:13.267511Z
EM000123,FR000008,FIR,Number,PERSON,0.78,504,510,drishyam-ner-v1,,2026-09-07T05:41:13.267513Z
EM000124,FR000008,FIR,FIR-2024-0006,FIR_NUMBER,0.95,511,524,drishyam-ner-v1,,2026-09-07T05:41:13.267515Z
EM000125,FR000008,FIR,Case Number,LOCATION,0.7,531,542,drishyam-ner-v1,,2026-09-07T05:41:13.267517Z
EM000126,FR000008,FIR,CASE-0006,CASE_NUMBER,0.95,543,552,drishyam-ner-v1,,2026-09-07T05:41:13.267519Z
EM000127,FR000008,FIR,Section,PERSON,0.78,584,591,drishyam-ner-v1,,2026-09-07T05:41:13.267521Z
EM000128,FR000008,FIR,Section 418 IPC,LEGAL_SECTION,0.85,584,599,drishyam-ner-v1,,2026-09-07T05:41:13.267523Z
EM000129,FR000009,FIR,Based,PERSON,0.78,0,5,drishyam-ner-v1,,2026-09-07T05:41:13.268530Z
EM000130,FR000009,FIR,26-Jun-2025,DATE,0.8,33,44,drishyam-ner-v1,,2026-09-07T05:41:13.268534Z
EM000131,FR000009,FIR,Jun,PERSON,0.78,36,39,drishyam-ner-v1,,2026-09-07T05:41:13.268536Z
EM000132,FR000009,FIR,Ukkadam Harbour Police,PERSON,0.78,78,100,drishyam-ner-v1,,2026-09-07T05:41:13.268539Z
EM000133,FR000009,FIR,Station,LOCATION,0.7,101,108,drishyam-ner-v1,,2026-09-07T05:41:13.268541Z
EM000134,FR000009,FIR,Coimbatore,PERSON,0.78,110,120,drishyam-ner-v1,,2026-09-07T05:41:13.268543Z
EM000135,FR000009,FIR,Complainant Bhavika Dalal,PERSON,0.78,122,147,drishyam-ner-v1,,2026-09-07T05:41:13.268545Z
EM000136,FR000009,FIR,Chakrika Tripathi,PERSON,0.78,159,176,drishyam-ner-v1,P000048,2026-09-07T05:41:13.268547Z
EM000137,FR000009,FIR,Vedhika Hans,PERSON,0.78,197,209,drishyam-ner-v1,P000124,2026-09-07T05:41:13.268550Z
EM000138,FR000009,FIR,North Star Outfit,GANG,0.82,244,261,drishyam-ner-v1,ORG000004,2026-09-07T05:41:13.268552Z
EM000139,FR000009,FIR,23/06/2025,DATE,0.8,282,292,drishyam-ner-v1,,2026-09-07T05:41:13.268554Z
EM000140,FR000009,FIR,Chakrika Tripathi,PERSON,0.78,338,355,drishyam-ner-v1,P000048,2026-09-07T05:41:13.268556Z
EM000141,FR000009,FIR,TN30 NL 5937,VEHICLE,0.9,388,400,drishyam-ner-v1,VH000032,2026-09-07T05:41:13.268559Z
EM000142,FR000009,FIR,8089771202,PHONE,0.97,445,455,drishyam-ner-v1,PH000062,2026-09-07T05:41:13.268561Z
EM000143,FR000009,FIR,Contraband,PERSON,0.78,457,467,drishyam-ner-v1,,2026-09-07T05:41:13.268563Z
EM000144,FR000009,FIR,Number,PERSON,0.78,510,516,drishyam-ner-v1,,2026-09-07T05:41:13.268565Z
EM000145,FR000009,FIR,FIR-2025-0007,FIR_NUMBER,0.95,517,530,drishyam-ner-v1,,2026-09-07T05:41:13.268567Z
EM000146,FR000009,FIR,Case Number,LOCATION,0.7,537,548,drishyam-ner-v1,,2026-09-07T05:41:13.268569Z
EM000147,FR000009,FIR,CASE-0007,CASE_NUMBER,0.95,549,558,drishyam-ner-v1,,2026-09-07T05:41:13.268571Z
EM000148,FR000009,FIR,Section,PERSON,0.78,590,597,drishyam-ner-v1,,2026-09-07T05:41:13.268573Z
EM000149,FR000009,FIR,Section 21 NDPS,LEGAL_SECTION,0.85,590,605,drishyam-ner-v1,,2026-09-07T05:41:13.268575Z
EM000150,FR000010,FIR,Complainant Inaya Date,PERSON,0.78,0,22,drishyam-ner-v1,,2026-09-07T05:41:13.269587Z
EM000151,FR000010,FIR,Sulur Check Post,PERSON,0.78,42,58,drishyam-ner-v1,,2026-09-07T05:41:13.269589Z
EM000152,FR000010,FIR,Coimbatore,PERSON,0.78,60,70,drishyam-ner-v1,,2026-09-07T05:41:13.269592Z
EM000153,FR000010,FIR,23-Jun-2026,DATE,0.8,75,86,drishyam-ner-v1,,2026-09-07T05:41:13.269594Z
EM000154,FR000010,FIR,Jun,PERSON,0.78,78,81,drishyam-ner-v1,,2026-09-07T05:41:13.269597Z
EM000155,FR000010,FIR,Bina Reddy,PERSON,0.78,101,111,drishyam-ner-v1,P000131,2026-09-07T05:41:13.269599Z
EM000156,FR000010,FIR,Charan Saxena,PERSON,0.78,133,146,drishyam-ner-v1,P000077,2026-09-07T05:41:13.269601Z
EM000157,FR000010,FIR,fraud,CRIME_TYPE,0.75,158,163,drishyam-ner-v1,,2026-09-07T05:41:13.269603Z
EM000158,FR000010,FIR,14/06/2026,DATE,0.8,167,177,drishyam-ner-v1,,2026-09-07T05:41:13.269605Z
EM000159,FR000010,FIR,Bina Reddy,PERSON,0.78,217,227,drishyam-ner-v1,P000131,2026-09-07T05:41:13.269608Z
EM000160,FR000010,FIR,9960013487,PHONE,0.97,261,271,drishyam-ner-v1,PH000166,2026-09-07T05:41:13.269610Z
EM000161,FR000010,FIR,TN45 XM 3135,VEHICLE,0.9,326,338,drishyam-ner-v1,VH000088,2026-09-07T05:41:13.269612Z
EM000162,FR000010,FIR,Sulur Check Post,PERSON,0.78,344,360,drishyam-ner-v1,,2026-09-07T05:41:13.269614Z
EM000163,FR000010,FIR,04-Jul-2026,DATE,0.8,364,375,drishyam-ner-v1,,2026-09-07T05:41:13.269616Z
EM000164,FR000010,FIR,Jul,PERSON,0.78,367,370,drishyam-ner-v1,,2026-09-07T05:41:13.269619Z
EM000165,FR000010,FIR,The Crimson Tide,ORGANIZATION,0.7,377,393,drishyam-ner-v1,,2026-09-07T05:41:13.269621Z
EM000166,FR000010,FIR,Group,GANG,0.82,394,399,drishyam-ner-v1,,2026-09-07T05:41:13.269623Z
EM000167,FR000010,FIR,Number,PERSON,0.78,438,444,drishyam-ner-v1,,2026-09-07T05:41:13.269625Z
EM000168,FR000010,FIR,FIR-2026-0008,FIR_NUMBER,0.95,445,458,drishyam-ner-v1,,2026-09-07T05:41:13.269627Z
EM000169,FR000010,FIR,Case Number,LOCATION,0.7,465,476,drishyam-ner-v1,,2026-09-07T05:41:13.269629Z
EM000170,FR000010,FIR,CASE-0008,CASE_NUMBER,0.95,477,486,drishyam-ner-v1,,2026-09-07T05:41:13.269631Z
EM000171,FR000010,FIR,Section,PERSON,0.78,503,510,drishyam-ner-v1,,2026-09-07T05:41:13.269633Z
EM000172,FR000010,FIR,Section 471 IPC,LEGAL_SECTION,0.85,503,518,drishyam-ner-v1,,2026-09-07T05:41:13.269635Z
EM000173,FR000010,FIR,Investigation,LOCATION,0.7,531,544,drishyam-ner-v1,,2026-09-07T05:41:13.269637Z
EM000174,FR000011,FIR,Complainant Damyanti Comar,PERSON,0.78,0,26,drishyam-ner-v1,,2026-09-07T05:41:13.270930Z
EM000175,FR000011,FIR,Pudukkottai,PERSON,0.78,40,51,drishyam-ner-v1,,2026-09-07T05:41:13.270933Z
EM000176,FR000011,FIR,Section,PERSON,0.78,66,73,drishyam-ner-v1,,2026-09-07T05:41:13.270936Z
EM000177,FR000011,FIR,Section 154 CrPC,LEGAL_SECTION,0.85,66,82,drishyam-ner-v1,,2026-09-07T05:41:13.270938Z
EM000178,FR000011,FIR,27-Jan-2024,DATE,0.8,96,107,drishyam-ner-v1,,2026-09-07T05:41:13.270940Z
EM000179,FR000011,FIR,Jan,PERSON,0.78,99,102,drishyam-ner-v1,,2026-09-07T05:41:13.270942Z
EM000180,FR000011,FIR,30-Jan-2024,DATE,0.8,112,123,drishyam-ner-v1,,2026-09-07T05:41:13.270945Z
EM000181,FR000011,FIR,Jan,PERSON,0.78,115,118,drishyam-ner-v1,,2026-09-07T05:41:13.270947Z
EM000182,FR000011,FIR,Andrew Verma,PERSON,0.78,125,137,drishyam-ner-v1,P000117,2026-09-07T05:41:13.270949Z
EM000183,FR000011,FIR,Silk,PERSON,0.78,145,149,drishyam-ner-v1,,2026-09-07T05:41:13.270951Z
EM000184,FR000011,FIR,Charan Saxena,PERSON,0.78,155,168,drishyam-ner-v1,P000077,2026-09-07T05:41:13.270953Z
EM000185,FR000011,FIR,Iron Wolf Syndicate,GANG,0.82,181,200,drishyam-ner-v1,ORG000007,2026-09-07T05:41:13.270955Z
EM000186,FR000011,FIR,A/C XXXX8145,BANK_ACCOUNT,0.85,229,241,drishyam-ner-v1,AC000093,2026-09-07T05:41:13.270957Z
EM000187,FR000011,FIR,18/01/2024,DATE,0.8,297,307,drishyam-ner-v1,,2026-09-07T05:41:13.270960Z
EM000188,FR000011,FIR,A/C XXXX8145,BANK_ACCOUNT,0.85,355,367,drishyam-ner-v1,AC000093,2026-09-07T05:41:13.270962Z
EM000189,FR000011,FIR,Suspects,PERSON,0.78,387,395,drishyam-ner-v1,,2026-09-07T05:41:13.270964Z
EM000190,FR000011,FIR,8857245991,PHONE,0.97,407,417,drishyam-ner-v1,PH000149,2026-09-07T05:41:13.270966Z
EM000191,FR000011,FIR,Andrew Verma,PERSON,0.78,461,473,drishyam-ner-v1,P000117,2026-09-07T05:41:13.270968Z
EM000192,FR000011,FIR,Nagar Night Bazaar,PERSON,0.78,496,514,drishyam-ner-v1,,2026-09-07T05:41:13.270971Z
EM000193,FR000011,FIR,TN45 PL 5689,VEHICLE,0.9,549,561,drishyam-ner-v1,VH000079,2026-09-07T05:41:13.270973Z
EM000194,FR000011,FIR,Number,PERSON,0.78,567,573,drishyam-ner-v1,,2026-09-07T05:41:13.270975Z
EM000195,FR000011,FIR,FIR-2024-0009,FIR_NUMBER,0.95,574,587,drishyam-ner-v1,,2026-09-07T05:41:13.270977Z
EM000196,FR000011,FIR,Case Number,LOCATION,0.7,605,616,drishyam-ner-v1,,2026-09-07T05:41:13.270979Z
EM000197,FR000011,FIR,CASE-0009,CASE_NUMBER,0.95,617,626,drishyam-ner-v1,,2026-09-07T05:41:13.270981Z
EM000198,FR000011,FIR,Section,PERSON,0.78,646,653,drishyam-ner-v1,,2026-09-07T05:41:13.270983Z
EM000199,FR000011,FIR,Section,PERSON,0.78,665,672,drishyam-ner-v1,,2026-09-07T05:41:13.270985Z
EM000200,FR000011,FIR,Section 120B IPC,LEGAL_SECTION,0.85,665,681,drishyam-ner-v1,,2026-09-07T05:41:13.270987Z
EM000201,FR000012,FIR,Based,PERSON,0.78,0,5,drishyam-ner-v1,,2026-09-07T05:41:13.272060Z
EM000202,FR000012,FIR,07-Aug-2026,DATE,0.8,33,44,drishyam-ner-v1,,2026-09-07T05:41:13.272063Z
EM000203,FR000012,FIR,Aug,PERSON,0.78,36,39,drishyam-ner-v1,,2026-09-07T05:41:13.272066Z
EM000204,FR000012,FIR,Mettupalayam Cold Storage,PERSON,0.78,78,103,drishyam-ner-v1,,2026-09-07T05:41:13.272068Z
EM000205,FR000012,FIR,Chennai,PERSON,0.78,105,112,drishyam-ner-v1,,2026-09-07T05:41:13.272071Z
EM000206,FR000012,FIR,Complainant Charita Memon,PERSON,0.78,114,139,drishyam-ner-v1,,2026-09-07T05:41:13.272073Z
EM000207,FR000012,FIR,Anya Kibe,PERSON,0.78,151,160,drishyam-ner-v1,P000179,2026-09-07T05:41:13.272075Z
EM000208,FR000012,FIR,Saksham Sidhu,PERSON,0.78,183,196,drishyam-ner-v1,P000188,2026-09-07T05:41:13.272077Z
EM000209,FR000012,FIR,Blue Orchid Cartel,GANG,0.82,231,249,drishyam-ner-v1,ORG000011,2026-09-07T05:41:13.272079Z
EM000210,FR000012,FIR,29/07/2026,DATE,0.8,270,280,drishyam-ner-v1,,2026-09-07T05:41:13.272081Z
EM000211,FR000012,FIR,Anya Kibe,PERSON,0.78,326,335,drishyam-ner-v1,P000179,2026-09-07T05:41:13.272083Z
EM000212,FR000012,FIR,TN25 VL 4602,VEHICLE,0.9,368,380,drishyam-ner-v1,VH000122,2026-09-07T05:41:13.272085Z
EM000213,FR000012,FIR,8873352156,PHONE,0.97,425,435,drishyam-ner-v1,PH000225,2026-09-07T05:41:13.272088Z
EM000214,FR000012,FIR,Contraband,PERSON,0.78,437,447,drishyam-ner-v1,,2026-09-07T05:41:13.272090Z
EM000215,FR000012,FIR,Number,PERSON,0.78,490,496,drishyam-ner-v1,,2026-09-07T05:41:13.272092Z
EM000216,FR000012,FIR,FIR-2026-0010,FIR_NUMBER,0.95,497,510,drishyam-ner-v1,,2026-09-07T05:41:13.272094Z
EM000217,FR000012,FIR,Case Number,LOCATION,0.7,517,528,drishyam-ner-v1,,2026-09-07T05:41:13.272096Z
EM000218,FR000012,FIR,CASE-0010,CASE_NUMBER,0.95,529,538,drishyam-ner-v1,,2026-09-07T05:41:13.272098Z
EM000219,FR000012,FIR,Act,PERSON,0.78,575,578,drishyam-ner-v1,,2026-09-07T05:41:13.272100Z
EM000220,FR000013,FIR,Based,PERSON,0.78,0,5,drishyam-ner-v1,,2026-09-07T05:41:13.273099Z
EM000221,FR000013,FIR,01-Feb-2026,DATE,0.8,33,44,drishyam-ner-v1,,2026-09-07T05:41:13.273102Z
EM000222,FR000013,FIR,Feb,PERSON,0.78,36,39,drishyam-ner-v1,,2026-09-07T05:41:13.273105Z
EM000223,FR000013,FIR,Meenakshi Nagar Agro,PERSON,0.78,78,98,drishyam-ner-v1,,2026-09-07T05:41:13.273107Z
EM000224,FR000013,FIR,Market,LOCATION,0.7,99,105,drishyam-ner-v1,,2026-09-07T05:41:13.273109Z
EM000225,FR000013,FIR,Ariyalur,PERSON,0.78,107,115,drishyam-ner-v1,,2026-09-07T05:41:13.273111Z
EM000226,FR000013,FIR,Complainant Inaya Kadakia,PERSON,0.78,117,142,drishyam-ner-v1,,2026-09-07T05:41:13.273113Z
EM000227,FR000013,FIR,Daksha Menon,PERSON,0.78,154,166,drishyam-ner-v1,P000029,2026-09-07T05:41:13.273116Z
EM000228,FR000013,FIR,Zayyan Mohan,PERSON,0.78,188,200,drishyam-ner-v1,P000031,2026-09-07T05:41:13.273118Z
EM000229,FR000013,FIR,Silver Line Network,GANG,0.82,235,254,drishyam-ner-v1,ORG000002,2026-09-07T05:41:13.273120Z
EM000230,FR000013,FIR,30/01/2026,DATE,0.8,275,285,drishyam-ner-v1,,2026-09-07T05:41:13.273122Z
EM000231,FR000013,FIR,Daksha Menon,PERSON,0.78,331,343,drishyam-ner-v1,P000029,2026-09-07T05:41:13.273124Z
EM000232,FR000013,FIR,TN49 DT 5910,VEHICLE,0.9,376,388,drishyam-ner-v1,VH000019,2026-09-07T05:41:13.273127Z
EM000233,FR000013,FIR,7280025799,PHONE,0.97,433,443,drishyam-ner-v1,PH000038,2026-09-07T05:41:13.273129Z
EM000234,FR000013,FIR,Contraband,PERSON,0.78,445,455,drishyam-ner-v1,,2026-09-07T05:41:13.273132Z
EM000235,FR000013,FIR,Number,PERSON,0.78,498,504,drishyam-ner-v1,,2026-09-07T05:41:13.273134Z
EM000236,FR000013,FIR,FIR-2026-0011,FIR_NUMBER,0.95,505,518,drishyam-ner-v1,,2026-09-07T05:41:13.273136Z
EM000237,FR000013,FIR,Case Number,LOCATION,0.7,525,536,drishyam-ner-v1,,2026-09-07T05:41:13.273138Z
EM000238,FR000013,FIR,CASE-0011,CASE_NUMBER,0.95,537,546,drishyam-ner-v1,,2026-09-07T05:41:13.273140Z
EM000239,FR000013,FIR,Act,PERSON,0.78,583,586,drishyam-ner-v1,,2026-09-07T05:41:13.273142Z
EM000240,FR000014,FIR,Based,PERSON,0.78,0,5,drishyam-ner-v1,,2026-09-07T05:41:13.274130Z
EM000241,FR000014,FIR,01-Feb-2026,DATE,0.8,33,44,drishyam-ner-v1,,2026-09-07T05:41:13.274133Z
EM000242,FR000014,FIR,Feb,PERSON,0.78,36,39,drishyam-ner-v1,,2026-09-07T05:41:13.274136Z
EM000243,FR000014,FIR,Peelamedu Textile Mill,PERSON,0.78,78,100,drishyam-ner-v1,,2026-09-07T05:41:13.274138Z
EM000244,FR000014,FIR,Ariyalur,PERSON,0.78,102,110,drishyam-ner-v1,,2026-09-07T05:41:13.274140Z
EM000245,FR000014,FIR,Complainant Inaya Kadakia,PERSON,0.78,112,137,drishyam-ner-v1,,2026-09-07T05:41:13.274142Z
EM000246,FR000014,FIR,Daksha Menon,PERSON,0.78,149,161,drishyam-ner-v1,P000029,2026-09-07T05:41:13.274144Z
EM000247,FR000014,FIR,Zayyan Mohan,PERSON,0.78,183,195,drishyam-ner-v1,P000031,2026-09-07T05:41:13.274147Z
EM000248,FR000014,FIR,Silver Line Network,GANG,0.82,230,249,drishyam-ner-v1,ORG000002,2026-09-07T05:41:13.274149Z
EM000249,FR000014,FIR,28/01/2026,DATE,0.8,270,280,drishyam-ner-v1,,2026-09-07T05:41:13.274151Z
EM000250,FR000014,FIR,Daksha Menon,PERSON,0.78,326,338,drishyam-ner-v1,P000029,2026-09-07T05:41:13.274153Z
EM000251,FR000014,FIR,TN49 DT 5910,VEHICLE,0.9,371,383,drishyam-ner-v1,VH000019,2026-09-07T05:41:13.274156Z
EM000252,FR000014,FIR,7280025799,PHONE,0.97,428,438,drishyam-ner-v1,PH000038,2026-09-07T05:41:13.274158Z
EM000253,FR000014,FIR,Contraband,PERSON,0.78,440,450,drishyam-ner-v1,,2026-09-07T05:41:13.274160Z
EM000254,FR000014,FIR,Number,PERSON,0.78,493,499,drishyam-ner-v1,,2026-09-07T05:41:13.274162Z
EM000255,FR000014,FIR,FIR-2026-0012,FIR_NUMBER,0.95,500,513,drishyam-ner-v1,,2026-09-07T05:41:13.274164Z
EM000256,FR000014,FIR,Case Number,LOCATION,0.7,520,531,drishyam-ner-v1,,2026-09-07T05:41:13.274166Z
EM000257,FR000014,FIR,CASE-0011,CASE_NUMBER,0.95,532,541,drishyam-ner-v1,,2026-09-07T05:41:13.274169Z
EM000258,FR000014,FIR,Section,PERSON,0.78,573,580,drishyam-ner-v1,,2026-09-07T05:41:13.274172Z
EM000259,FR000014,FIR,Section 135A,LEGAL_SECTION,0.85,573,585,drishyam-ner-v1,,2026-09-07T05:41:13.274174Z
EM000260,FR000014,FIR,Customs Act,PERSON,0.78,586,597,drishyam-ner-v1,,2026-09-07T05:41:13.274176Z
EM000261,FR000015,FIR,Based,PERSON,0.78,0,5,drishyam-ner-v1,,2026-09-07T05:41:13.275217Z
EM000262,FR000015,FIR,16-Nov-2025,DATE,0.8,33,44,drishyam-ner-v1,,2026-09-07T05:41:13.275219Z
EM000263,FR000015,FIR,Nov,PERSON,0.78,36,39,drishyam-ner-v1,,2026-09-07T05:41:13.275222Z
EM000264,FR000015,FIR,Muthialpet Check Post,PERSON,0.78,78,99,drishyam-ner-v1,,2026-09-07T05:41:13.275224Z
EM000265,FR000015,FIR,Madurai,PERSON,0.78,101,108,drishyam-ner-v1,,2026-09-07T05:41:13.275226Z
EM000266,FR000015,FIR,Complainant Yochana Chanda,PERSON,0.78,110,136,drishyam-ner-v1,,2026-09-07T05:41:13.275229Z
EM000267,FR000015,FIR,Max Nadig,PERSON,0.78,148,157,drishyam-ner-v1,P000181,2026-09-07T05:41:13.275231Z
EM000268,FR000015,FIR,Ekani Mohan,PERSON,0.78,180,191,drishyam-ner-v1,P000171,2026-09-07T05:41:13.275233Z
EM000269,FR000015,FIR,Blue Orchid Cartel,GANG,0.82,226,244,drishyam-ner-v1,ORG000011,2026-09-07T05:41:13.275235Z
EM000270,FR000015,FIR,13/11/2025,DATE,0.8,265,275,drishyam-ner-v1,,2026-09-07T05:41:13.275238Z
EM000271,FR000015,FIR,Max Nadig,PERSON,0.78,321,330,drishyam-ner-v1,P000181,2026-09-07T05:41:13.275240Z
EM000272,FR000015,FIR,TN01 NY 5947,VEHICLE,0.9,363,375,drishyam-ner-v1,,2026-09-07T05:41:13.275242Z
EM000273,FR000015,FIR,9684391157,PHONE,0.97,420,430,drishyam-ner-v1,PH000228,2026-09-07T05:41:13.275244Z
EM000274,FR000015,FIR,Contraband,PERSON,0.78,432,442,drishyam-ner-v1,,2026-09-07T05:41:13.275247Z
EM000275,FR000015,FIR,Number,PERSON,0.78,485,491,drishyam-ner-v1,,2026-09-07T05:41:13.275249Z
EM000276,FR000015,FIR,FIR-2025-0013,FIR_NUMBER,0.95,492,505,drishyam-ner-v1,,2026-09-07T05:41:13.275251Z
EM000277,FR000015,FIR,Case Number,LOCATION,0.7,512,523,drishyam-ner-v1,,2026-09-07T05:41:13.275253Z
EM000278,FR000015,FIR,CASE-0012,CASE_NUMBER,0.95,524,533,drishyam-ner-v1,,2026-09-07T05:41:13.275255Z
EM000279,FR000015,FIR,Section,PERSON,0.78,565,572,drishyam-ner-v1,,2026-09-07T05:41:13.275257Z
EM000280,FR000016,FIR,Based,PERSON,0.78,0,5,drishyam-ner-v1,,2026-09-07T05:41:13.276418Z
EM000281,FR000016,FIR,16-Nov-2025,DATE,0.8,33,44,drishyam-ner-v1,,2026-09-07T05:41:13.276421Z
EM000282,FR000016,FIR,Nov,PERSON,0.78,36,39,drishyam-ner-v1,,2026-09-07T05:41:13.276424Z
EM000283,FR000016,FIR,Ganapathy Mandi,PERSON,0.78,78,93,drishyam-ner-v1,,2026-09-07T05:41:13.276426Z
EM000284,FR000016,FIR,Madurai,PERSON,0.78,95,102,drishyam-ner-v1,,2026-09-07T05:41:13.276429Z
EM000285,FR000016,FIR,Complainant Yochana Chanda,PERSON,0.78,104,130,drishyam-ner-v1,,2026-09-07T05:41:13.276431Z
EM000286,FR000016,FIR,Max Nadig,PERSON,0.78,142,151,drishyam-ner-v1,P000181,2026-09-07T05:41:13.276433Z
EM000287,FR000016,FIR,Ekani Mohan,PERSON,0.78,174,185,drishyam-ner-v1,P000171,2026-09-07T05:41:13.276435Z
EM000288,FR000016,FIR,Blue Orchid Cartel,GANG,0.82,220,238,drishyam-ner-v1,ORG000011,2026-09-07T05:41:13.276438Z
EM000289,FR000016,FIR,11/11/2025,DATE,0.8,259,269,drishyam-ner-v1,,2026-09-07T05:41:13.276440Z
EM000290,FR000016,FIR,Max Nadig,PERSON,0.78,315,324,drishyam-ner-v1,P000181,2026-09-07T05:41:13.276443Z
EM000291,FR000016,FIR,TN58 DG 2342,VEHICLE,0.9,357,369,drishyam-ner-v1,,2026-09-07T05:41:13.276445Z
EM000292,FR000016,FIR,9684391157,PHONE,0.97,414,424,drishyam-ner-v1,PH000228,2026-09-07T05:41:13.276447Z
EM000293,FR000016,FIR,Contraband,PERSON,0.78,426,436,drishyam-ner-v1,,2026-09-07T05:41:13.276449Z
EM000294,FR000016,FIR,Number,PERSON,0.78,479,485,drishyam-ner-v1,,2026-09-07T05:41:13.276451Z
EM000295,FR000016,FIR,FIR-2025-0014,FIR_NUMBER,0.95,486,499,drishyam-ner-v1,,2026-09-07T05:41:13.276454Z
EM000296,FR000016,FIR,Case Number,LOCATION,0.7,506,517,drishyam-ner-v1,,2026-09-07T05:41:13.276456Z
EM000297,FR000016,FIR,CASE-0012,CASE_NUMBER,0.95,518,527,drishyam-ner-v1,,2026-09-07T05:41:13.276458Z
EM000298,FR000016,FIR,Section,PERSON,0.78,559,566,drishyam-ner-v1,,2026-09-07T05:41:13.276460Z
EM000299,FR000017,FIR,Complainant Jeet Goda,PERSON,0.78,0,21,drishyam-ner-v1,,2026-09-07T05:41:13.277528Z
EM000300,FR000017,FIR,Mettupalayam Cold Storage,PERSON,0.78,34,59,drishyam-ner-v1,,2026-09-07T05:41:13.277531Z
EM000301,FR000017,FIR,Chennai,PERSON,0.78,78,85,drishyam-ner-v1,,2026-09-07T05:41:13.277533Z
EM000302,FR000017,FIR,02-Aug-2024,DATE,0.8,89,100,drishyam-ner-v1,,2026-09-07T05:41:13.277535Z
EM000303,FR000017,FIR,Aug,PERSON,0.78,92,95,drishyam-ner-v1,,2026-09-07T05:41:13.277538Z
EM000304,FR000017,FIR,Shivani Bala,PERSON,0.78,106,118,drishyam-ner-v1,P000119,2026-09-07T05:41:13.277540Z
EM000305,FR000017,FIR,Abhimanyu Patel,PERSON,0.78,138,153,drishyam-ner-v1,P000115,2026-09-07T05:41:13.277542Z
EM000306,FR000017,FIR,Iron Wolf Syndicate,GANG,0.82,161,180,drishyam-ner-v1,ORG000007,2026-09-07T05:41:13.277545Z
EM000307,FR000017,FIR,26/07/2024,DATE,0.8,269,279,drishyam-ner-v1,,2026-09-07T05:41:13.277547Z
EM000308,FR000017,FIR,Shivani Bala,PERSON,0.78,281,293,drishyam-ner-v1,P000119,2026-09-07T05:41:13.277549Z
EM000309,FR000017,FIR,9130664090,PHONE,0.97,330,340,drishyam-ner-v1,PH000151,2026-09-07T05:41:13.277552Z
EM000310,FR000017,FIR,The,LOCATION,0.7,386,389,drishyam-ner-v1,,2026-09-07T05:41:13.277555Z
EM000311,FR000017,FIR,TN49 BV 5096,VEHICLE,0.9,447,459,drishyam-ner-v1,VH000081,2026-09-07T05:41:13.277557Z
EM000312,FR000017,FIR,Number,PERSON,0.78,465,471,drishyam-ner-v1,,2026-09-07T05:41:13.277559Z
EM000313,FR000017,FIR,FIR-2024-0015,FIR_NUMBER,0.95,472,485,drishyam-ner-v1,,2026-09-07T05:41:13.277562Z
EM000314,FR000017,FIR,Case Number,LOCATION,0.7,503,514,drishyam-ner-v1,,2026-09-07T05:41:13.277564Z
EM000315,FR000017,FIR,CASE-0013,CASE_NUMBER,0.95,515,524,drishyam-ner-v1,,2026-09-07T05:41:13.277566Z
EM000316,FR000017,FIR,Investigating,PERSON,0.78,590,603,drishyam-ner-v1,,2026-09-07T05:41:13.277568Z
EM000317,FR000018,FIR,Complainant Keya Puri,PERSON,0.78,0,21,drishyam-ner-v1,,2026-09-07T05:41:13.278633Z
EM000318,FR000018,FIR,Velachery Oil Depot,PERSON,0.78,41,60,drishyam-ner-v1,,2026-09-07T05:41:13.278636Z
EM000319,FR000018,FIR,Erode,PERSON,0.78,62,67,drishyam-ner-v1,,2026-09-07T05:41:13.278638Z
EM000320,FR000018,FIR,18-May-2024,DATE,0.8,72,83,drishyam-ner-v1,,2026-09-07T05:41:13.278640Z
EM000321,FR000018,FIR,May,PERSON,0.78,75,78,drishyam-ner-v1,,2026-09-07T05:41:13.278642Z
EM000322,FR000018,FIR,Azaan Swamy,PERSON,0.78,98,109,drishyam-ner-v1,P000146,2026-09-07T05:41:13.278645Z
EM000323,FR000018,FIR,Brijesh Sodhi,PERSON,0.78,129,142,drishyam-ner-v1,P000082,2026-09-07T05:41:13.278647Z
EM000324,FR000018,FIR,counterfeit,CRIME_TYPE,0.75,154,165,drishyam-ner-v1,,2026-09-07T05:41:13.278649Z
EM000325,FR000018,FIR,10/05/2024,DATE,0.8,172,182,drishyam-ner-v1,,2026-09-07T05:41:13.278651Z
EM000326,FR000018,FIR,Azaan Swamy,PERSON,0.78,222,233,drishyam-ner-v1,P000146,2026-09-07T05:41:13.278653Z
EM000327,FR000018,FIR,6265117603,PHONE,0.97,267,277,drishyam-ner-v1,PH000185,2026-09-07T05:41:13.278655Z
EM000328,FR000018,FIR,TN38 KG 9141,VEHICLE,0.9,332,344,drishyam-ner-v1,VH000098,2026-09-07T05:41:13.278658Z
EM000329,FR000018,FIR,Velachery Oil Depot,PERSON,0.78,350,369,drishyam-ner-v1,,2026-09-07T05:41:13.278660Z
EM000330,FR000018,FIR,20-May-2024,DATE,0.8,373,384,drishyam-ner-v1,,2026-09-07T05:41:13.278662Z
EM000331,FR000018,FIR,May,PERSON,0.78,376,379,drishyam-ner-v1,,2026-09-07T05:41:13.278664Z
EM000332,FR000018,FIR,The Black Lotus,ORGANIZATION,0.7,386,401,drishyam-ner-v1,,2026-09-07T05:41:13.278666Z
EM000333,FR000018,FIR,Network,GANG,0.82,402,409,drishyam-ner-v1,,2026-09-07T05:41:13.278668Z
EM000334,FR000018,FIR,Number,PERSON,0.78,448,454,drishyam-ner-v1,,2026-09-07T05:41:13.278670Z
EM000335,FR000018,FIR,FIR-2024-0016,FIR_NUMBER,0.95,455,468,drishyam-ner-v1,,2026-09-07T05:41:13.278673Z
EM000336,FR000018,FIR,Case Number,LOCATION,0.7,475,486,drishyam-ner-v1,,2026-09-07T05:41:13.278675Z
EM000337,FR000018,FIR,CASE-0014,CASE_NUMBER,0.95,487,496,drishyam-ner-v1,,2026-09-07T05:41:13.278677Z
EM000338,FR000018,FIR,Section,PERSON,0.78,513,520,drishyam-ner-v1,,2026-09-07T05:41:13.278679Z
EM000339,FR000018,FIR,Section 420 IPC,LEGAL_SECTION,0.85,513,528,drishyam-ner-v1,,2026-09-07T05:41:13.278681Z
EM000340,FR000018,FIR,Investigation,LOCATION,0.7,541,554,drishyam-ner-v1,,2026-09-07T05:41:13.278683Z
EM000341,FR000019,FIR,Based,PERSON,0.78,0,5,drishyam-ner-v1,,2026-09-07T05:41:13.279790Z
EM000342,FR000019,FIR,16-Jan-2025,DATE,0.8,33,44,drishyam-ner-v1,,2026-09-07T05:41:13.279793Z
EM000343,FR000019,FIR,Jan,PERSON,0.78,36,39,drishyam-ner-v1,,2026-09-07T05:41:13.279796Z
EM000344,FR000019,FIR,Ukkadam Toll Plaza,PERSON,0.78,78,96,drishyam-ner-v1,,2026-09-07T05:41:13.279799Z
EM000345,FR000019,FIR,Tiruchchirappalli,PERSON,0.78,98,115,drishyam-ner-v1,,2026-09-07T05:41:13.279801Z
EM000346,FR000019,FIR,Complainant Bhavini Chopra,PERSON,0.78,117,143,drishyam-ner-v1,,2026-09-07T05:41:13.279804Z
EM000347,FR000019,FIR,Abha Shroff,PERSON,0.78,155,166,drishyam-ner-v1,P000040,2026-09-07T05:41:13.279806Z
EM000348,FR000019,FIR,Ria Nayar,PERSON,0.78,186,195,drishyam-ner-v1,P000038,2026-09-07T05:41:13.279809Z
EM000349,FR000019,FIR,Harbour Road Group,GANG,0.82,230,248,drishyam-ner-v1,ORG000003,2026-09-07T05:41:13.279811Z
EM000350,FR000019,FIR,07/01/2025,DATE,0.8,269,279,drishyam-ner-v1,,2026-09-07T05:41:13.279813Z
EM000351,FR000019,FIR,Abha Shroff,PERSON,0.78,325,336,drishyam-ner-v1,P000040,2026-09-07T05:41:13.279816Z
EM000352,FR000019,FIR,TN21 UR 6495,VEHICLE,0.9,369,381,drishyam-ner-v1,VH000027,2026-09-07T05:41:13.279818Z
EM000353,FR000019,FIR,6190003790,PHONE,0.97,426,436,drishyam-ner-v1,PH000053,2026-09-07T05:41:13.279820Z
EM000354,FR000019,FIR,Contraband,PERSON,0.78,438,448,drishyam-ner-v1,,2026-09-07T05:41:13.279824Z
EM000355,FR000019,FIR,Number,PERSON,0.78,491,497,drishyam-ner-v1,,2026-09-07T05:41:13.279826Z
EM000356,FR000019,FIR,FIR-2025-0017,FIR_NUMBER,0.95,498,511,drishyam-ner-v1,,2026-09-07T05:41:13.279829Z
EM000357,FR000019,FIR,Case Number,LOCATION,0.7,518,529,drishyam-ner-v1,,2026-09-07T05:41:13.279831Z
EM000358,FR000019,FIR,CASE-0015,CASE_NUMBER,0.95,530,539,drishyam-ner-v1,,2026-09-07T05:41:13.279833Z
EM000359,FR000019,FIR,Act,PERSON,0.78,576,579,drishyam-ner-v1,,2026-09-07T05:41:13.279835Z
EM000360,FR000020,FIR,Complainant Anita Apte,PERSON,0.78,0,22,drishyam-ner-v1,,2026-09-07T05:41:13.280952Z
EM000361,FR000020,FIR,Central Market Junction,LOCATION,0.7,35,58,drishyam-ner-v1,LOC000061,2026-09-07T05:41:13.280955Z
EM000362,FR000020,FIR,Chengalpattu,PERSON,0.78,77,89,drishyam-ner-v1,,2026-09-07T05:41:13.280957Z
EM000363,FR000020,FIR,25-Jun-2026,DATE,0.8,93,104,drishyam-ner-v1,,2026-09-07T05:41:13.280959Z
EM000364,FR000020,FIR,Jun,PERSON,0.78,96,99,drishyam-ner-v1,,2026-09-07T05:41:13.280961Z
EM000365,FR000020,FIR,Dominic Borde,PERSON,0.78,110,123,drishyam-ner-v1,P000094,2026-09-07T05:41:13.280964Z
EM000366,FR000020,FIR,Silk,PERSON,0.78,131,135,drishyam-ner-v1,,2026-09-07T05:41:13.280966Z
EM000367,FR000020,FIR,Priya Ram,PERSON,0.78,141,150,drishyam-ner-v1,P000072,2026-09-07T05:41:13.280968Z
EM000368,FR000020,FIR,Red Sand Gang,GANG,0.82,158,171,drishyam-ner-v1,ORG000005,2026-09-07T05:41:13.280970Z
EM000369,FR000020,FIR,17/06/2026,DATE,0.8,259,269,drishyam-ner-v1,,2026-09-07T05:41:13.280973Z
EM000370,FR000020,FIR,Dominic Borde,PERSON,0.78,271,284,drishyam-ner-v1,P000094,2026-09-07T05:41:13.280975Z
EM000371,FR000020,FIR,6599781863,PHONE,0.97,321,331,drishyam-ner-v1,PH000121,2026-09-07T05:41:13.280977Z
EM000372,FR000020,FIR,The,LOCATION,0.7,377,380,drishyam-ner-v1,,2026-09-07T05:41:13.280979Z
EM000373,FR000020,FIR,TN58 GB 8880,VEHICLE,0.9,438,450,drishyam-ner-v1,,2026-09-07T05:41:13.280982Z
EM000374,FR000020,FIR,Number,PERSON,0.78,456,462,drishyam-ner-v1,,2026-09-07T05:41:13.280984Z
EM000375,FR000020,FIR,FIR-2026-0018,FIR_NUMBER,0.95,463,476,drishyam-ner-v1,,2026-09-07T05:41:13.280987Z
EM000376,FR000020,FIR,Case Number,LOCATION,0.7,494,505,drishyam-ner-v1,,2026-09-07T05:41:13.280989Z
EM000377,FR000020,FIR,CASE-0016,CASE_NUMBER,0.95,506,515,drishyam-ner-v1,,2026-09-07T05:41:13.280991Z
EM000378,FR000020,FIR,Investigating,PERSON,0.78,581,594,drishyam-ner-v1,,2026-09-07T05:41:13.280993Z
EM000379,FR000021,FIR,18-Sep-2024,DATE,0.8,3,14,drishyam-ner-v1,,2026-09-07T05:41:13.282060Z
EM000380,FR000021,FIR,Sep,PERSON,0.78,6,9,drishyam-ner-v1,,2026-09-07T05:41:13.282063Z
EM000381,FR000021,FIR,Kai Acharya,PERSON,0.78,27,38,drishyam-ner-v1,P000477,2026-09-07T05:41:13.282065Z
EM000382,FR000021,FIR,Anna Nagar Lorry,PERSON,0.78,98,114,drishyam-ner-v1,,2026-09-07T05:41:13.282068Z
EM000383,FR000021,FIR,Park,PERSON,0.78,115,119,drishyam-ner-v1,,2026-09-07T05:41:13.282070Z
EM000384,FR000021,FIR,Tiruvannamalai,PERSON,0.78,121,135,drishyam-ner-v1,,2026-09-07T05:41:13.282072Z
EM000385,FR000021,FIR,The,LOCATION,0.7,137,140,drishyam-ner-v1,,2026-09-07T05:41:13.282074Z
EM000386,FR000021,FIR,Andrew Devi,PERSON,0.78,149,160,drishyam-ner-v1,P000098,2026-09-07T05:41:13.282076Z
EM000387,FR000021,FIR,Nirja Bava,PERSON,0.78,182,192,drishyam-ner-v1,P000123,2026-09-07T05:41:13.282078Z
EM000388,FR000021,FIR,fraud,CRIME_TYPE,0.75,211,216,drishyam-ner-v1,,2026-09-07T05:41:13.282081Z
EM000389,FR000021,FIR,8264526628,PHONE,0.97,239,249,drishyam-ner-v1,PH000127,2026-09-07T05:41:13.282083Z
EM000390,FR000021,FIR,A/C XXXX5123,BANK_ACCOUNT,0.85,259,271,drishyam-ner-v1,,2026-09-07T05:41:13.282085Z
EM000391,FR000021,FIR,11/09/2024,DATE,0.8,326,336,drishyam-ner-v1,,2026-09-07T05:41:13.282087Z
EM000392,FR000021,FIR,TN58 YJ 4817,VEHICLE,0.9,375,387,drishyam-ner-v1,VH000066,2026-09-07T05:41:13.282089Z
EM000393,FR000021,FIR,Number,PERSON,0.78,418,424,drishyam-ner-v1,,2026-09-07T05:41:13.282091Z
EM000394,FR000021,FIR,FIR-2024-0019,FIR_NUMBER,0.95,425,438,drishyam-ner-v1,,2026-09-07T05:41:13.282094Z
EM000395,FR000021,FIR,Case Number,LOCATION,0.7,445,456,drishyam-ner-v1,,2026-09-07T05:41:13.282096Z
EM000396,FR000021,FIR,CASE-0017,CASE_NUMBER,0.95,457,466,drishyam-ner-v1,,2026-09-07T05:41:13.282098Z
EM000397,FR000021,FIR,Section,PERSON,0.78,483,490,drishyam-ner-v1,,2026-09-07T05:41:13.282100Z
EM000398,FR000021,FIR,Section 66D,LEGAL_SECTION,0.85,483,494,drishyam-ner-v1,,2026-09-07T05:41:13.282102Z
EM000399,FR000021,FIR,Act,PERSON,0.78,498,501,drishyam-ner-v1,,2026-09-07T05:41:13.282104Z
EM000400,FR000021,FIR,Section,PERSON,0.78,512,519,drishyam-ner-v1,,2026-09-07T05:41:13.282106Z
EM000401,FR000021,FIR,Section 66D,LEGAL_SECTION,0.85,512,523,drishyam-ner-v1,,2026-09-07T05:41:13.282108Z
EM000402,FR000021,FIR,Act,PERSON,0.78,527,530,drishyam-ner-v1,,2026-09-07T05:41:13.282111Z
EM000403,FR000021,FIR,The,LOCATION,0.7,532,535,drishyam-ner-v1,,2026-09-07T05:41:13.282114Z
EM000404,FR000022,FIR,Based,PERSON,0.78,0,5,drishyam-ner-v1,,2026-09-07T05:41:13.283206Z
EM000405,FR000022,FIR,18-Feb-2026,DATE,0.8,33,44,drishyam-ner-v1,,2026-09-07T05:41:13.283209Z
EM000406,FR000022,FIR,Feb,PERSON,0.78,36,39,drishyam-ner-v1,,2026-09-07T05:41:13.283212Z
EM000407,FR000022,FIR,Sulur Check Post,PERSON,0.78,78,94,drishyam-ner-v1,,2026-09-07T05:41:13.283214Z
EM000408,FR000022,FIR,Erode,PERSON,0.78,96,101,drishyam-ner-v1,,2026-09-07T05:41:13.283216Z
EM000409,FR000022,FIR,Complainant Advaith Lalla,PERSON,0.78,103,128,drishyam-ner-v1,,2026-09-07T05:41:13.283219Z
EM000410,FR000022,FIR,Pallavi Nigam,PERSON,0.78,140,153,drishyam-ner-v1,P000160,2026-09-07T05:41:13.283221Z
EM000411,FR000022,FIR,Silk,PERSON,0.78,161,165,drishyam-ner-v1,,2026-09-07T05:41:13.283223Z
EM000412,FR000022,FIR,Isaac Sarna,PERSON,0.78,171,182,drishyam-ner-v1,P000166,2026-09-07T05:41:13.283225Z
EM000413,FR000022,FIR,Eastern Arc Outfit,GANG,0.82,217,235,drishyam-ner-v1,ORG000010,2026-09-07T05:41:13.283227Z
EM000414,FR000022,FIR,17/02/2026,DATE,0.8,256,266,drishyam-ner-v1,,2026-09-07T05:41:13.283230Z
EM000415,FR000022,FIR,Pallavi Nigam,PERSON,0.78,312,325,drishyam-ner-v1,P000160,2026-09-07T05:41:13.283232Z
EM000416,FR000022,FIR,TN58 LX 1668,VEHICLE,0.9,358,370,drishyam-ner-v1,VH000107,2026-09-07T05:41:13.283234Z
EM000417,FR000022,FIR,7610228601,PHONE,0.97,415,425,drishyam-ner-v1,PH000202,2026-09-07T05:41:13.283236Z
EM000418,FR000022,FIR,Contraband,PERSON,0.78,427,437,drishyam-ner-v1,,2026-09-07T05:41:13.283239Z
EM000419,FR000022,FIR,Number,PERSON,0.78,481,487,drishyam-ner-v1,,2026-09-07T05:41:13.283241Z
EM000420,FR000022,FIR,FIR-2026-0020,FIR_NUMBER,0.95,488,501,drishyam-ner-v1,,2026-09-07T05:41:13.283243Z
EM000421,FR000022,FIR,Case Number,LOCATION,0.7,508,519,drishyam-ner-v1,,2026-09-07T05:41:13.283245Z
EM000422,FR000022,FIR,CASE-0018,CASE_NUMBER,0.95,520,529,drishyam-ner-v1,,2026-09-07T05:41:13.283247Z
EM000423,FR000022,FIR,Section,PERSON,0.78,561,568,drishyam-ner-v1,,2026-09-07T05:41:13.283249Z
EM000424,FR000022,FIR,Section 135A,LEGAL_SECTION,0.85,561,573,drishyam-ner-v1,,2026-09-07T05:41:13.283251Z
EM000425,FR000022,FIR,Customs Act,PERSON,0.78,574,585,drishyam-ner-v1,,2026-09-07T05:41:13.283253Z
EM000426,FR000023,FIR,Based,PERSON,0.78,0,5,drishyam-ner-v1,,2026-09-07T05:41:13.284306Z
EM000427,FR000023,FIR,10-Jun-2025,DATE,0.8,33,44,drishyam-ner-v1,,2026-09-07T05:41:13.284309Z
EM000428,FR000023,FIR,Jun,PERSON,0.78,36,39,drishyam-ner-v1,,2026-09-07T05:41:13.284312Z
EM000429,FR000023,FIR,Kuruvikulam Construction Site,PERSON,0.78,78,107,drishyam-ner-v1,,2026-09-07T05:41:13.284315Z
EM000430,FR000023,FIR,Tiruppur,PERSON,0.78,109,117,drishyam-ner-v1,,2026-09-07T05:41:13.284317Z
EM000431,FR000023,FIR,Complainant Vinaya Chacko,PERSON,0.78,119,144,drishyam-ner-v1,,2026-09-07T05:41:13.284319Z
EM000432,FR000023,FIR,Lavanya Kaul,PERSON,0.78,156,168,drishyam-ner-v1,P000197,2026-09-07T05:41:13.284322Z
EM000433,FR000023,FIR,Lavanya Kaul,PERSON,0.78,190,202,drishyam-ner-v1,P000197,2026-09-07T05:41:13.284324Z
EM000434,FR000023,FIR,Steel Falcon Gang,GANG,0.82,237,254,drishyam-ner-v1,ORG000012,2026-09-07T05:41:13.284326Z
EM000435,FR000023,FIR,02/06/2025,DATE,0.8,275,285,drishyam-ner-v1,,2026-09-07T05:41:13.284329Z
EM000436,FR000023,FIR,Lavanya Kaul,PERSON,0.78,331,343,drishyam-ner-v1,P000197,2026-09-07T05:41:13.284331Z
EM000437,FR000023,FIR,TN34 VV 1372,VEHICLE,0.9,376,388,drishyam-ner-v1,VH000132,2026-09-07T05:41:13.284333Z
EM000438,FR000023,FIR,6676954957,PHONE,0.97,433,443,drishyam-ner-v1,PH000244,2026-09-07T05:41:13.284335Z
EM000439,FR000023,FIR,Contraband,PERSON,0.78,445,455,drishyam-ner-v1,,2026-09-07T05:41:13.284338Z
EM000440,FR000023,FIR,Number,PERSON,0.78,498,504,drishyam-ner-v1,,2026-09-07T05:41:13.284340Z
EM000441,FR000023,FIR,FIR-2025-0021,FIR_NUMBER,0.95,505,518,drishyam-ner-v1,,2026-09-07T05:41:13.284342Z
EM000442,FR000023,FIR,Case Number,LOCATION,0.7,525,536,drishyam-ner-v1,,2026-09-07T05:41:13.284344Z
EM000443,FR000023,FIR,CASE-0019,CASE_NUMBER,0.95,537,546,drishyam-ner-v1,,2026-09-07T05:41:13.284346Z
EM000444,FR000023,FIR,Section,PERSON,0.78,578,585,drishyam-ner-v1,,2026-09-07T05:41:13.284348Z
EM000445,FR000023,FIR,Section 135A,LEGAL_SECTION,0.85,578,590,drishyam-ner-v1,,2026-09-07T05:41:13.284350Z
EM000446,FR000023,FIR,Customs Act,PERSON,0.78,591,602,drishyam-ner-v1,,2026-09-07T05:41:13.284353Z
EM000447,FR000024,FIR,Complainant Sara Nadkarni,PERSON,0.78,0,25,drishyam-ner-v1,,2026-09-07T05:41:13.285417Z
EM000448,FR000024,FIR,Mattuthavani Junction,PERSON,0.78,45,66,drishyam-ner-v1,,2026-09-07T05:41:13.285420Z
EM000449,FR000024,FIR,Madurai,PERSON,0.78,68,75,drishyam-ner-v1,,2026-09-07T05:41:13.285422Z
EM000450,FR000024,FIR,17-Dec-2025,DATE,0.8,80,91,drishyam-ner-v1,,2026-09-07T05:41:13.285425Z
EM000451,FR000024,FIR,Dec,PERSON,0.78,83,86,drishyam-ner-v1,,2026-09-07T05:41:13.285427Z
EM000452,FR000024,FIR,Mugdha Kapadia,PERSON,0.78,106,120,drishyam-ner-v1,P000061,2026-09-07T05:41:13.285429Z
EM000453,FR000024,FIR,Silk,PERSON,0.78,128,132,drishyam-ner-v1,,2026-09-07T05:41:13.285431Z
EM000454,FR000024,FIR,Ayushman Date,PERSON,0.78,138,151,drishyam-ner-v1,P000064,2026-09-07T05:41:13.285434Z
EM000455,FR000024,FIR,counterfeit,CRIME_TYPE,0.75,163,174,drishyam-ner-v1,,2026-09-07T05:41:13.285436Z
EM000456,FR000024,FIR,15/12/2025,DATE,0.8,181,191,drishyam-ner-v1,,2026-09-07T05:41:13.285438Z
EM000457,FR000024,FIR,Mugdha Kapadia,PERSON,0.78,230,244,drishyam-ner-v1,P000061,2026-09-07T05:41:13.285440Z
EM000458,FR000024,FIR,8918890383,PHONE,0.97,278,288,drishyam-ner-v1,PH000077,2026-09-07T05:41:13.285444Z
EM000459,FR000024,FIR,TN30 CJ 2933,VEHICLE,0.9,343,355,drishyam-ner-v1,VH000040,2026-09-07T05:41:13.285446Z
EM000460,FR000024,FIR,Mattuthavani Junction,PERSON,0.78,361,382,drishyam-ner-v1,,2026-09-07T05:41:13.285448Z
EM000461,FR000024,FIR,23-Dec-2025,DATE,0.8,386,397,drishyam-ner-v1,,2026-09-07T05:41:13.285450Z
EM000462,FR000024,FIR,Dec,PERSON,0.78,389,392,drishyam-ner-v1,,2026-09-07T05:41:13.285452Z
EM000463,FR000024,FIR,The North Star,ORGANIZATION,0.7,399,413,drishyam-ner-v1,,2026-09-07T05:41:13.285455Z
EM000464,FR000024,FIR,Outfit,GANG,0.82,414,420,drishyam-ner-v1,,2026-09-07T05:41:13.285457Z
EM000465,FR000024,FIR,Number,PERSON,0.78,459,465,drishyam-ner-v1,,2026-09-07T05:41:13.285459Z
EM000466,FR000024,FIR,FIR-2025-0022,FIR_NUMBER,0.95,466,479,drishyam-ner-v1,,2026-09-07T05:41:13.285461Z
EM000467,FR000024,FIR,Case Number,LOCATION,0.7,486,497,drishyam-ner-v1,,2026-09-07T05:41:13.285463Z
EM000468,FR000024,FIR,CASE-0020,CASE_NUMBER,0.95,498,507,drishyam-ner-v1,,2026-09-07T05:41:13.285465Z
EM000469,FR000024,FIR,Section,PERSON,0.78,524,531,drishyam-ner-v1,,2026-09-07T05:41:13.285468Z
EM000470,FR000024,FIR,Section 420 IPC,LEGAL_SECTION,0.85,524,539,drishyam-ner-v1,,2026-09-07T05:41:13.285470Z
EM000471,FR000024,FIR,Investigation,LOCATION,0.7,552,565,drishyam-ner-v1,,2026-09-07T05:41:13.285472Z
EM000472,FR000025,FIR,25/01/2024,DATE,0.8,3,13,drishyam-ner-v1,,2026-09-07T05:41:13.286493Z
EM000473,FR000025,FIR,Finn Radhakrishnan,PERSON,0.78,46,64,drishyam-ner-v1,P000452,2026-09-07T05:41:13.286496Z
EM000474,FR000025,FIR,Nellithope Cold Storage,PERSON,0.78,80,103,drishyam-ner-v1,,2026-09-07T05:41:13.286498Z
EM000475,FR000025,FIR,Kancheepuram,PERSON,0.78,105,117,drishyam-ner-v1,,2026-09-07T05:41:13.286501Z
EM000476,FR000025,FIR,Eesha Ravi,PERSON,0.78,122,132,drishyam-ner-v1,P000085,2026-09-07T05:41:13.286503Z
EM000477,FR000025,FIR,Silk,PERSON,0.78,140,144,drishyam-ner-v1,,2026-09-07T05:41:13.286505Z
EM000478,FR000025,FIR,Yadavi Dasgupta,PERSON,0.78,150,165,drishyam-ner-v1,P000106,2026-09-07T05:41:13.286507Z
EM000479,FR000025,FIR,Red Sand Gang,GANG,0.82,182,195,drishyam-ner-v1,ORG000005,2026-09-07T05:41:13.286510Z
EM000480,FR000025,FIR,Eesha Ravi,PERSON,0.78,274,284,drishyam-ner-v1,P000085,2026-09-07T05:41:13.286512Z
EM000481,FR000025,FIR,6643629683,PHONE,0.97,318,328,drishyam-ner-v1,PH000108,2026-09-07T05:41:13.286514Z
EM000482,FR000025,FIR,TN43 MM 4293,VEHICLE,0.9,366,378,drishyam-ner-v1,VH000057,2026-09-07T05:41:13.286516Z
EM000483,FR000025,FIR,10-Feb-2024,DATE,0.8,392,403,drishyam-ner-v1,,2026-09-07T05:41:13.286518Z
EM000484,FR000025,FIR,Feb,PERSON,0.78,395,398,drishyam-ner-v1,,2026-09-07T05:41:13.286521Z
EM000485,FR000025,FIR,Number,PERSON,0.78,409,415,drishyam-ner-v1,,2026-09-07T05:41:13.286523Z
EM000486,FR000025,FIR,FIR-2024-0023,FIR_NUMBER,0.95,416,429,drishyam-ner-v1,,2026-09-07T05:41:13.286525Z
EM000487,FR000025,FIR,Case Number,LOCATION,0.7,436,447,drishyam-ner-v1,,2026-09-07T05:41:13.286527Z
EM000488,FR000025,FIR,CASE-0021,CASE_NUMBER,0.95,448,457,drishyam-ner-v1,,2026-09-07T05:41:13.286529Z
EM000489,FR000025,FIR,Section,PERSON,0.78,474,481,drishyam-ner-v1,,2026-09-07T05:41:13.286531Z
EM000490,FR000025,FIR,Section 397 IPC,LEGAL_SECTION,0.85,474,489,drishyam-ner-v1,,2026-09-07T05:41:13.286533Z
EM000491,FR000025,FIR,Investigation,LOCATION,0.7,502,515,drishyam-ner-v1,,2026-09-07T05:41:13.286535Z
EM000492,FR000026,FIR,Based,PERSON,0.78,0,5,drishyam-ner-v1,,2026-09-07T05:41:13.287916Z
EM000493,FR000026,FIR,14-Jun-2024,DATE,0.8,33,44,drishyam-ner-v1,,2026-09-07T05:41:13.287920Z
EM000494,FR000026,FIR,Jun,PERSON,0.78,36,39,drishyam-ner-v1,,2026-09-07T05:41:13.287924Z
EM000495,FR000026,FIR,Chokkanadar Pettai Outer,PERSON,0.78,78,102,drishyam-ner-v1,,2026-09-07T05:41:13.287928Z
EM000496,FR000026,FIR,Ring Road,PERSON,0.78,103,112,drishyam-ner-v1,,2026-09-07T05:41:13.287932Z
EM000497,FR000026,FIR,Thoothukudi,PERSON,0.78,114,125,drishyam-ner-v1,,2026-09-07T05:41:13.287935Z
EM000498,FR000026,FIR,Complainant Ekantika Mangal,PERSON,0.78,127,154,drishyam-ner-v1,,2026-09-07T05:41:13.287939Z
EM000499,FR000026,FIR,Chatura Konda,PERSON,0.78,166,179,drishyam-ner-v1,P000034,2026-09-07T05:41:13.287942Z
EM000500,FR000026,FIR,Silk,PERSON,0.78,187,191,drishyam-ner-v1,,2026-09-07T05:41:13.287946Z
EM000501,FR000026,FIR,Chatura Konda,PERSON,0.78,197,210,drishyam-ner-v1,P000034,2026-09-07T05:41:13.287950Z
EM000502,FR000026,FIR,Harbour Road Group,GANG,0.82,245,263,drishyam-ner-v1,ORG000003,2026-09-07T05:41:13.287953Z
EM000503,FR000026,FIR,12/06/2024,DATE,0.8,284,294,drishyam-ner-v1,,2026-09-07T05:41:13.287957Z
EM000504,FR000026,FIR,Chatura Konda,PERSON,0.78,340,353,drishyam-ner-v1,P000034,2026-09-07T05:41:13.287961Z
EM000505,FR000026,FIR,TN64 YX 5807,VEHICLE,0.9,386,398,drishyam-ner-v1,VH000023,2026-09-07T05:41:13.287965Z
EM000506,FR000026,FIR,7914577741,PHONE,0.97,443,453,drishyam-ner-v1,PH000046,2026-09-07T05:41:13.287968Z
EM000507,FR000026,FIR,Contraband,PERSON,0.78,455,465,drishyam-ner-v1,,2026-09-07T05:41:13.287971Z
EM000508,FR000026,FIR,Number,PERSON,0.78,508,514,drishyam-ner-v1,,2026-09-07T05:41:13.287975Z
EM000509,FR000026,FIR,FIR-2024-0024,FIR_NUMBER,0.95,515,528,drishyam-ner-v1,,2026-09-07T05:41:13.287978Z
EM000510,FR000026,FIR,Case Number,LOCATION,0.7,535,546,drishyam-ner-v1,,2026-09-07T05:41:13.287982Z
EM000511,FR000026,FIR,CASE-0022,CASE_NUMBER,0.95,547,556,drishyam-ner-v1,,2026-09-07T05:41:13.287985Z
EM000512,FR000026,FIR,Section,PERSON,0.78,588,595,drishyam-ner-v1,,2026-09-07T05:41:13.287989Z
EM000513,FR000026,FIR,Section 21 NDPS,LEGAL_SECTION,0.85,588,603,drishyam-ner-v1,,2026-09-07T05:41:13.287992Z
EM000514,FR000027,FIR,Complainant Harinakshi Baria,PERSON,0.78,0,28,drishyam-ner-v1,,2026-09-07T05:41:13.289332Z
EM000515,FR000027,FIR,Villupuram,PERSON,0.78,42,52,drishyam-ner-v1,,2026-09-07T05:41:13.289336Z
EM000516,FR000027,FIR,Section,PERSON,0.78,67,74,drishyam-ner-v1,,2026-09-07T05:41:13.289339Z
EM000517,FR000027,FIR,Section 154 CrPC,LEGAL_SECTION,0.85,67,83,drishyam-ner-v1,,2026-09-07T05:41:13.289341Z
EM000518,FR000027,FIR,01-Apr-2025,DATE,0.8,97,108,drishyam-ner-v1,,2026-09-07T05:41:13.289343Z
EM000519,FR000027,FIR,Apr,PERSON,0.78,100,103,drishyam-ner-v1,,2026-09-07T05:41:13.289346Z
EM000520,FR000027,FIR,13-Apr-2025,DATE,0.8,113,124,drishyam-ner-v1,,2026-09-07T05:41:13.289348Z
EM000521,FR000027,FIR,Apr,PERSON,0.78,116,119,drishyam-ner-v1,,2026-09-07T05:41:13.289350Z
EM000522,FR000027,FIR,Lavanya Kaul,PERSON,0.78,126,138,drishyam-ner-v1,P000197,2026-09-07T05:41:13.289354Z
EM000523,FR000027,FIR,Xalak Bhatia,PERSON,0.78,160,172,drishyam-ner-v1,P000199,2026-09-07T05:41:13.289357Z
EM000524,FR000027,FIR,Steel Falcon Gang,GANG,0.82,185,202,drishyam-ner-v1,ORG000012,2026-09-07T05:41:13.289359Z
EM000525,FR000027,FIR,A/C XXXX3606,BANK_ACCOUNT,0.85,231,243,drishyam-ner-v1,AC000233,2026-09-07T05:41:13.289361Z
EM000526,FR000027,FIR,31/03/2025,DATE,0.8,299,309,drishyam-ner-v1,,2026-09-07T05:41:13.289363Z
EM000527,FR000027,FIR,A/C XXXX3606,BANK_ACCOUNT,0.85,357,369,drishyam-ner-v1,AC000233,2026-09-07T05:41:13.289365Z
EM000528,FR000027,FIR,Suspects,PERSON,0.78,389,397,drishyam-ner-v1,,2026-09-07T05:41:13.289368Z
EM000529,FR000027,FIR,6676954957,PHONE,0.97,409,419,drishyam-ner-v1,PH000244,2026-09-07T05:41:13.289370Z
EM000530,FR000027,FIR,Lavanya Kaul,PERSON,0.78,463,475,drishyam-ner-v1,P000197,2026-09-07T05:41:13.289372Z
EM000531,FR000027,FIR,Chokkanadar Pettai Oil,PERSON,0.78,495,517,drishyam-ner-v1,,2026-09-07T05:41:13.289374Z
EM000532,FR000027,FIR,Depot,PERSON,0.78,518,523,drishyam-ner-v1,,2026-09-07T05:41:13.289376Z
EM000533,FR000027,FIR,TN34 VV 1372,VEHICLE,0.9,558,570,drishyam-ner-v1,VH000132,2026-09-07T05:41:13.289379Z
EM000534,FR000027,FIR,Number,PERSON,0.78,576,582,drishyam-ner-v1,,2026-09-07T05:41:13.289381Z
EM000535,FR000027,FIR,FIR-2025-0025,FIR_NUMBER,0.95,583,596,drishyam-ner-v1,,2026-09-07T05:41:13.289383Z
EM000536,FR000027,FIR,Case Number,LOCATION,0.7,614,625,drishyam-ner-v1,,2026-09-07T05:41:13.289385Z
EM000537,FR000027,FIR,CASE-0023,CASE_NUMBER,0.95,626,635,drishyam-ner-v1,,2026-09-07T05:41:13.289387Z
EM000538,FR000027,FIR,Section,PERSON,0.78,655,662,drishyam-ner-v1,,2026-09-07T05:41:13.289389Z
EM000539,FR000027,FIR,Section,PERSON,0.78,674,681,drishyam-ner-v1,,2026-09-07T05:41:13.289391Z
EM000540,FR000027,FIR,Section 120B IPC,LEGAL_SECTION,0.85,674,690,drishyam-ner-v1,,2026-09-07T05:41:13.289393Z
EM000541,FR000028,FIR,Complainant Harinakshi Baria,PERSON,0.78,0,28,drishyam-ner-v1,,2026-09-07T05:41:13.290679Z
EM000542,FR000028,FIR,Villupuram,PERSON,0.78,42,52,drishyam-ner-v1,,2026-09-07T05:41:13.290682Z
EM000543,FR000028,FIR,Section,PERSON,0.78,67,74,drishyam-ner-v1,,2026-09-07T05:41:13.290684Z
EM000544,FR000028,FIR,Section 154 CrPC,LEGAL_SECTION,0.85,67,83,drishyam-ner-v1,,2026-09-07T05:41:13.290687Z
EM000545,FR000028,FIR,01-Apr-2025,DATE,0.8,97,108,drishyam-ner-v1,,2026-09-07T05:41:13.290689Z
EM000546,FR000028,FIR,Apr,PERSON,0.78,100,103,drishyam-ner-v1,,2026-09-07T05:41:13.290691Z
EM000547,FR000028,FIR,05-Apr-2025,DATE,0.8,113,124,drishyam-ner-v1,,2026-09-07T05:41:13.290693Z
EM000548,FR000028,FIR,Apr,PERSON,0.78,116,119,drishyam-ner-v1,,2026-09-07T05:41:13.290696Z
EM000549,FR000028,FIR,Lavanya Kaul,PERSON,0.78,126,138,drishyam-ner-v1,P000197,2026-09-07T05:41:13.290698Z
EM000550,FR000028,FIR,Xalak Bhatia,PERSON,0.78,160,172,drishyam-ner-v1,P000199,2026-09-07T05:41:13.290701Z
EM000551,FR000028,FIR,Steel Falcon Gang,GANG,0.82,185,202,drishyam-ner-v1,ORG000012,2026-09-07T05:41:13.290703Z
EM000552,FR000028,FIR,A/C XXXX3606,BANK_ACCOUNT,0.85,231,243,drishyam-ner-v1,AC000233,2026-09-07T05:41:13.290705Z
EM000553,FR000028,FIR,24/03/2025,DATE,0.8,299,309,drishyam-ner-v1,,2026-09-07T05:41:13.290707Z
EM000554,FR000028,FIR,A/C XXXX3606,BANK_ACCOUNT,0.85,357,369,drishyam-ner-v1,AC000233,2026-09-07T05:41:13.290710Z
EM000555,FR000028,FIR,Suspects,PERSON,0.78,389,397,drishyam-ner-v1,,2026-09-07T05:41:13.290712Z
EM000556,FR000028,FIR,6676954957,PHONE,0.97,409,419,drishyam-ner-v1,PH000244,2026-09-07T05:41:13.290714Z
EM000557,FR000028,FIR,Lavanya Kaul,PERSON,0.78,463,475,drishyam-ner-v1,P000197,2026-09-07T05:41:13.290716Z
EM000558,FR000028,FIR,Thirunagar Cold Storage,PERSON,0.78,495,518,drishyam-ner-v1,,2026-09-07T05:41:13.290719Z
EM000559,FR000028,FIR,TN34 VV 1372,VEHICLE,0.9,553,565,drishyam-ner-v1,VH000132,2026-09-07T05:41:13.290721Z
EM000560,FR000028,FIR,Number,PERSON,0.78,571,577,drishyam-ner-v1,,2026-09-07T05:41:13.290723Z
EM000561,FR000028,FIR,FIR-2025-0026,FIR_NUMBER,0.95,578,591,drishyam-ner-v1,,2026-09-07T05:41:13.290725Z
EM000562,FR000028,FIR,Case Number,LOCATION,0.7,609,620,drishyam-ner-v1,,2026-09-07T05:41:13.290727Z
EM000563,FR000028,FIR,CASE-0023,CASE_NUMBER,0.95,621,630,drishyam-ner-v1,,2026-09-07T05:41:13.290729Z
EM000564,FR000028,FIR,Section,PERSON,0.78,650,657,drishyam-ner-v1,,2026-09-07T05:41:13.290731Z
EM000565,FR000028,FIR,Section,PERSON,0.78,669,676,drishyam-ner-v1,,2026-09-07T05:41:13.290734Z
EM000566,FR000028,FIR,Section 120B IPC,LEGAL_SECTION,0.85,669,685,drishyam-ner-v1,,2026-09-07T05:41:13.290736Z
EM000567,FR000029,FIR,Complainant Rudra Prabhu,PERSON,0.78,0,24,drishyam-ner-v1,,2026-09-07T05:41:13.292513Z
EM000568,FR000029,FIR,13-Jan-2024,DATE,0.8,37,48,drishyam-ner-v1,,2026-09-07T05:41:13.292517Z
EM000569,FR000029,FIR,Jan,PERSON,0.78,40,43,drishyam-ner-v1,,2026-09-07T05:41:13.292521Z
EM000570,FR000029,FIR,Kuruvikulam Construction Site,PERSON,0.78,79,108,drishyam-ner-v1,,2026-09-07T05:41:13.292525Z
EM000571,FR000029,FIR,Tiruppur,PERSON,0.78,110,118,drishyam-ner-v1,,2026-09-07T05:41:13.292528Z
EM000572,FR000029,FIR,07/01/2024,DATE,0.8,123,133,drishyam-ner-v1,,2026-09-07T05:41:13.292532Z
EM000573,FR000029,FIR,TN62 XL 4747,VEHICLE,0.9,160,172,drishyam-ner-v1,VH000116,2026-09-07T05:41:13.292535Z
EM000574,FR000029,FIR,Ekani Mohan,PERSON,0.78,188,199,drishyam-ner-v1,P000171,2026-09-07T05:41:13.292538Z
EM000575,FR000029,FIR,Silk,PERSON,0.78,207,211,drishyam-ner-v1,,2026-09-07T05:41:13.292541Z
EM000576,FR000029,FIR,Nandini Dugar,PERSON,0.78,217,230,drishyam-ner-v1,P000097,2026-09-07T05:41:13.292545Z
EM000577,FR000029,FIR,9536344864,PHONE,0.97,257,267,drishyam-ner-v1,PH000216,2026-09-07T05:41:13.292548Z
EM000578,FR000029,FIR,Kuruvikulam Construction Site,PERSON,0.78,280,309,drishyam-ner-v1,,2026-09-07T05:41:13.292552Z
EM000579,FR000029,FIR,Stolen,PERSON,0.78,311,317,drishyam-ner-v1,,2026-09-07T05:41:13.292556Z
EM000580,FR000029,FIR,Number,PERSON,0.78,361,367,drishyam-ner-v1,,2026-09-07T05:41:13.292560Z
EM000581,FR000029,FIR,FIR-2024-0027,FIR_NUMBER,0.95,368,381,drishyam-ner-v1,,2026-09-07T05:41:13.292563Z
EM000582,FR000029,FIR,Case Number,LOCATION,0.7,388,399,drishyam-ner-v1,,2026-09-07T05:41:13.292567Z
EM000583,FR000029,FIR,CASE-0024,CASE_NUMBER,0.95,400,409,drishyam-ner-v1,,2026-09-07T05:41:13.292570Z
EM000584,FR000029,FIR,Section,PERSON,0.78,426,433,drishyam-ner-v1,,2026-09-07T05:41:13.292574Z
EM000585,FR000029,FIR,Section 379 IPC,LEGAL_SECTION,0.85,426,441,drishyam-ner-v1,,2026-09-07T05:41:13.292577Z
EM000586,FR000029,FIR,Investigation,LOCATION,0.7,455,468,drishyam-ner-v1,,2026-09-07T05:41:13.292584Z
EM000587,FR000030,FIR,Based,PERSON,0.78,0,5,drishyam-ner-v1,,2026-09-07T05:41:13.294656Z
EM000588,FR000030,FIR,04-Jun-2025,DATE,0.8,33,44,drishyam-ner-v1,,2026-09-07T05:41:13.294661Z
EM000589,FR000030,FIR,Jun,PERSON,0.78,36,39,drishyam-ner-v1,,2026-09-07T05:41:13.294664Z
EM000590,FR000030,FIR,Thirunagar Industrial Estate,PERSON,0.78,78,106,drishyam-ner-v1,,2026-09-07T05:41:13.294667Z
EM000591,FR000030,FIR,Coimbatore,PERSON,0.78,108,118,drishyam-ner-v1,,2026-09-07T05:41:13.294671Z
EM000592,FR000030,FIR,Complainant Xiti Kanda,PERSON,0.78,120,142,drishyam-ner-v1,,2026-09-07T05:41:13.294674Z
EM000593,FR000030,FIR,Umang Nadkarni,PERSON,0.78,154,168,drishyam-ner-v1,P000144,2026-09-07T05:41:13.294677Z
EM000594,FR000030,FIR,Silk,PERSON,0.78,176,180,drishyam-ner-v1,,2026-09-07T05:41:13.294684Z
EM000595,FR000030,FIR,Darpan Bajwa,PERSON,0.78,186,198,drishyam-ner-v1,P000151,2026-09-07T05:41:13.294688Z
EM000596,FR000030,FIR,Black Lotus Network,GANG,0.82,233,252,drishyam-ner-v1,ORG000009,2026-09-07T05:41:13.294694Z
EM000597,FR000030,FIR,03/06/2025,DATE,0.8,273,283,drishyam-ner-v1,,2026-09-07T05:41:13.294698Z
EM000598,FR000030,FIR,Umang Nadkarni,PERSON,0.78,329,343,drishyam-ner-v1,P000144,2026-09-07T05:41:13.294702Z
EM000599,FR000030,FIR,TN01 JP 3962,VEHICLE,0.9,376,388,drishyam-ner-v1,,2026-09-07T05:41:13.294705Z
EM000600,FR000030,FIR,7060782485,PHONE,0.97,433,443,drishyam-ner-v1,PH000183,2026-09-07T05:41:13.294708Z
EM000601,FR000030,FIR,Contraband,PERSON,0.78,445,455,drishyam-ner-v1,,2026-09-07T05:41:13.294712Z
EM000602,FR000030,FIR,Number,PERSON,0.78,499,505,drishyam-ner-v1,,2026-09-07T05:41:13.294716Z
EM000603,FR000030,FIR,FIR-2025-0028,FIR_NUMBER,0.95,506,519,drishyam-ner-v1,,2026-09-07T05:41:13.294720Z
EM000604,FR000030,FIR,Case Number,LOCATION,0.7,526,537,drishyam-ner-v1,,2026-09-07T05:41:13.294723Z
EM000605,FR000030,FIR,CASE-0025,CASE_NUMBER,0.95,538,547,drishyam-ner-v1,,2026-09-07T05:41:13.294727Z
EM000606,FR000030,FIR,Section,PERSON,0.78,579,586,drishyam-ner-v1,,2026-09-07T05:41:13.294733Z
EM000607,FR000030,FIR,Section 418 IPC,LEGAL_SECTION,0.85,579,594,drishyam-ner-v1,,2026-09-07T05:41:13.294736Z
EM000608,FR000031,FIR,Complainant Zinal Nagarajan,PERSON,0.78,0,27,drishyam-ner-v1,,2026-09-07T05:41:13.296818Z
EM000609,FR000031,FIR,Chennai,PERSON,0.78,41,48,drishyam-ner-v1,,2026-09-07T05:41:13.296822Z
EM000610,FR000031,FIR,Section,PERSON,0.78,63,70,drishyam-ner-v1,,2026-09-07T05:41:13.296826Z
EM000611,FR000031,FIR,Section 154 CrPC,LEGAL_SECTION,0.85,63,79,drishyam-ner-v1,,2026-09-07T05:41:13.296829Z
EM000612,FR000031,FIR,09-Sep-2024,DATE,0.8,93,104,drishyam-ner-v1,,2026-09-07T05:41:13.296832Z
EM000613,FR000031,FIR,Sep,PERSON,0.78,96,99,drishyam-ner-v1,,2026-09-07T05:41:13.296835Z
EM000614,FR000031,FIR,20-Sep-2024,DATE,0.8,109,120,drishyam-ner-v1,,2026-09-07T05:41:13.296838Z
EM000615,FR000031,FIR,Sep,PERSON,0.78,112,115,drishyam-ner-v1,,2026-09-07T05:41:13.296842Z
EM000616,FR000031,FIR,Veer Mital,PERSON,0.78,122,132,drishyam-ner-v1,P000172,2026-09-07T05:41:13.296845Z
EM000617,FR000031,FIR,Silk,PERSON,0.78,140,144,drishyam-ner-v1,,2026-09-07T05:41:13.296848Z
EM000618,FR000031,FIR,Max Nadig,PERSON,0.78,150,159,drishyam-ner-v1,P000181,2026-09-07T05:41:13.296851Z
EM000619,FR000031,FIR,Blue Orchid Cartel,GANG,0.82,172,190,drishyam-ner-v1,ORG000011,2026-09-07T05:41:13.296855Z
EM000620,FR000031,FIR,A/C XXXX6141,BANK_ACCOUNT,0.85,219,231,drishyam-ner-v1,AC000208,2026-09-07T05:41:13.296858Z
EM000621,FR000031,FIR,06/09/2024,DATE,0.8,287,297,drishyam-ner-v1,,2026-09-07T05:41:13.296861Z
EM000622,FR000031,FIR,A/C XXXX6141,BANK_ACCOUNT,0.85,345,357,drishyam-ner-v1,AC000208,2026-09-07T05:41:13.296864Z
EM000623,FR000031,FIR,Suspects,PERSON,0.78,377,385,drishyam-ner-v1,,2026-09-07T05:41:13.296868Z
EM000624,FR000031,FIR,9036959815,PHONE,0.97,397,407,drishyam-ner-v1,PH000217,2026-09-07T05:41:13.296872Z
EM000625,FR000031,FIR,Veer Mital,PERSON,0.78,451,461,drishyam-ner-v1,P000172,2026-09-07T05:41:13.296876Z
EM000626,FR000031,FIR,Pappanaickenpalayam Bridge End,PERSON,0.78,481,511,drishyam-ner-v1,,2026-09-07T05:41:13.296880Z
EM000627,FR000031,FIR,TN64 SL 6012,VEHICLE,0.9,546,558,drishyam-ner-v1,VH000117,2026-09-07T05:41:13.296884Z
EM000628,FR000031,FIR,Number,PERSON,0.78,564,570,drishyam-ner-v1,,2026-09-07T05:41:13.296888Z
EM000629,FR000031,FIR,FIR-2024-0029,FIR_NUMBER,0.95,571,584,drishyam-ner-v1,,2026-09-07T05:41:13.296891Z
EM000630,FR000031,FIR,Case Number,LOCATION,0.7,602,613,drishyam-ner-v1,,2026-09-07T05:41:13.296895Z
EM000631,FR000031,FIR,CASE-0026,CASE_NUMBER,0.95,614,623,drishyam-ner-v1,,2026-09-07T05:41:13.296898Z
EM000632,FR000031,FIR,Section,PERSON,0.78,643,650,drishyam-ner-v1,,2026-09-07T05:41:13.296901Z
EM000633,FR000031,FIR,Section,PERSON,0.78,662,669,drishyam-ner-v1,,2026-09-07T05:41:13.296905Z
EM000634,FR000031,FIR,Section 120B IPC,LEGAL_SECTION,0.85,662,678,drishyam-ner-v1,,2026-09-07T05:41:13.296908Z
EM000635,FR000032,FIR,Complainant Xiti Ratti,PERSON,0.78,0,22,drishyam-ner-v1,,2026-09-07T05:41:13.298700Z
EM000636,FR000032,FIR,Pothigai Nagar Oil,PERSON,0.78,35,53,drishyam-ner-v1,,2026-09-07T05:41:13.298706Z
EM000637,FR000032,FIR,Depot,PERSON,0.78,54,59,drishyam-ner-v1,,2026-09-07T05:41:13.298710Z
EM000638,FR000032,FIR,Chennai,PERSON,0.78,78,85,drishyam-ner-v1,,2026-09-07T05:41:13.298714Z
EM000639,FR000032,FIR,01-Feb-2025,DATE,0.8,89,100,drishyam-ner-v1,,2026-09-07T05:41:13.298717Z
EM000640,FR000032,FIR,Feb,PERSON,0.78,92,95,drishyam-ner-v1,,2026-09-07T05:41:13.298721Z
EM000641,FR000032,FIR,Turvi Khare,PERSON,0.78,106,117,drishyam-ner-v1,P000139,2026-09-07T05:41:13.298725Z
EM000642,FR000032,FIR,Silk,PERSON,0.78,125,129,drishyam-ner-v1,,2026-09-07T05:41:13.298729Z
EM000643,FR000032,FIR,Falguni Barad,PERSON,0.78,135,148,drishyam-ner-v1,P000152,2026-09-07T05:41:13.298733Z
EM000644,FR000032,FIR,Black Lotus Network,GANG,0.82,156,175,drishyam-ner-v1,ORG000009,2026-09-07T05:41:13.298736Z
EM000645,FR000032,FIR,31/01/2025,DATE,0.8,264,274,drishyam-ner-v1,,2026-09-07T05:41:13.298740Z
EM000646,FR000032,FIR,Turvi Khare,PERSON,0.78,276,287,drishyam-ner-v1,P000139,2026-09-07T05:41:13.298744Z
EM000647,FR000032,FIR,9255043206,PHONE,0.97,324,334,drishyam-ner-v1,PH000178,2026-09-07T05:41:13.298748Z
EM000648,FR000032,FIR,The,LOCATION,0.7,380,383,drishyam-ner-v1,,2026-09-07T05:41:13.298751Z
EM000649,FR000032,FIR,TN75 TH 2925,VEHICLE,0.9,441,453,drishyam-ner-v1,VH000093,2026-09-07T05:41:13.298755Z
EM000650,FR000032,FIR,Number,PERSON,0.78,459,465,drishyam-ner-v1,,2026-09-07T05:41:13.298759Z
EM000651,FR000032,FIR,FIR-2025-0030,FIR_NUMBER,0.95,466,479,drishyam-ner-v1,,2026-09-07T05:41:13.298763Z
EM000652,FR000032,FIR,Case Number,LOCATION,0.7,497,508,drishyam-ner-v1,,2026-09-07T05:41:13.298767Z
EM000653,FR000032,FIR,CASE-0027,CASE_NUMBER,0.95,509,518,drishyam-ner-v1,,2026-09-07T05:41:13.298770Z
EM000654,FR000032,FIR,Investigating,PERSON,0.78,584,597,drishyam-ner-v1,,2026-09-07T05:41:13.298774Z
EM000655,FR000033,FIR,Based,PERSON,0.78,0,5,drishyam-ner-v1,,2026-09-07T05:41:13.300711Z
EM000656,FR000033,FIR,27-Feb-2026,DATE,0.8,33,44,drishyam-ner-v1,,2026-09-07T05:41:13.300717Z
EM000657,FR000033,FIR,Feb,PERSON,0.78,36,39,drishyam-ner-v1,,2026-09-07T05:41:13.300721Z
EM000658,FR000033,FIR,Kajamalai Industrial Estate,PERSON,0.78,78,105,drishyam-ner-v1,,2026-09-07T05:41:13.300728Z
EM000659,FR000033,FIR,Erode,PERSON,0.78,107,112,drishyam-ner-v1,,2026-09-07T05:41:13.300732Z
EM000660,FR000033,FIR,Complainant Eta Agarwal,PERSON,0.78,114,137,drishyam-ner-v1,,2026-09-07T05:41:13.300736Z
EM000661,FR000033,FIR,Pallavi Nigam,PERSON,0.78,149,162,drishyam-ner-v1,P000160,2026-09-07T05:41:13.300741Z
EM000662,FR000033,FIR,Silk,PERSON,0.78,170,174,drishyam-ner-v1,,2026-09-07T05:41:13.300745Z
EM000663,FR000033,FIR,Xiti Gupta,PERSON,0.78,180,190,drishyam-ner-v1,P000159,2026-09-07T05:41:13.300749Z
EM000664,FR000033,FIR,Eastern Arc Outfit,GANG,0.82,225,243,drishyam-ner-v1,ORG000010,2026-09-07T05:41:13.300753Z
EM000665,FR000033,FIR,25/02/2026,DATE,0.8,264,274,drishyam-ner-v1,,2026-09-07T05:41:13.300757Z
EM000666,FR000033,FIR,Pallavi Nigam,PERSON,0.78,320,333,drishyam-ner-v1,P000160,2026-09-07T05:41:13.300762Z
EM000667,FR000033,FIR,TN58 LX 1668,VEHICLE,0.9,366,378,drishyam-ner-v1,VH000107,2026-09-07T05:41:13.300766Z
EM000668,FR000033,FIR,7610228601,PHONE,0.97,423,433,drishyam-ner-v1,PH000202,2026-09-07T05:41:13.300769Z
EM000669,FR000033,FIR,Contraband,PERSON,0.78,435,445,drishyam-ner-v1,,2026-09-07T05:41:13.300775Z
EM000670,FR000033,FIR,Number,PERSON,0.78,489,495,drishyam-ner-v1,,2026-09-07T05:41:13.300781Z
EM000671,FR000033,FIR,FIR-2026-0031,FIR_NUMBER,0.95,496,509,drishyam-ner-v1,,2026-09-07T05:41:13.300785Z
EM000672,FR000033,FIR,Case Number,LOCATION,0.7,516,527,drishyam-ner-v1,,2026-09-07T05:41:13.300789Z
EM000673,FR000033,FIR,CASE-0028,CASE_NUMBER,0.95,528,537,drishyam-ner-v1,,2026-09-07T05:41:13.300793Z
EM000674,FR000033,FIR,Section,PERSON,0.78,569,576,drishyam-ner-v1,,2026-09-07T05:41:13.300799Z
EM000675,FR000034,FIR,Complainant Nidhi Dhillon,PERSON,0.78,0,25,drishyam-ner-v1,,2026-09-07T05:41:13.301874Z
EM000676,FR000034,FIR,Kajamalai Junction,PERSON,0.78,38,56,drishyam-ner-v1,,2026-09-07T05:41:13.301877Z
EM000677,FR000034,FIR,Tiruchchirappalli,PERSON,0.78,75,92,drishyam-ner-v1,,2026-09-07T05:41:13.301880Z
EM000678,FR000034,FIR,27-Aug-2024,DATE,0.8,96,107,drishyam-ner-v1,,2026-09-07T05:41:13.301882Z
EM000679,FR000034,FIR,Aug,PERSON,0.78,99,102,drishyam-ner-v1,,2026-09-07T05:41:13.301884Z
EM000680,FR000034,FIR,Sachi Keer,PERSON,0.78,113,123,drishyam-ner-v1,P000092,2026-09-07T05:41:13.301887Z
EM000681,FR000034,FIR,Aayush Sachdeva,PERSON,0.78,145,160,drishyam-ner-v1,P000053,2026-09-07T05:41:13.301889Z
EM000682,FR000034,FIR,Red Sand Gang,GANG,0.82,168,181,drishyam-ner-v1,ORG000005,2026-09-07T05:41:13.301892Z
EM000683,FR000034,FIR,20/08/2024,DATE,0.8,270,280,drishyam-ner-v1,,2026-09-07T05:41:13.301894Z
EM000684,FR000034,FIR,Sachi Keer,PERSON,0.78,282,292,drishyam-ner-v1,P000092,2026-09-07T05:41:13.301896Z
EM000685,FR000034,FIR,9839654741,PHONE,0.97,329,339,drishyam-ner-v1,PH000119,2026-09-07T05:41:13.301898Z
EM000686,FR000034,FIR,The,LOCATION,0.7,385,388,drishyam-ner-v1,,2026-09-07T05:41:13.301901Z
EM000687,FR000034,FIR,TN30 EK 3992,VEHICLE,0.9,446,458,drishyam-ner-v1,VH000061,2026-09-07T05:41:13.301903Z
EM000688,FR000034,FIR,Number,PERSON,0.78,464,470,drishyam-ner-v1,,2026-09-07T05:41:13.301905Z
EM000689,FR000034,FIR,FIR-2024-0032,FIR_NUMBER,0.95,471,484,drishyam-ner-v1,,2026-09-07T05:41:13.301907Z
EM000690,FR000034,FIR,Case Number,LOCATION,0.7,502,513,drishyam-ner-v1,,2026-09-07T05:41:13.301909Z
EM000691,FR000034,FIR,CASE-0029,CASE_NUMBER,0.95,514,523,drishyam-ner-v1,,2026-09-07T05:41:13.301911Z
EM000692,FR000034,FIR,Investigating,PERSON,0.78,586,599,drishyam-ner-v1,,2026-09-07T05:41:13.301914Z
EM000693,FR000035,FIR,Based,PERSON,0.78,0,5,drishyam-ner-v1,,2026-09-07T05:41:13.303022Z
EM000694,FR000035,FIR,18-Feb-2026,DATE,0.8,33,44,drishyam-ner-v1,,2026-09-07T05:41:13.303025Z
EM000695,FR000035,FIR,Feb,PERSON,0.78,36,39,drishyam-ner-v1,,2026-09-07T05:41:13.303027Z
EM000696,FR000035,FIR,Ukkadam Cold Storage,PERSON,0.78,78,98,drishyam-ner-v1,,2026-09-07T05:41:13.303030Z
EM000697,FR000035,FIR,Tiruchchirappalli,PERSON,0.78,100,117,drishyam-ner-v1,,2026-09-07T05:41:13.303032Z
EM000698,FR000035,FIR,Complainant Darpan Sood,PERSON,0.78,119,142,drishyam-ner-v1,,2026-09-07T05:41:13.303034Z
EM000699,FR000035,FIR,Triveni Lad,PERSON,0.78,154,165,drishyam-ner-v1,P000103,2026-09-07T05:41:13.303036Z
EM000700,FR000035,FIR,Bina Reddy,PERSON,0.78,188,198,drishyam-ner-v1,P000131,2026-09-07T05:41:13.303038Z
EM000701,FR000035,FIR,Delta Cartel,GANG,0.82,233,245,drishyam-ner-v1,ORG000006,2026-09-07T05:41:13.303041Z
EM000702,FR000035,FIR,09/02/2026,DATE,0.8,266,276,drishyam-ner-v1,,2026-09-07T05:41:13.303043Z
EM000703,FR000035,FIR,Triveni Lad,PERSON,0.78,322,333,drishyam-ner-v1,P000103,2026-09-07T05:41:13.303045Z
EM000704,FR000035,FIR,TN58 PR 2486,VEHICLE,0.9,366,378,drishyam-ner-v1,,2026-09-07T05:41:13.303047Z
EM000705,FR000035,FIR,8142800073,PHONE,0.97,423,433,drishyam-ner-v1,PH000133,2026-09-07T05:41:13.303050Z
EM000706,FR000035,FIR,Contraband,PERSON,0.78,435,445,drishyam-ner-v1,,2026-09-07T05:41:13.303052Z
EM000707,FR000035,FIR,Number,PERSON,0.78,488,494,drishyam-ner-v1,,2026-09-07T05:41:13.303054Z
EM000708,FR000035,FIR,FIR-2026-0033,FIR_NUMBER,0.95,495,508,drishyam-ner-v1,,2026-09-07T05:41:13.303056Z
EM000709,FR000035,FIR,Case Number,LOCATION,0.7,515,526,drishyam-ner-v1,,2026-09-07T05:41:13.303058Z
EM000710,FR000035,FIR,CASE-0030,CASE_NUMBER,0.95,527,536,drishyam-ner-v1,,2026-09-07T05:41:13.303060Z
EM000711,FR000035,FIR,Section,PERSON,0.78,568,575,drishyam-ner-v1,,2026-09-07T05:41:13.303062Z
EM000712,FR000036,FIR,Complainant Rehaan Chada,PERSON,0.78,0,24,drishyam-ner-v1,,2026-09-07T05:41:13.305050Z
EM000713,FR000036,FIR,Pudukkottai,PERSON,0.78,38,49,drishyam-ner-v1,,2026-09-07T05:41:13.305055Z
EM000714,FR000036,FIR,Section,PERSON,0.78,64,71,drishyam-ner-v1,,2026-09-07T05:41:13.305058Z
EM000715,FR000036,FIR,Section 154 CrPC,LEGAL_SECTION,0.85,64,80,drishyam-ner-v1,,2026-09-07T05:41:13.305062Z
EM000716,FR000036,FIR,24-Jul-2026,DATE,0.8,94,105,drishyam-ner-v1,,2026-09-07T05:41:13.305066Z
EM000717,FR000036,FIR,Jul,PERSON,0.78,97,100,drishyam-ner-v1,,2026-09-07T05:41:13.305070Z
EM000718,FR000036,FIR,29-Jul-2026,DATE,0.8,110,121,drishyam-ner-v1,,2026-09-07T05:41:13.305073Z
EM000719,FR000036,FIR,Jul,PERSON,0.78,113,116,drishyam-ner-v1,,2026-09-07T05:41:13.305077Z
EM000720,FR000036,FIR,Zarna Menon,PERSON,0.78,123,134,drishyam-ner-v1,P000173,2026-09-07T05:41:13.305080Z
EM000721,FR000036,FIR,Patrick Acharya,PERSON,0.78,160,175,drishyam-ner-v1,P000196,2026-09-07T05:41:13.305084Z
EM000722,FR000036,FIR,Blue Orchid Cartel,GANG,0.82,188,206,drishyam-ner-v1,ORG000011,2026-09-07T05:41:13.305088Z
EM000723,FR000036,FIR,A/C XXXX2607,BANK_ACCOUNT,0.85,235,247,drishyam-ner-v1,AC000209,2026-09-07T05:41:13.305091Z
EM000724,FR000036,FIR,19/07/2026,DATE,0.8,303,313,drishyam-ner-v1,,2026-09-07T05:41:13.305095Z
EM000725,FR000036,FIR,A/C XXXX2607,BANK_ACCOUNT,0.85,361,373,drishyam-ner-v1,AC000209,2026-09-07T05:41:13.305099Z
EM000726,FR000036,FIR,Suspects,PERSON,0.78,393,401,drishyam-ner-v1,,2026-09-07T05:41:13.305103Z
EM000727,FR000036,FIR,7505457720,PHONE,0.97,413,423,drishyam-ner-v1,PH000218,2026-09-07T05:41:13.305107Z
EM000728,FR000036,FIR,Zarna Menon,PERSON,0.78,467,478,drishyam-ner-v1,P000173,2026-09-07T05:41:13.305110Z
EM000729,FR000036,FIR,Nagar Night Bazaar,PERSON,0.78,501,519,drishyam-ner-v1,,2026-09-07T05:41:13.305114Z
EM000730,FR000036,FIR,TN38 XY 1542,VEHICLE,0.9,554,566,drishyam-ner-v1,,2026-09-07T05:41:13.305118Z
EM000731,FR000036,FIR,Number,PERSON,0.78,572,578,drishyam-ner-v1,,2026-09-07T05:41:13.305121Z
EM000732,FR000036,FIR,FIR-2026-0034,FIR_NUMBER,0.95,579,592,drishyam-ner-v1,,2026-09-07T05:41:13.305125Z
EM000733,FR000036,FIR,Case Number,LOCATION,0.7,610,621,drishyam-ner-v1,,2026-09-07T05:41:13.305128Z
EM000734,FR000036,FIR,CASE-0031,CASE_NUMBER,0.95,622,631,drishyam-ner-v1,,2026-09-07T05:41:13.305132Z
EM000735,FR000036,FIR,Section,PERSON,0.78,651,658,drishyam-ner-v1,,2026-09-07T05:41:13.305136Z
EM000736,FR000036,FIR,Section 120B IPC,LEGAL_SECTION,0.85,651,667,drishyam-ner-v1,,2026-09-07T05:41:13.305140Z
EM000737,FR000036,FIR,Section,PERSON,0.78,672,679,drishyam-ner-v1,,2026-09-07T05:41:13.305143Z
EM000738,FR000036,FIR,Section 120B IPC,LEGAL_SECTION,0.85,672,688,drishyam-ner-v1,,2026-09-07T05:41:13.305147Z
EM000739,FR000037,FIR,Complainant Chanchal Ahluwalia,PERSON,0.78,0,30,drishyam-ner-v1,,2026-09-07T05:41:13.307077Z
EM000740,FR000037,FIR,Estancia Fuel Station,PERSON,0.78,50,71,drishyam-ner-v1,,2026-09-07T05:41:13.307083Z
EM000741,FR000037,FIR,Madurai,PERSON,0.78,73,80,drishyam-ner-v1,,2026-09-07T05:41:13.307087Z
EM000742,FR000037,FIR,06-May-2026,DATE,0.8,85,96,drishyam-ner-v1,,2026-09-07T05:41:13.307092Z
EM000743,FR000037,FIR,May,PERSON,0.78,88,91,drishyam-ner-v1,,2026-09-07T05:41:13.307097Z
EM000744,FR000037,FIR,Upadhriti Puri,PERSON,0.78,111,125,drishyam-ner-v1,P000023,2026-09-07T05:41:13.307102Z
EM000745,FR000037,FIR,Silk,PERSON,0.78,133,137,drishyam-ner-v1,,2026-09-07T05:41:13.307107Z
EM000746,FR000037,FIR,Max Nadig,PERSON,0.78,143,152,drishyam-ner-v1,P000181,2026-09-07T05:41:13.307111Z
EM000747,FR000037,FIR,kidnapping,CRIME_TYPE,0.75,164,174,drishyam-ner-v1,,2026-09-07T05:41:13.307115Z
EM000748,FR000037,FIR,05/05/2026,DATE,0.8,178,188,drishyam-ner-v1,,2026-09-07T05:41:13.307120Z
EM000749,FR000037,FIR,Upadhriti Puri,PERSON,0.78,228,242,drishyam-ner-v1,P000023,2026-09-07T05:41:13.307124Z
EM000750,FR000037,FIR,8486748501,PHONE,0.97,276,286,drishyam-ner-v1,PH000031,2026-09-07T05:41:13.307129Z
EM000751,FR000037,FIR,TN58 PZ 6887,VEHICLE,0.9,341,353,drishyam-ner-v1,,2026-09-07T05:41:13.307133Z
EM000752,FR000037,FIR,Estancia Fuel Station,PERSON,0.78,359,380,drishyam-ner-v1,,2026-09-07T05:41:13.307138Z
EM000753,FR000037,FIR,18-May-2026,DATE,0.8,384,395,drishyam-ner-v1,,2026-09-07T05:41:13.307143Z
EM000754,FR000037,FIR,May,PERSON,0.78,387,390,drishyam-ner-v1,,2026-09-07T05:41:13.307147Z
EM000755,FR000037,FIR,The Silver Line,ORGANIZATION,0.7,397,412,drishyam-ner-v1,,2026-09-07T05:41:13.307152Z
EM000756,FR000037,FIR,Network,GANG,0.82,413,420,drishyam-ner-v1,,2026-09-07T05:41:13.307157Z
EM000757,FR000037,FIR,Number,PERSON,0.78,459,465,drishyam-ner-v1,,2026-09-07T05:41:13.307161Z
EM000758,FR000037,FIR,FIR-2026-0035,FIR_NUMBER,0.95,466,479,drishyam-ner-v1,,2026-09-07T05:41:13.307166Z
EM000759,FR000037,FIR,Case Number,LOCATION,0.7,486,497,drishyam-ner-v1,,2026-09-07T05:41:13.307170Z
EM000760,FR000037,FIR,CASE-0032,CASE_NUMBER,0.95,498,507,drishyam-ner-v1,,2026-09-07T05:41:13.307174Z
EM000761,FR000037,FIR,Section,PERSON,0.78,524,531,drishyam-ner-v1,,2026-09-07T05:41:13.307184Z
EM000762,FR000037,FIR,Section 366 IPC,LEGAL_SECTION,0.85,524,539,drishyam-ner-v1,,2026-09-07T05:41:13.307191Z
EM000763,FR000037,FIR,Investigation,LOCATION,0.7,552,565,drishyam-ner-v1,,2026-09-07T05:41:13.307196Z
EM000764,FR000038,FIR,Complainant Faraj Mistry,PERSON,0.78,0,24,drishyam-ner-v1,,2026-09-07T05:41:13.309284Z
EM000765,FR000038,FIR,Estancia Bridge End,PERSON,0.78,37,56,drishyam-ner-v1,,2026-09-07T05:41:13.309289Z
EM000766,FR000038,FIR,Madurai,PERSON,0.78,75,82,drishyam-ner-v1,,2026-09-07T05:41:13.309292Z
EM000767,FR000038,FIR,09-Oct-2024,DATE,0.8,86,97,drishyam-ner-v1,,2026-09-07T05:41:13.309295Z
EM000768,FR000038,FIR,Oct,PERSON,0.78,89,92,drishyam-ner-v1,,2026-09-07T05:41:13.309310Z
EM000769,FR000038,FIR,Kashish Venkatesh,PERSON,0.78,103,120,drishyam-ner-v1,P000138,2026-09-07T05:41:13.309313Z
EM000770,FR000038,FIR,Ira Bhatnagar,PERSON,0.78,142,155,drishyam-ner-v1,P000143,2026-09-07T05:41:13.309317Z
EM000771,FR000038,FIR,Black Lotus Network,GANG,0.82,163,182,drishyam-ner-v1,ORG000009,2026-09-07T05:41:13.309320Z
EM000772,FR000038,FIR,30/09/2024,DATE,0.8,271,281,drishyam-ner-v1,,2026-09-07T05:41:13.309323Z
EM000773,FR000038,FIR,Kashish Venkatesh,PERSON,0.78,283,300,drishyam-ner-v1,P000138,2026-09-07T05:41:13.309338Z
EM000774,FR000038,FIR,9042131370,PHONE,0.97,337,347,drishyam-ner-v1,PH000176,2026-09-07T05:41:13.309342Z
EM000775,FR000038,FIR,The,LOCATION,0.7,393,396,drishyam-ner-v1,,2026-09-07T05:41:13.309346Z
EM000776,FR000038,FIR,TN55 AV 5925,VEHICLE,0.9,454,466,drishyam-ner-v1,VH000092,2026-09-07T05:41:13.309349Z
EM000777,FR000038,FIR,Number,PERSON,0.78,472,478,drishyam-ner-v1,,2026-09-07T05:41:13.309352Z
EM000778,FR000038,FIR,FIR-2024-0036,FIR_NUMBER,0.95,479,492,drishyam-ner-v1,,2026-09-07T05:41:13.309356Z
EM000779,FR000038,FIR,Case Number,LOCATION,0.7,510,521,drishyam-ner-v1,,2026-09-07T05:41:13.309359Z
EM000780,FR000038,FIR,CASE-0033,CASE_NUMBER,0.95,522,531,drishyam-ner-v1,,2026-09-07T05:41:13.309362Z
EM000781,FR000038,FIR,Investigating,PERSON,0.78,594,607,drishyam-ner-v1,,2026-09-07T05:41:13.309365Z
EM000782,FR000039,FIR,Complainant Tripti Narayan,PERSON,0.78,0,26,drishyam-ner-v1,,2026-09-07T05:41:13.310715Z
EM000783,FR000039,FIR,Ukkadam Toll Plaza,GANG,0.82,46,64,drishyam-ner-v1,,2026-09-07T05:41:13.310718Z
EM000784,FR000039,FIR,Sivaganga,PERSON,0.78,66,75,drishyam-ner-v1,,2026-09-07T05:41:13.310720Z
EM000785,FR000039,FIR,26-Sep-2024,DATE,0.8,80,91,drishyam-ner-v1,,2026-09-07T05:41:13.310723Z
EM000786,FR000039,FIR,Sep,PERSON,0.78,83,86,drishyam-ner-v1,,2026-09-07T05:41:13.310725Z
EM000787,FR000039,FIR,Dhriti Pall,PERSON,0.78,106,117,drishyam-ner-v1,P000058,2026-09-07T05:41:13.310728Z
EM000788,FR000039,FIR,Silk,PERSON,0.78,125,129,drishyam-ner-v1,,2026-09-07T05:41:13.310730Z
EM000789,FR000039,FIR,Dhriti Pall,PERSON,0.78,135,146,drishyam-ner-v1,P000058,2026-09-07T05:41:13.310732Z
EM000790,FR000039,FIR,fraud,CRIME_TYPE,0.75,158,163,drishyam-ner-v1,,2026-09-07T05:41:13.310734Z
EM000791,FR000039,FIR,23/09/2024,DATE,0.8,167,177,drishyam-ner-v1,,2026-09-07T05:41:13.310737Z
EM000792,FR000039,FIR,Dhriti Pall,PERSON,0.78,217,228,drishyam-ner-v1,P000058,2026-09-07T05:41:13.310739Z
EM000793,FR000039,FIR,6113464160,PHONE,0.97,262,272,drishyam-ner-v1,PH000074,2026-09-07T05:41:13.310741Z
EM000794,FR000039,FIR,TN19 RZ 2449,VEHICLE,0.9,327,339,drishyam-ner-v1,VH000038,2026-09-07T05:41:13.310744Z
EM000795,FR000039,FIR,Ukkadam Toll Plaza,PERSON,0.78,345,363,drishyam-ner-v1,,2026-09-07T05:41:13.310746Z
EM000796,FR000039,FIR,04-Oct-2024,DATE,0.8,367,378,drishyam-ner-v1,,2026-09-07T05:41:13.310749Z
EM000797,FR000039,FIR,Oct,PERSON,0.78,370,373,drishyam-ner-v1,,2026-09-07T05:41:13.310751Z
EM000798,FR000039,FIR,The North Star,ORGANIZATION,0.7,380,394,drishyam-ner-v1,,2026-09-07T05:41:13.310753Z
EM000799,FR000039,FIR,Outfit,GANG,0.82,395,401,drishyam-ner-v1,,2026-09-07T05:41:13.310755Z
EM000800,FR000039,FIR,Number,PERSON,0.78,440,446,drishyam-ner-v1,,2026-09-07T05:41:13.310757Z
EM000801,FR000039,FIR,FIR-2024-0037,FIR_NUMBER,0.95,447,460,drishyam-ner-v1,,2026-09-07T05:41:13.310759Z
EM000802,FR000039,FIR,Case Number,LOCATION,0.7,467,478,drishyam-ner-v1,,2026-09-07T05:41:13.310761Z
EM000803,FR000039,FIR,CASE-0034,CASE_NUMBER,0.95,479,488,drishyam-ner-v1,,2026-09-07T05:41:13.310763Z
EM000804,FR000039,FIR,Section,PERSON,0.78,505,512,drishyam-ner-v1,,2026-09-07T05:41:13.310766Z
EM000805,FR000039,FIR,Section 420 IPC,LEGAL_SECTION,0.85,505,520,drishyam-ner-v1,,2026-09-07T05:41:13.310768Z
EM000806,FR000039,FIR,Investigation,LOCATION,0.7,533,546,drishyam-ner-v1,,2026-09-07T05:41:13.310770Z
EM000807,FR000040,FIR,Based,PERSON,0.78,0,5,drishyam-ner-v1,,2026-09-07T05:41:13.311901Z
EM000808,FR000040,FIR,06-Apr-2024,DATE,0.8,33,44,drishyam-ner-v1,,2026-09-07T05:41:13.311904Z
EM000809,FR000040,FIR,Apr,PERSON,0.78,36,39,drishyam-ner-v1,,2026-09-07T05:41:13.311907Z
EM000810,FR000040,FIR,Ukkadam Cold Storage,PERSON,0.78,78,98,drishyam-ner-v1,,2026-09-07T05:41:13.311909Z
EM000811,FR000040,FIR,Perambalur,PERSON,0.78,100,110,drishyam-ner-v1,,2026-09-07T05:41:13.311911Z
EM000812,FR000040,FIR,Complainant Kai Acharya,PERSON,0.78,112,135,drishyam-ner-v1,,2026-09-07T05:41:13.311913Z
EM000813,FR000040,FIR,Omisha Srivastava,PERSON,0.78,147,164,drishyam-ner-v1,P000134,2026-09-07T05:41:13.311916Z
EM000814,FR000040,FIR,Silk,PERSON,0.78,172,176,drishyam-ner-v1,,2026-09-07T05:41:13.311918Z
EM000815,FR000040,FIR,Isaac Srinivas,PERSON,0.78,182,196,drishyam-ner-v1,P000128,2026-09-07T05:41:13.311920Z
EM000816,FR000040,FIR,Crimson Tide Group,GANG,0.82,231,249,drishyam-ner-v1,ORG000008,2026-09-07T05:41:13.311922Z
EM000817,FR000040,FIR,29/03/2024,DATE,0.8,270,280,drishyam-ner-v1,,2026-09-07T05:41:13.311925Z
EM000818,FR000040,FIR,Omisha Srivastava,PERSON,0.78,326,343,drishyam-ner-v1,P000134,2026-09-07T05:41:13.311927Z
EM000819,FR000040,FIR,TN27 TP 8810,VEHICLE,0.9,376,388,drishyam-ner-v1,,2026-09-07T05:41:13.311929Z
EM000820,FR000040,FIR,9089060939,PHONE,0.97,433,443,drishyam-ner-v1,PH000171,2026-09-07T05:41:13.311932Z
EM000821,FR000040,FIR,Contraband,PERSON,0.78,445,455,drishyam-ner-v1,,2026-09-07T05:41:13.311934Z
EM000822,FR000040,FIR,Number,PERSON,0.78,498,504,drishyam-ner-v1,,2026-09-07T05:41:13.311936Z
EM000823,FR000040,FIR,FIR-2024-0038,FIR_NUMBER,0.95,505,518,drishyam-ner-v1,,2026-09-07T05:41:13.311938Z
EM000824,FR000040,FIR,Case Number,LOCATION,0.7,525,536,drishyam-ner-v1,,2026-09-07T05:41:13.311940Z
EM000825,FR000040,FIR,CASE-0035,CASE_NUMBER,0.95,537,546,drishyam-ner-v1,,2026-09-07T05:41:13.311942Z
EM000826,FR000040,FIR,Act,PERSON,0.78,583,586,drishyam-ner-v1,,2026-09-07T05:41:13.311944Z
EM000827,FR000041,FIR,20/03/2025,DATE,0.8,3,13,drishyam-ner-v1,,2026-09-07T05:41:13.312972Z
EM000828,FR000041,FIR,Ishaan Panchal,PERSON,0.78,46,60,drishyam-ner-v1,P000612,2026-09-07T05:41:13.312975Z
EM000829,FR000041,FIR,Sulur Check Post,PERSON,0.78,76,92,drishyam-ner-v1,,2026-09-07T05:41:13.312978Z
EM000830,FR000041,FIR,Coimbatore,PERSON,0.78,94,104,drishyam-ner-v1,,2026-09-07T05:41:13.312980Z
EM000831,FR000041,FIR,Chaman Kibe,PERSON,0.78,109,120,drishyam-ner-v1,P000104,2026-09-07T05:41:13.312983Z
EM000832,FR000041,FIR,Yashawini Saraf,PERSON,0.78,141,156,drishyam-ner-v1,P000112,2026-09-07T05:41:13.312985Z
EM000833,FR000041,FIR,Delta Cartel,GANG,0.82,173,185,drishyam-ner-v1,ORG000006,2026-09-07T05:41:13.312987Z
EM000834,FR000041,FIR,Chaman Kibe,PERSON,0.78,264,275,drishyam-ner-v1,P000104,2026-09-07T05:41:13.312989Z
EM000835,FR000041,FIR,9906286630,PHONE,0.97,309,319,drishyam-ner-v1,PH000134,2026-09-07T05:41:13.312992Z
EM000836,FR000041,FIR,TN19 HG 3902,VEHICLE,0.9,357,369,drishyam-ner-v1,VH000069,2026-09-07T05:41:13.312994Z
EM000837,FR000041,FIR,07-Apr-2025,DATE,0.8,383,394,drishyam-ner-v1,,2026-09-07T05:41:13.312996Z
EM000838,FR000041,FIR,Apr,PERSON,0.78,386,389,drishyam-ner-v1,,2026-09-07T05:41:13.312998Z
EM000839,FR000041,FIR,Number,PERSON,0.78,400,406,drishyam-ner-v1,,2026-09-07T05:41:13.313001Z
EM000840,FR000041,FIR,FIR-2025-0039,FIR_NUMBER,0.95,407,420,drishyam-ner-v1,,2026-09-07T05:41:13.313003Z
EM000841,FR000041,FIR,Case Number,LOCATION,0.7,427,438,drishyam-ner-v1,,2026-09-07T05:41:13.313005Z
EM000842,FR000041,FIR,CASE-0036,CASE_NUMBER,0.95,439,448,drishyam-ner-v1,,2026-09-07T05:41:13.313007Z
EM000843,FR000041,FIR,Section,PERSON,0.78,465,472,drishyam-ner-v1,,2026-09-07T05:41:13.313009Z
EM000844,FR000041,FIR,Section 506,LEGAL_SECTION,0.85,465,476,drishyam-ner-v1,,2026-09-07T05:41:13.313011Z
EM000845,FR000041,FIR,Investigation,LOCATION,0.7,496,509,drishyam-ner-v1,,2026-09-07T05:41:13.313013Z
EM000846,FR000042,FIR,Complainant Odika Sahni,PERSON,0.78,0,23,drishyam-ner-v1,,2026-09-07T05:41:13.314142Z
EM000847,FR000042,FIR,Azhagar Koil Road,PERSON,0.78,43,60,drishyam-ner-v1,,2026-09-07T05:41:13.314145Z
EM000848,FR000042,FIR,Junction,PERSON,0.78,61,69,drishyam-ner-v1,,2026-09-07T05:41:13.314147Z
EM000849,FR000042,FIR,Thoothukudi,PERSON,0.78,71,82,drishyam-ner-v1,,2026-09-07T05:41:13.314150Z
EM000850,FR000042,FIR,07-Sep-2025,DATE,0.8,87,98,drishyam-ner-v1,,2026-09-07T05:41:13.314152Z
EM000851,FR000042,FIR,Sep,PERSON,0.78,90,93,drishyam-ner-v1,,2026-09-07T05:41:13.314154Z
EM000852,FR000042,FIR,Hema Tata,PERSON,0.78,113,122,drishyam-ner-v1,P000177,2026-09-07T05:41:13.314156Z
EM000853,FR000042,FIR,Silk,PERSON,0.78,130,134,drishyam-ner-v1,,2026-09-07T05:41:13.314159Z
EM000854,FR000042,FIR,Hema Tata,PERSON,0.78,140,149,drishyam-ner-v1,P000177,2026-09-07T05:41:13.314161Z
EM000855,FR000042,FIR,counterfeit,CRIME_TYPE,0.75,161,172,drishyam-ner-v1,,2026-09-07T05:41:13.314163Z
EM000856,FR000042,FIR,02/09/2025,DATE,0.8,179,189,drishyam-ner-v1,,2026-09-07T05:41:13.314165Z
EM000857,FR000042,FIR,Hema Tata,PERSON,0.78,229,238,drishyam-ner-v1,P000177,2026-09-07T05:41:13.314167Z
EM000858,FR000042,FIR,8660942447,PHONE,0.97,272,282,drishyam-ner-v1,PH000223,2026-09-07T05:41:13.314169Z
EM000859,FR000042,FIR,TN58 AG 4022,VEHICLE,0.9,337,349,drishyam-ner-v1,,2026-09-07T05:41:13.314172Z
EM000860,FR000042,FIR,Azhagar Koil Road,PERSON,0.78,355,372,drishyam-ner-v1,,2026-09-07T05:41:13.314174Z
EM000861,FR000042,FIR,Junction,PERSON,0.78,373,381,drishyam-ner-v1,,2026-09-07T05:41:13.314176Z
EM000862,FR000042,FIR,12-Sep-2025,DATE,0.8,385,396,drishyam-ner-v1,,2026-09-07T05:41:13.314180Z
EM000863,FR000042,FIR,Sep,PERSON,0.78,388,391,drishyam-ner-v1,,2026-09-07T05:41:13.314182Z
EM000864,FR000042,FIR,The Blue Orchid,ORGANIZATION,0.7,398,413,drishyam-ner-v1,,2026-09-07T05:41:13.314184Z
EM000865,FR000042,FIR,Cartel,GANG,0.82,414,420,drishyam-ner-v1,,2026-09-07T05:41:13.314186Z
EM000866,FR000042,FIR,Number,PERSON,0.78,459,465,drishyam-ner-v1,,2026-09-07T05:41:13.314188Z
EM000867,FR000042,FIR,FIR-2025-0040,FIR_NUMBER,0.95,466,479,drishyam-ner-v1,,2026-09-07T05:41:13.314190Z
EM000868,FR000042,FIR,Case Number,LOCATION,0.7,486,497,drishyam-ner-v1,,2026-09-07T05:41:13.314192Z
EM000869,FR000042,FIR,CASE-0037,CASE_NUMBER,0.95,498,507,drishyam-ner-v1,,2026-09-07T05:41:13.314194Z
EM000870,FR000042,FIR,Section,PERSON,0.78,524,531,drishyam-ner-v1,,2026-09-07T05:41:13.314197Z
EM000871,FR000042,FIR,Section 489C IPC,LEGAL_SECTION,0.85,524,540,drishyam-ner-v1,,2026-09-07T05:41:13.314199Z
EM000872,FR000042,FIR,Investigation,LOCATION,0.7,553,566,drishyam-ner-v1,,2026-09-07T05:41:13.314201Z
EM000873,FR000043,FIR,Complainant Agastya Bassi,PERSON,0.78,0,25,drishyam-ner-v1,,2026-09-07T05:41:13.315240Z
EM000874,FR000043,FIR,Central Market Junction,LOCATION,0.7,38,61,drishyam-ner-v1,LOC000061,2026-09-07T05:41:13.315243Z
EM000875,FR000043,FIR,Chengalpattu,PERSON,0.78,80,92,drishyam-ner-v1,,2026-09-07T05:41:13.315245Z
EM000876,FR000043,FIR,20-Mar-2026,DATE,0.8,96,107,drishyam-ner-v1,,2026-09-07T05:41:13.315247Z
EM000877,FR000043,FIR,Mar,PERSON,0.78,99,102,drishyam-ner-v1,,2026-09-07T05:41:13.315250Z
EM000878,FR000043,FIR,Damini Dutt,PERSON,0.78,113,124,drishyam-ner-v1,P000201,2026-09-07T05:41:13.315252Z
EM000879,FR000043,FIR,Hredhaan Bumb,PERSON,0.78,144,157,drishyam-ner-v1,P000108,2026-09-07T05:41:13.315254Z
EM000880,FR000043,FIR,Steel Falcon Gang,GANG,0.82,165,182,drishyam-ner-v1,ORG000012,2026-09-07T05:41:13.315256Z
EM000881,FR000043,FIR,14/03/2026,DATE,0.8,271,281,drishyam-ner-v1,,2026-09-07T05:41:13.315259Z
EM000882,FR000043,FIR,Damini Dutt,PERSON,0.78,283,294,drishyam-ner-v1,P000201,2026-09-07T05:41:13.315261Z
EM000883,FR000043,FIR,6361253010,PHONE,0.97,331,341,drishyam-ner-v1,PH000249,2026-09-07T05:41:13.315263Z
EM000884,FR000043,FIR,The,LOCATION,0.7,387,390,drishyam-ner-v1,,2026-09-07T05:41:13.315265Z
EM000885,FR000043,FIR,TN27 KY 7235,VEHICLE,0.9,448,460,drishyam-ner-v1,,2026-09-07T05:41:13.315267Z
EM000886,FR000043,FIR,Number,PERSON,0.78,466,472,drishyam-ner-v1,,2026-09-07T05:41:13.315269Z
EM000887,FR000043,FIR,FIR-2026-0041,FIR_NUMBER,0.95,473,486,drishyam-ner-v1,,2026-09-07T05:41:13.315272Z
EM000888,FR000043,FIR,Case Number,LOCATION,0.7,504,515,drishyam-ner-v1,,2026-09-07T05:41:13.315274Z
EM000889,FR000043,FIR,CASE-0038,CASE_NUMBER,0.95,516,525,drishyam-ner-v1,,2026-09-07T05:41:13.315276Z
EM000890,FR000043,FIR,Investigating,PERSON,0.78,588,601,drishyam-ner-v1,,2026-09-07T05:41:13.315278Z
EM000891,FR000044,FIR,Complainant Mason Dube,PERSON,0.78,0,22,drishyam-ner-v1,,2026-09-07T05:41:13.316364Z
EM000892,FR000044,FIR,Peelamedu Harbour Gate,PERSON,0.78,35,57,drishyam-ner-v1,,2026-09-07T05:41:13.316367Z
EM000893,FR000044,FIR,Nilgiris,PERSON,0.78,76,84,drishyam-ner-v1,,2026-09-07T05:41:13.316369Z
EM000894,FR000044,FIR,24-Apr-2024,DATE,0.8,88,99,drishyam-ner-v1,,2026-09-07T05:41:13.316371Z
EM000895,FR000044,FIR,Apr,PERSON,0.78,91,94,drishyam-ner-v1,,2026-09-07T05:41:13.316373Z
EM000896,FR000044,FIR,Patrick Acharya,PERSON,0.78,105,120,drishyam-ner-v1,P000196,2026-09-07T05:41:13.316375Z
EM000897,FR000044,FIR,Silk,PERSON,0.78,128,132,drishyam-ner-v1,,2026-09-07T05:41:13.316378Z
EM000898,FR000044,FIR,Yashawini Saraf,PERSON,0.78,138,153,drishyam-ner-v1,P000112,2026-09-07T05:41:13.316380Z
EM000899,FR000044,FIR,Blue Orchid Cartel,GANG,0.82,161,179,drishyam-ner-v1,ORG000011,2026-09-07T05:41:13.316382Z
EM000900,FR000044,FIR,21/04/2024,DATE,0.8,268,278,drishyam-ner-v1,,2026-09-07T05:41:13.316384Z
EM000901,FR000044,FIR,Patrick Acharya,PERSON,0.78,280,295,drishyam-ner-v1,P000196,2026-09-07T05:41:13.316387Z
EM000902,FR000044,FIR,8715924397,PHONE,0.97,332,342,drishyam-ner-v1,PH000243,2026-09-07T05:41:13.316389Z
EM000903,FR000044,FIR,The,LOCATION,0.7,388,391,drishyam-ner-v1,,2026-09-07T05:41:13.316391Z
EM000904,FR000044,FIR,TN58 RY 5573,VEHICLE,0.9,449,461,drishyam-ner-v1,,2026-09-07T05:41:13.316393Z
EM000905,FR000044,FIR,Number,PERSON,0.78,467,473,drishyam-ner-v1,,2026-09-07T05:41:13.316395Z
EM000906,FR000044,FIR,FIR-2024-0042,FIR_NUMBER,0.95,474,487,drishyam-ner-v1,,2026-09-07T05:41:13.316398Z
EM000907,FR000044,FIR,Case Number,LOCATION,0.7,505,516,drishyam-ner-v1,,2026-09-07T05:41:13.316402Z
EM000908,FR000044,FIR,CASE-0039,CASE_NUMBER,0.95,517,526,drishyam-ner-v1,,2026-09-07T05:41:13.316405Z
EM000909,FR000044,FIR,Investigating,PERSON,0.78,589,602,drishyam-ner-v1,,2026-09-07T05:41:13.316409Z
EM000910,FR000045,FIR,Based,PERSON,0.78,0,5,drishyam-ner-v1,,2026-09-07T05:41:13.317809Z
EM000911,FR000045,FIR,23-Feb-2025,DATE,0.8,33,44,drishyam-ner-v1,,2026-09-07T05:41:13.317812Z
EM000912,FR000045,FIR,Feb,PERSON,0.78,36,39,drishyam-ner-v1,,2026-09-07T05:41:13.317815Z
EM000913,FR000045,FIR,Peelamedu Harbour Gate,PERSON,0.78,78,100,drishyam-ner-v1,,2026-09-07T05:41:13.317817Z
EM000914,FR000045,FIR,Vellore,PERSON,0.78,102,109,drishyam-ner-v1,,2026-09-07T05:41:13.317819Z
EM000915,FR000045,FIR,Complainant Netra Datta,PERSON,0.78,111,134,drishyam-ner-v1,,2026-09-07T05:41:13.317822Z
EM000916,FR000045,FIR,Noah Kohli,PERSON,0.78,146,156,drishyam-ner-v1,P000157,2026-09-07T05:41:13.317824Z
EM000917,FR000045,FIR,Silk,PERSON,0.78,164,168,drishyam-ner-v1,,2026-09-07T05:41:13.317826Z
EM000918,FR000045,FIR,Yashawini Radhakrishnan,PERSON,0.78,174,197,drishyam-ner-v1,P000017,2026-09-07T05:41:13.317828Z
EM000919,FR000045,FIR,Eastern Arc Outfit,GANG,0.82,232,250,drishyam-ner-v1,ORG000010,2026-09-07T05:41:13.317831Z
EM000920,FR000045,FIR,16/02/2025,DATE,0.8,271,281,drishyam-ner-v1,,2026-09-07T05:41:13.317833Z
EM000921,FR000045,FIR,Noah Kohli,PERSON,0.78,327,337,drishyam-ner-v1,P000157,2026-09-07T05:41:13.317835Z
EM000922,FR000045,FIR,TN01 FJ 4644,VEHICLE,0.9,370,382,drishyam-ner-v1,,2026-09-07T05:41:13.317837Z
EM000923,FR000045,FIR,7260213818,PHONE,0.97,427,437,drishyam-ner-v1,PH000198,2026-09-07T05:41:13.317839Z
EM000924,FR000045,FIR,Contraband,PERSON,0.78,439,449,drishyam-ner-v1,,2026-09-07T05:41:13.317842Z
EM000925,FR000045,FIR,Number,PERSON,0.78,493,499,drishyam-ner-v1,,2026-09-07T05:41:13.317844Z
EM000926,FR000045,FIR,FIR-2025-0043,FIR_NUMBER,0.95,500,513,drishyam-ner-v1,,2026-09-07T05:41:13.317846Z
EM000927,FR000045,FIR,Case Number,LOCATION,0.7,520,531,drishyam-ner-v1,,2026-09-07T05:41:13.317848Z
EM000928,FR000045,FIR,CASE-0040,CASE_NUMBER,0.95,532,541,drishyam-ner-v1,,2026-09-07T05:41:13.317850Z
EM000929,FR000045,FIR,Section,PERSON,0.78,573,580,drishyam-ner-v1,,2026-09-07T05:41:13.317852Z
EM000930,FR000046,FIR,28-Nov-2024,DATE,0.8,3,14,drishyam-ner-v1,,2026-09-07T05:41:13.319072Z
EM000931,FR000046,FIR,Nov,PERSON,0.78,6,9,drishyam-ner-v1,,2026-09-07T05:41:13.319075Z
EM000932,FR000046,FIR,Chaitanya Deshmukh,PERSON,0.78,27,45,drishyam-ner-v1,P000540,2026-09-07T05:41:13.319078Z
EM000933,FR000046,FIR,Kallamadu Agro Market,PERSON,0.78,105,126,drishyam-ner-v1,,2026-09-07T05:41:13.319081Z
EM000934,FR000046,FIR,Thanjavur,PERSON,0.78,128,137,drishyam-ner-v1,,2026-09-07T05:41:13.319084Z
EM000935,FR000046,FIR,The,LOCATION,0.7,139,142,drishyam-ner-v1,,2026-09-07T05:41:13.319086Z
EM000936,FR000046,FIR,Charan Saxena,PERSON,0.78,151,164,drishyam-ner-v1,P000077,2026-09-07T05:41:13.319088Z
EM000937,FR000046,FIR,Silk,PERSON,0.78,172,176,drishyam-ner-v1,,2026-09-07T05:41:13.319091Z
EM000938,FR000046,FIR,Balvan Kapadia,PERSON,0.78,182,196,drishyam-ner-v1,P000169,2026-09-07T05:41:13.319093Z
EM000939,FR000046,FIR,fraud,CRIME_TYPE,0.75,215,220,drishyam-ner-v1,,2026-09-07T05:41:13.319095Z
EM000940,FR000046,FIR,7606749938,PHONE,0.97,243,253,drishyam-ner-v1,PH000097,2026-09-07T05:41:13.319098Z
EM000941,FR000046,FIR,A/C XXXX5123,BANK_ACCOUNT,0.85,263,275,drishyam-ner-v1,,2026-09-07T05:41:13.319100Z
EM000942,FR000046,FIR,22/11/2024,DATE,0.8,330,340,drishyam-ner-v1,,2026-09-07T05:41:13.319102Z
EM000943,FR000046,FIR,TN58 PX 7014,VEHICLE,0.9,379,391,drishyam-ner-v1,,2026-09-07T05:41:13.319104Z
EM000944,FR000046,FIR,Number,PERSON,0.78,422,428,drishyam-ner-v1,,2026-09-07T05:41:13.319107Z
EM000945,FR000046,FIR,FIR-2025-0044,FIR_NUMBER,0.95,429,442,drishyam-ner-v1,,2026-09-07T05:41:13.319109Z
EM000946,FR000046,FIR,Case Number,LOCATION,0.7,449,460,drishyam-ner-v1,,2026-09-07T05:41:13.319111Z
EM000947,FR000046,FIR,CASE-0041,CASE_NUMBER,0.95,461,470,drishyam-ner-v1,,2026-09-07T05:41:13.319113Z
EM000948,FR000046,FIR,Section,PERSON,0.78,487,494,drishyam-ner-v1,,2026-09-07T05:41:13.319115Z
EM000949,FR000046,FIR,Section 66C,LEGAL_SECTION,0.85,487,498,drishyam-ner-v1,,2026-09-07T05:41:13.319117Z
EM000950,FR000046,FIR,Act,PERSON,0.78,502,505,drishyam-ner-v1,,2026-09-07T05:41:13.319119Z
EM000951,FR000046,FIR,Section,PERSON,0.78,516,523,drishyam-ner-v1,,2026-09-07T05:41:13.319122Z
EM000952,FR000046,FIR,Section 66D,LEGAL_SECTION,0.85,516,527,drishyam-ner-v1,,2026-09-07T05:41:13.319124Z
EM000953,FR000046,FIR,Act,PERSON,0.78,531,534,drishyam-ner-v1,,2026-09-07T05:41:13.319126Z
EM000954,FR000046,FIR,The,LOCATION,0.7,536,539,drishyam-ner-v1,,2026-09-07T05:41:13.319128Z
EM000955,FR000047,FIR,10/04/2025,DATE,0.8,3,13,drishyam-ner-v1,,2026-09-07T05:41:13.320656Z
EM000956,FR000047,FIR,Muthialpet Check Post,PERSON,0.78,54,75,drishyam-ner-v1,,2026-09-07T05:41:13.320660Z
EM000957,FR000047,FIR,Madurai,PERSON,0.78,77,84,drishyam-ner-v1,,2026-09-07T05:41:13.320662Z
EM000958,FR000047,FIR,Enquiry,PERSON,0.78,86,93,drishyam-ner-v1,,2026-09-07T05:41:13.320664Z
EM000959,FR000047,FIR,Simon Sandal,PERSON,0.78,108,120,drishyam-ner-v1,P000096,2026-09-07T05:41:13.320666Z
EM000960,FR000047,FIR,Aarini Cherian,PERSON,0.78,142,156,drishyam-ner-v1,P000076,2026-09-07T05:41:13.320669Z
EM000961,FR000047,FIR,16-Apr-2025,DATE,0.8,193,204,drishyam-ner-v1,,2026-09-07T05:41:13.320671Z
EM000962,FR000047,FIR,Apr,PERSON,0.78,196,199,drishyam-ner-v1,,2026-09-07T05:41:13.320673Z
EM000963,FR000047,FIR,TN45 TG 8486,VEHICLE,0.9,229,241,drishyam-ner-v1,VH000064,2026-09-07T05:41:13.320675Z
EM000964,FR000047,FIR,Cell,PERSON,0.78,243,247,drishyam-ner-v1,,2026-09-07T05:41:13.320678Z
EM000965,FR000047,FIR,6983212766,PHONE,0.97,271,281,drishyam-ner-v1,PH000124,2026-09-07T05:41:13.320680Z
EM000966,FR000047,FIR,Intercepted,PERSON,0.78,328,339,drishyam-ner-v1,,2026-09-07T05:41:13.320682Z
EM000967,FR000047,FIR,Delta Cartel,GANG,0.82,369,381,drishyam-ner-v1,ORG000006,2026-09-07T05:41:13.320685Z
EM000968,FR000047,FIR,Number,PERSON,0.78,392,398,drishyam-ner-v1,,2026-09-07T05:41:13.320687Z
EM000969,FR000047,FIR,FIR-2025-0045,FIR_NUMBER,0.95,399,412,drishyam-ner-v1,,2026-09-07T05:41:13.320689Z
EM000970,FR000047,FIR,Case Number,LOCATION,0.7,419,430,drishyam-ner-v1,,2026-09-07T05:41:13.320691Z
EM000971,FR000047,FIR,CASE-0042,CASE_NUMBER,0.95,431,440,drishyam-ner-v1,,2026-09-07T05:41:13.320693Z
EM000972,FR000047,FIR,Section,PERSON,0.78,460,467,drishyam-ner-v1,,2026-09-07T05:41:13.320695Z
EM000973,FR000047,FIR,Section 302 IPC,LEGAL_SECTION,0.85,460,475,drishyam-ner-v1,,2026-09-07T05:41:13.320697Z
EM000974,FR000047,FIR,Investigation,LOCATION,0.7,490,503,drishyam-ner-v1,,2026-09-07T05:41:13.320702Z
EM000975,FR000048,FIR,14/04/2025,DATE,0.8,3,13,drishyam-ner-v1,,2026-09-07T05:41:13.321763Z
EM000976,FR000048,FIR,Mattuthavani Junction,PERSON,0.78,54,75,drishyam-ner-v1,,2026-09-07T05:41:13.321766Z
EM000977,FR000048,FIR,Madurai,PERSON,0.78,77,84,drishyam-ner-v1,,2026-09-07T05:41:13.321769Z
EM000978,FR000048,FIR,Enquiry,PERSON,0.78,86,93,drishyam-ner-v1,,2026-09-07T05:41:13.321771Z
EM000979,FR000048,FIR,Simon Sandal,PERSON,0.78,108,120,drishyam-ner-v1,P000096,2026-09-07T05:41:13.321773Z
EM000980,FR000048,FIR,Aarini Cherian,PERSON,0.78,142,156,drishyam-ner-v1,P000076,2026-09-07T05:41:13.321776Z
EM000981,FR000048,FIR,16-Apr-2025,DATE,0.8,193,204,drishyam-ner-v1,,2026-09-07T05:41:13.321778Z
EM000982,FR000048,FIR,Apr,PERSON,0.78,196,199,drishyam-ner-v1,,2026-09-07T05:41:13.321780Z
EM000983,FR000048,FIR,TN45 TG 8486,VEHICLE,0.9,229,241,drishyam-ner-v1,VH000064,2026-09-07T05:41:13.321782Z
EM000984,FR000048,FIR,Cell,PERSON,0.78,243,247,drishyam-ner-v1,,2026-09-07T05:41:13.321784Z
EM000985,FR000048,FIR,6983212766,PHONE,0.97,271,281,drishyam-ner-v1,PH000124,2026-09-07T05:41:13.321787Z
EM000986,FR000048,FIR,Intercepted,PERSON,0.78,328,339,drishyam-ner-v1,,2026-09-07T05:41:13.321789Z
EM000987,FR000048,FIR,Delta Cartel,GANG,0.82,369,381,drishyam-ner-v1,ORG000006,2026-09-07T05:41:13.321791Z
EM000988,FR000048,FIR,Number,PERSON,0.78,392,398,drishyam-ner-v1,,2026-09-07T05:41:13.321793Z
EM000989,FR000048,FIR,FIR-2025-0046,FIR_NUMBER,0.95,399,412,drishyam-ner-v1,,2026-09-07T05:41:13.321795Z
EM000990,FR000048,FIR,Case Number,LOCATION,0.7,419,430,drishyam-ner-v1,,2026-09-07T05:41:13.321798Z
EM000991,FR000048,FIR,CASE-0042,CASE_NUMBER,0.95,431,440,drishyam-ner-v1,,2026-09-07T05:41:13.321800Z
EM000992,FR000048,FIR,Section,PERSON,0.78,460,467,drishyam-ner-v1,,2026-09-07T05:41:13.321802Z
EM000993,FR000048,FIR,Section 302 IPC,LEGAL_SECTION,0.85,460,475,drishyam-ner-v1,,2026-09-07T05:41:13.321804Z
EM000994,FR000048,FIR,Investigation,LOCATION,0.7,490,503,drishyam-ner-v1,,2026-09-07T05:41:13.321806Z
EM000995,FR000049,FIR,Complainant Harshil Kuruvilla,PERSON,0.78,0,29,drishyam-ner-v1,,2026-09-07T05:41:13.323132Z
EM000996,FR000049,FIR,Gandhipuram Warehouse Complex,PERSON,0.78,49,78,drishyam-ner-v1,,2026-09-07T05:41:13.323135Z
EM000997,FR000049,FIR,Madurai,PERSON,0.78,80,87,drishyam-ner-v1,,2026-09-07T05:41:13.323137Z
EM000998,FR000049,FIR,26-Sep-2025,DATE,0.8,92,103,drishyam-ner-v1,,2026-09-07T05:41:13.323140Z
EM000999,FR000049,FIR,Sep,PERSON,0.78,95,98,drishyam-ner-v1,,2026-09-07T05:41:13.323142Z
EM001000,FR000049,FIR,Chatura Konda,PERSON,0.78,118,131,drishyam-ner-v1,P000034,2026-09-07T05:41:13.323145Z
EM001001,FR000049,FIR,Silk,PERSON,0.78,139,143,drishyam-ner-v1,,2026-09-07T05:41:13.323147Z
EM001002,FR000049,FIR,Samuel Hayer,PERSON,0.78,149,161,drishyam-ner-v1,P000195,2026-09-07T05:41:13.323149Z
EM001003,FR000049,FIR,fraud,CRIME_TYPE,0.75,173,178,drishyam-ner-v1,,2026-09-07T05:41:13.323151Z
EM001004,FR000049,FIR,24/09/2025,DATE,0.8,182,192,drishyam-ner-v1,,2026-09-07T05:41:13.323154Z
EM001005,FR000049,FIR,Chatura Konda,PERSON,0.78,232,245,drishyam-ner-v1,P000034,2026-09-07T05:41:13.323156Z
EM001006,FR000049,FIR,7914577741,PHONE,0.97,279,289,drishyam-ner-v1,PH000046,2026-09-07T05:41:13.323158Z
EM001007,FR000049,FIR,TN64 YX 5807,VEHICLE,0.9,344,356,drishyam-ner-v1,VH000023,2026-09-07T05:41:13.323161Z
EM001008,FR000049,FIR,Gandhipuram Warehouse Complex,PERSON,0.78,362,391,drishyam-ner-v1,,2026-09-07T05:41:13.323163Z
EM001009,FR000049,FIR,29-Sep-2025,DATE,0.8,395,406,drishyam-ner-v1,,2026-09-07T05:41:13.323165Z
EM001010,FR000049,FIR,Sep,PERSON,0.78,398,401,drishyam-ner-v1,,2026-09-07T05:41:13.323167Z
EM001011,FR000049,FIR,The Harbour Road,ORGANIZATION,0.7,408,424,drishyam-ner-v1,,2026-09-07T05:41:13.323169Z
EM001012,FR000049,FIR,Group,GANG,0.82,425,430,drishyam-ner-v1,,2026-09-07T05:41:13.323171Z
EM001013,FR000049,FIR,Number,PERSON,0.78,469,475,drishyam-ner-v1,,2026-09-07T05:41:13.323173Z
EM001014,FR000049,FIR,FIR-2025-0047,FIR_NUMBER,0.95,476,489,drishyam-ner-v1,,2026-09-07T05:41:13.323175Z
EM001015,FR000049,FIR,Case Number,LOCATION,0.7,496,507,drishyam-ner-v1,,2026-09-07T05:41:13.323177Z
EM001016,FR000049,FIR,CASE-0043,CASE_NUMBER,0.95,508,517,drishyam-ner-v1,,2026-09-07T05:41:13.323179Z
EM001017,FR000049,FIR,Section,PERSON,0.78,534,541,drishyam-ner-v1,,2026-09-07T05:41:13.323182Z
EM001018,FR000049,FIR,Section 420 IPC,LEGAL_SECTION,0.85,534,549,drishyam-ner-v1,,2026-09-07T05:41:13.323184Z
EM001019,FR000049,FIR,Investigation,LOCATION,0.7,562,575,drishyam-ner-v1,,2026-09-07T05:41:13.323186Z
EM001020,FR000050,FIR,16-Aug-2024,DATE,0.8,3,14,drishyam-ner-v1,,2026-09-07T05:41:13.325043Z
EM001021,FR000050,FIR,Aug,PERSON,0.78,6,9,drishyam-ner-v1,,2026-09-07T05:41:13.325047Z
EM001022,FR000050,FIR,Jai Guha,PERSON,0.78,27,35,drishyam-ner-v1,P000608,2026-09-07T05:41:13.325052Z
EM001023,FR000050,FIR,Sulur Check Post,PERSON,0.78,95,111,drishyam-ner-v1,,2026-09-07T05:41:13.325056Z
EM001024,FR000050,FIR,Erode,PERSON,0.78,113,118,drishyam-ner-v1,,2026-09-07T05:41:13.325059Z
EM001025,FR000050,FIR,The,LOCATION,0.7,120,123,drishyam-ner-v1,,2026-09-07T05:41:13.325063Z
EM001026,FR000050,FIR,Hemang Natt,PERSON,0.78,132,143,drishyam-ner-v1,P000074,2026-09-07T05:41:13.325066Z
EM001027,FR000050,FIR,Bhavika Seshadri,PERSON,0.78,165,181,drishyam-ner-v1,P000424,2026-09-07T05:41:13.325070Z
EM001028,FR000050,FIR,fraud,CRIME_TYPE,0.75,200,205,drishyam-ner-v1,,2026-09-07T05:41:13.325073Z
EM001029,FR000050,FIR,8548242505,PHONE,0.97,228,238,drishyam-ner-v1,PH000094,2026-09-07T05:41:13.325077Z
EM001030,FR000050,FIR,A/C XXXX5123,BANK_ACCOUNT,0.85,248,260,drishyam-ner-v1,,2026-09-07T05:41:13.325080Z
EM001031,FR000050,FIR,13/08/2024,DATE,0.8,315,325,drishyam-ner-v1,,2026-09-07T05:41:13.325083Z
EM001032,FR000050,FIR,TN58 WV 6377,VEHICLE,0.9,364,376,drishyam-ner-v1,,2026-09-07T05:41:13.325087Z
EM001033,FR000050,FIR,Number,PERSON,0.78,407,413,drishyam-ner-v1,,2026-09-07T05:41:13.325090Z
EM001034,FR000050,FIR,FIR-2024-0048,FIR_NUMBER,0.95,414,427,drishyam-ner-v1,,2026-09-07T05:41:13.325093Z
EM001035,FR000050,FIR,Case Number,LOCATION,0.7,434,445,drishyam-ner-v1,,2026-09-07T05:41:13.325097Z
EM001036,FR000050,FIR,CASE-0044,CASE_NUMBER,0.95,446,455,drishyam-ner-v1,,2026-09-07T05:41:13.325100Z
EM001037,FR000050,FIR,Section,PERSON,0.78,472,479,drishyam-ner-v1,,2026-09-07T05:41:13.325104Z
EM001038,FR000050,FIR,Section 420 IPC,LEGAL_SECTION,0.85,472,487,drishyam-ner-v1,,2026-09-07T05:41:13.325107Z
EM001039,FR000050,FIR,Section,PERSON,0.78,498,505,drishyam-ner-v1,,2026-09-07T05:41:13.325111Z
EM001040,FR000050,FIR,Section 66D,LEGAL_SECTION,0.85,498,509,drishyam-ner-v1,,2026-09-07T05:41:13.325115Z
EM001041,FR000050,FIR,Act,PERSON,0.78,513,516,drishyam-ner-v1,,2026-09-07T05:41:13.325118Z
EM001042,FR000050,FIR,The,LOCATION,0.7,518,521,drishyam-ner-v1,,2026-09-07T05:41:13.325121Z
EM001043,FR000051,FIR,04/04/2026,DATE,0.8,3,13,drishyam-ner-v1,,2026-09-07T05:41:13.326606Z
EM001044,FR000051,FIR,Ishwar Chakraborty,PERSON,0.78,46,64,drishyam-ner-v1,P000580,2026-09-07T05:41:13.326609Z
EM001045,FR000051,FIR,Coimbatore Junction Construction,PERSON,0.78,80,112,drishyam-ner-v1,,2026-09-07T05:41:13.326612Z
EM001046,FR000051,FIR,Site,PERSON,0.78,113,117,drishyam-ner-v1,,2026-09-07T05:41:13.326614Z
EM001047,FR000051,FIR,Salem,PERSON,0.78,119,124,drishyam-ner-v1,,2026-09-07T05:41:13.326616Z
EM001048,FR000051,FIR,Yashasvi Sani,PERSON,0.78,129,142,drishyam-ner-v1,P000127,2026-09-07T05:41:13.326619Z
EM001049,FR000051,FIR,Netra Sarin,PERSON,0.78,163,174,drishyam-ner-v1,P000078,2026-09-07T05:41:13.326621Z
EM001050,FR000051,FIR,Crimson Tide Group,GANG,0.82,191,209,drishyam-ner-v1,ORG000008,2026-09-07T05:41:13.326623Z
EM001051,FR000051,FIR,Yashasvi Sani,PERSON,0.78,288,301,drishyam-ner-v1,P000127,2026-09-07T05:41:13.326625Z
EM001052,FR000051,FIR,7314076479,PHONE,0.97,335,345,drishyam-ner-v1,PH000161,2026-09-07T05:41:13.326628Z
EM001053,FR000051,FIR,TN21 PU 7481,VEHICLE,0.9,383,395,drishyam-ner-v1,VH000085,2026-09-07T05:41:13.326630Z
EM001054,FR000051,FIR,14-Apr-2026,DATE,0.8,409,420,drishyam-ner-v1,,2026-09-07T05:41:13.326633Z
EM001055,FR000051,FIR,Apr,PERSON,0.78,412,415,drishyam-ner-v1,,2026-09-07T05:41:13.326636Z
EM001056,FR000051,FIR,Number,PERSON,0.78,426,432,drishyam-ner-v1,,2026-09-07T05:41:13.326638Z
EM001057,FR000051,FIR,FIR-2026-0049,FIR_NUMBER,0.95,433,446,drishyam-ner-v1,,2026-09-07T05:41:13.326640Z
EM001058,FR000051,FIR,Case Number,LOCATION,0.7,453,464,drishyam-ner-v1,,2026-09-07T05:41:13.326642Z
EM001059,FR000051,FIR,CASE-0045,CASE_NUMBER,0.95,465,474,drishyam-ner-v1,,2026-09-07T05:41:13.326644Z
EM001060,FR000051,FIR,Section,PERSON,0.78,491,498,drishyam-ner-v1,,2026-09-07T05:41:13.326646Z
EM001061,FR000051,FIR,Section 392 IPC,LEGAL_SECTION,0.85,491,506,drishyam-ner-v1,,2026-09-07T05:41:13.326649Z
EM001062,FR000051,FIR,Investigation,LOCATION,0.7,519,532,drishyam-ner-v1,,2026-09-07T05:41:13.326651Z
EM001063,FR000052,FIR,Based,PERSON,0.78,0,5,drishyam-ner-v1,,2026-09-07T05:41:13.327986Z
EM001064,FR000052,FIR,30-Apr-2026,DATE,0.8,33,44,drishyam-ner-v1,,2026-09-07T05:41:13.327989Z
EM001065,FR000052,FIR,Apr,PERSON,0.78,36,39,drishyam-ner-v1,,2026-09-07T05:41:13.327991Z
EM001066,FR000052,FIR,Thirunagar Cold Storage,PERSON,0.78,78,101,drishyam-ner-v1,,2026-09-07T05:41:13.327994Z
EM001067,FR000052,FIR,Villupuram,PERSON,0.78,103,113,drishyam-ner-v1,,2026-09-07T05:41:13.327996Z
EM001068,FR000052,FIR,Complainant Nidhi Dhillon,PERSON,0.78,115,140,drishyam-ner-v1,,2026-09-07T05:41:13.327998Z
EM001069,FR000052,FIR,Wishi Bir,PERSON,0.78,152,161,drishyam-ner-v1,P000162,2026-09-07T05:41:13.328000Z
EM001070,FR000052,FIR,Silk,PERSON,0.78,169,173,drishyam-ner-v1,,2026-09-07T05:41:13.328003Z
EM001071,FR000052,FIR,Nikita Seth,PERSON,0.78,179,190,drishyam-ner-v1,P000164,2026-09-07T05:41:13.328005Z
EM001072,FR000052,FIR,Eastern Arc Outfit,GANG,0.82,225,243,drishyam-ner-v1,ORG000010,2026-09-07T05:41:13.328007Z
EM001073,FR000052,FIR,26/04/2026,DATE,0.8,264,274,drishyam-ner-v1,,2026-09-07T05:41:13.328009Z
EM001074,FR000052,FIR,Wishi Bir,PERSON,0.78,320,329,drishyam-ner-v1,P000162,2026-09-07T05:41:13.328011Z
EM001075,FR000052,FIR,TN01 WG 7904,VEHICLE,0.9,362,374,drishyam-ner-v1,,2026-09-07T05:41:13.328014Z
EM001076,FR000052,FIR,8005338894,PHONE,0.97,419,429,drishyam-ner-v1,PH000204,2026-09-07T05:41:13.328016Z
EM001077,FR000052,FIR,Contraband,PERSON,0.78,431,441,drishyam-ner-v1,,2026-09-07T05:41:13.328018Z
EM001078,FR000052,FIR,Number,PERSON,0.78,484,490,drishyam-ner-v1,,2026-09-07T05:41:13.328020Z
EM001079,FR000052,FIR,FIR-2026-0050,FIR_NUMBER,0.95,491,504,drishyam-ner-v1,,2026-09-07T05:41:13.328022Z
EM001080,FR000052,FIR,Case Number,LOCATION,0.7,511,522,drishyam-ner-v1,,2026-09-07T05:41:13.328024Z
EM001081,FR000052,FIR,CASE-0046,CASE_NUMBER,0.95,523,532,drishyam-ner-v1,,2026-09-07T05:41:13.328026Z
EM001082,FR000052,FIR,Section,PERSON,0.78,564,571,drishyam-ner-v1,,2026-09-07T05:41:13.328028Z
EM001083,FR000052,FIR,Section 418 IPC,LEGAL_SECTION,0.85,564,579,drishyam-ner-v1,,2026-09-07T05:41:13.328030Z
EM001084,FR000053,FIR,Based,PERSON,0.78,0,5,drishyam-ner-v1,,2026-09-07T05:41:13.329157Z
EM001085,FR000053,FIR,30-Apr-2026,DATE,0.8,33,44,drishyam-ner-v1,,2026-09-07T05:41:13.329160Z
EM001086,FR000053,FIR,Apr,PERSON,0.78,36,39,drishyam-ner-v1,,2026-09-07T05:41:13.329163Z
EM001087,FR000053,FIR,Thirunagar Cold Storage,PERSON,0.78,78,101,drishyam-ner-v1,,2026-09-07T05:41:13.329165Z
EM001088,FR000053,FIR,Villupuram,PERSON,0.78,103,113,drishyam-ner-v1,,2026-09-07T05:41:13.329167Z
EM001089,FR000053,FIR,Complainant Nidhi Dhillon,PERSON,0.78,115,140,drishyam-ner-v1,,2026-09-07T05:41:13.329169Z
EM001090,FR000053,FIR,Wishi Bir,PERSON,0.78,152,161,drishyam-ner-v1,P000162,2026-09-07T05:41:13.329172Z
EM001091,FR000053,FIR,Silk,PERSON,0.78,169,173,drishyam-ner-v1,,2026-09-07T05:41:13.329174Z
EM001092,FR000053,FIR,Nikita Seth,PERSON,0.78,179,190,drishyam-ner-v1,P000164,2026-09-07T05:41:13.329176Z
EM001093,FR000053,FIR,Eastern Arc Outfit,GANG,0.82,225,243,drishyam-ner-v1,ORG000010,2026-09-07T05:41:13.329178Z
EM001094,FR000053,FIR,25/04/2026,DATE,0.8,264,274,drishyam-ner-v1,,2026-09-07T05:41:13.329181Z
EM001095,FR000053,FIR,Wishi Bir,PERSON,0.78,320,329,drishyam-ner-v1,P000162,2026-09-07T05:41:13.329183Z
EM001096,FR000053,FIR,TN01 TA 2374,VEHICLE,0.9,362,374,drishyam-ner-v1,,2026-09-07T05:41:13.329185Z
EM001097,FR000053,FIR,8005338894,PHONE,0.97,419,429,drishyam-ner-v1,PH000204,2026-09-07T05:41:13.329187Z
EM001098,FR000053,FIR,Contraband,PERSON,0.78,431,441,drishyam-ner-v1,,2026-09-07T05:41:13.329189Z
EM001099,FR000053,FIR,Number,PERSON,0.78,485,491,drishyam-ner-v1,,2026-09-07T05:41:13.329191Z
EM001100,FR000053,FIR,FIR-2026-0051,FIR_NUMBER,0.95,492,505,drishyam-ner-v1,,2026-09-07T05:41:13.329194Z
EM001101,FR000053,FIR,Case Number,LOCATION,0.7,512,523,drishyam-ner-v1,,2026-09-07T05:41:13.329196Z
EM001102,FR000053,FIR,CASE-0046,CASE_NUMBER,0.95,524,533,drishyam-ner-v1,,2026-09-07T05:41:13.329206Z
EM001103,FR000053,FIR,Section,PERSON,0.78,565,572,drishyam-ner-v1,,2026-09-07T05:41:13.329208Z
EM001104,FR000053,FIR,Section 135A,LEGAL_SECTION,0.85,565,577,drishyam-ner-v1,,2026-09-07T05:41:13.329210Z
EM001105,FR000053,FIR,Customs Act,PERSON,0.78,578,589,drishyam-ner-v1,,2026-09-07T05:41:13.329212Z
EM001106,FR000054,FIR,07/12/2024,DATE,0.8,3,13,drishyam-ner-v1,,2026-09-07T05:41:13.330267Z
EM001107,FR000054,FIR,Mylapore City Police,PERSON,0.78,54,74,drishyam-ner-v1,,2026-09-07T05:41:13.330270Z
EM001108,FR000054,FIR,Station,LOCATION,0.7,75,82,drishyam-ner-v1,,2026-09-07T05:41:13.330273Z
EM001109,FR000054,FIR,Salem,PERSON,0.78,84,89,drishyam-ner-v1,,2026-09-07T05:41:13.330275Z
EM001110,FR000054,FIR,Enquiry,PERSON,0.78,91,98,drishyam-ner-v1,,2026-09-07T05:41:13.330277Z
EM001111,FR000054,FIR,Arjun Soman,PERSON,0.78,113,124,drishyam-ner-v1,P000042,2026-09-07T05:41:13.330280Z
EM001112,FR000054,FIR,David Apte,PERSON,0.78,144,154,drishyam-ner-v1,P000087,2026-09-07T05:41:13.330282Z
EM001113,FR000054,FIR,13-Dec-2024,DATE,0.8,191,202,drishyam-ner-v1,,2026-09-07T05:41:13.330284Z
EM001114,FR000054,FIR,Dec,PERSON,0.78,194,197,drishyam-ner-v1,,2026-09-07T05:41:13.330286Z
EM001115,FR000054,FIR,TN39 JX 9364,VEHICLE,0.9,227,239,drishyam-ner-v1,VH000029,2026-09-07T05:41:13.330288Z
EM001116,FR000054,FIR,Cell,PERSON,0.78,241,245,drishyam-ner-v1,,2026-09-07T05:41:13.330291Z
EM001117,FR000054,FIR,8279402124,PHONE,0.97,269,279,drishyam-ner-v1,PH000055,2026-09-07T05:41:13.330293Z
EM001118,FR000054,FIR,Intercepted,PERSON,0.78,326,337,drishyam-ner-v1,,2026-09-07T05:41:13.330295Z
EM001119,FR000054,FIR,Harbour Road Group,GANG,0.82,367,385,drishyam-ner-v1,ORG000003,2026-09-07T05:41:13.330297Z
EM001120,FR000054,FIR,Number,PERSON,0.78,396,402,drishyam-ner-v1,,2026-09-07T05:41:13.330300Z
EM001121,FR000054,FIR,FIR-2024-0052,FIR_NUMBER,0.95,403,416,drishyam-ner-v1,,2026-09-07T05:41:13.330302Z
EM001122,FR000054,FIR,Case Number,LOCATION,0.7,423,434,drishyam-ner-v1,,2026-09-07T05:41:13.330304Z
EM001123,FR000054,FIR,CASE-0047,CASE_NUMBER,0.95,435,444,drishyam-ner-v1,,2026-09-07T05:41:13.330306Z
EM001124,FR000054,FIR,Section,PERSON,0.78,464,471,drishyam-ner-v1,,2026-09-07T05:41:13.330308Z
EM001125,FR000054,FIR,Section 201 IPC,LEGAL_SECTION,0.85,464,479,drishyam-ner-v1,,2026-09-07T05:41:13.330310Z
EM001126,FR000054,FIR,Investigation,LOCATION,0.7,494,507,drishyam-ner-v1,,2026-09-07T05:41:13.330312Z
EM001127,FR000055,FIR,Based,PERSON,0.78,0,5,drishyam-ner-v1,,2026-09-07T05:41:13.331437Z
EM001128,FR000055,FIR,29-Mar-2026,DATE,0.8,33,44,drishyam-ner-v1,,2026-09-07T05:41:13.331439Z
EM001129,FR000055,FIR,Mar,PERSON,0.78,36,39,drishyam-ner-v1,,2026-09-07T05:41:13.331442Z
EM001130,FR000055,FIR,Ukkadam Harbour Police,PERSON,0.78,78,100,drishyam-ner-v1,,2026-09-07T05:41:13.331444Z
EM001131,FR000055,FIR,Station,LOCATION,0.7,101,108,drishyam-ner-v1,,2026-09-07T05:41:13.331446Z
EM001132,FR000055,FIR,Coimbatore,PERSON,0.78,110,120,drishyam-ner-v1,,2026-09-07T05:41:13.331448Z
EM001133,FR000055,FIR,Complainant Rushil Pai,PERSON,0.78,122,144,drishyam-ner-v1,,2026-09-07T05:41:13.331450Z
EM001134,FR000055,FIR,Gabriel Bhakta,PERSON,0.78,156,170,drishyam-ner-v1,P000158,2026-09-07T05:41:13.331453Z
EM001135,FR000055,FIR,Silk,PERSON,0.78,178,182,drishyam-ner-v1,,2026-09-07T05:41:13.331455Z
EM001136,FR000055,FIR,Gabriel Bhakta,PERSON,0.78,188,202,drishyam-ner-v1,P000158,2026-09-07T05:41:13.331457Z
EM001137,FR000055,FIR,Eastern Arc Outfit,GANG,0.82,237,255,drishyam-ner-v1,ORG000010,2026-09-07T05:41:13.331459Z
EM001138,FR000055,FIR,22/03/2026,DATE,0.8,276,286,drishyam-ner-v1,,2026-09-07T05:41:13.331461Z
EM001139,FR000055,FIR,Gabriel Bhakta,PERSON,0.78,332,346,drishyam-ner-v1,P000158,2026-09-07T05:41:13.331464Z
EM001140,FR000055,FIR,TN38 NR 8059,VEHICLE,0.9,379,391,drishyam-ner-v1,,2026-09-07T05:41:13.331466Z
EM001141,FR000055,FIR,8284150710,PHONE,0.97,436,446,drishyam-ner-v1,PH000200,2026-09-07T05:41:13.331468Z
EM001142,FR000055,FIR,Contraband,PERSON,0.78,448,458,drishyam-ner-v1,,2026-09-07T05:41:13.331470Z
EM001143,FR000055,FIR,Number,PERSON,0.78,501,507,drishyam-ner-v1,,2026-09-07T05:41:13.331472Z
EM001144,FR000055,FIR,FIR-2026-0053,FIR_NUMBER,0.95,508,521,drishyam-ner-v1,,2026-09-07T05:41:13.331475Z
EM001145,FR000055,FIR,Case Number,LOCATION,0.7,528,539,drishyam-ner-v1,,2026-09-07T05:41:13.331477Z
EM001146,FR000055,FIR,CASE-0048,CASE_NUMBER,0.95,540,549,drishyam-ner-v1,,2026-09-07T05:41:13.331479Z
EM001147,FR000055,FIR,Act,PERSON,0.78,586,589,drishyam-ner-v1,,2026-09-07T05:41:13.331481Z
EM001148,FR000056,FIR,Based,PERSON,0.78,0,5,drishyam-ner-v1,,2026-09-07T05:41:13.332518Z
EM001149,FR000056,FIR,28-Oct-2025,DATE,0.8,33,44,drishyam-ner-v1,,2026-09-07T05:41:13.332521Z
EM001150,FR000056,FIR,Oct,PERSON,0.78,36,39,drishyam-ner-v1,,2026-09-07T05:41:13.332524Z
EM001151,FR000056,FIR,Chokkanadar Harbour Police,PERSON,0.78,78,104,drishyam-ner-v1,,2026-09-07T05:41:13.332526Z
EM001152,FR000056,FIR,Station,LOCATION,0.7,105,112,drishyam-ner-v1,,2026-09-07T05:41:13.332528Z
EM001153,FR000056,FIR,Chennai,PERSON,0.78,114,121,drishyam-ner-v1,,2026-09-07T05:41:13.332530Z
EM001154,FR000056,FIR,Complainant Abha Ramanathan,PERSON,0.78,123,150,drishyam-ner-v1,,2026-09-07T05:41:13.332533Z
EM001155,FR000056,FIR,Zayyan Mohan,PERSON,0.78,162,174,drishyam-ner-v1,P000031,2026-09-07T05:41:13.332535Z
EM001156,FR000056,FIR,Nandini Borah,PERSON,0.78,196,209,drishyam-ner-v1,P000019,2026-09-07T05:41:13.332537Z
EM001157,FR000056,FIR,Silver Line Network,GANG,0.82,244,263,drishyam-ner-v1,ORG000002,2026-09-07T05:41:13.332540Z
EM001158,FR000056,FIR,21/10/2025,DATE,0.8,284,294,drishyam-ner-v1,,2026-09-07T05:41:13.332542Z
EM001159,FR000056,FIR,Zayyan Mohan,PERSON,0.78,340,352,drishyam-ner-v1,P000031,2026-09-07T05:41:13.332544Z
EM001160,FR000056,FIR,TN01 BB 2764,VEHICLE,0.9,385,397,drishyam-ner-v1,VH000021,2026-09-07T05:41:13.332546Z
EM001161,FR000056,FIR,8608283898,PHONE,0.97,442,452,drishyam-ner-v1,PH000041,2026-09-07T05:41:13.332549Z
EM001162,FR000056,FIR,Contraband,PERSON,0.78,454,464,drishyam-ner-v1,,2026-09-07T05:41:13.332551Z
EM001163,FR000056,FIR,Number,PERSON,0.78,507,513,drishyam-ner-v1,,2026-09-07T05:41:13.332553Z
EM001164,FR000056,FIR,FIR-2025-0054,FIR_NUMBER,0.95,514,527,drishyam-ner-v1,,2026-09-07T05:41:13.332555Z
EM001165,FR000056,FIR,Case Number,LOCATION,0.7,534,545,drishyam-ner-v1,,2026-09-07T05:41:13.332557Z
EM001166,FR000056,FIR,CASE-0049,CASE_NUMBER,0.95,546,555,drishyam-ner-v1,,2026-09-07T05:41:13.332559Z
EM001167,FR000056,FIR,Section,PERSON,0.78,587,594,drishyam-ner-v1,,2026-09-07T05:41:13.332561Z
EM001168,FR000056,FIR,Section 21 NDPS,LEGAL_SECTION,0.85,587,602,drishyam-ner-v1,,2026-09-07T05:41:13.332563Z
EM001169,FR000057,FIR,Complainant Sanya Madan,PERSON,0.78,0,23,drishyam-ner-v1,,2026-09-07T05:41:13.333694Z
EM001170,FR000057,FIR,Madurai,PERSON,0.78,37,44,drishyam-ner-v1,,2026-09-07T05:41:13.333697Z
EM001171,FR000057,FIR,Section,PERSON,0.78,59,66,drishyam-ner-v1,,2026-09-07T05:41:13.333700Z
EM001172,FR000057,FIR,Section 154 CrPC,LEGAL_SECTION,0.85,59,75,drishyam-ner-v1,,2026-09-07T05:41:13.333702Z
EM001173,FR000057,FIR,07-Oct-2025,DATE,0.8,89,100,drishyam-ner-v1,,2026-09-07T05:41:13.333705Z
EM001174,FR000057,FIR,Oct,PERSON,0.78,92,95,drishyam-ner-v1,,2026-09-07T05:41:13.333707Z
EM001175,FR000057,FIR,13-Oct-2025,DATE,0.8,105,116,drishyam-ner-v1,,2026-09-07T05:41:13.333710Z
EM001176,FR000057,FIR,Oct,PERSON,0.78,108,111,drishyam-ner-v1,,2026-09-07T05:41:13.333712Z
EM001177,FR000057,FIR,Ikbal Raghavan,PERSON,0.78,118,132,drishyam-ner-v1,P000032,2026-09-07T05:41:13.333714Z
EM001178,FR000057,FIR,Silk,PERSON,0.78,140,144,drishyam-ner-v1,,2026-09-07T05:41:13.333716Z
EM001179,FR000057,FIR,Akshay Rege,PERSON,0.78,150,161,drishyam-ner-v1,P000035,2026-09-07T05:41:13.333718Z
EM001180,FR000057,FIR,Harbour Road Group,GANG,0.82,174,192,drishyam-ner-v1,ORG000003,2026-09-07T05:41:13.333721Z
EM001181,FR000057,FIR,A/C XXXX5330,BANK_ACCOUNT,0.85,221,233,drishyam-ner-v1,AC000038,2026-09-07T05:41:13.333723Z
EM001182,FR000057,FIR,30/09/2025,DATE,0.8,289,299,drishyam-ner-v1,,2026-09-07T05:41:13.333725Z
EM001183,FR000057,FIR,A/C XXXX5330,BANK_ACCOUNT,0.85,347,359,drishyam-ner-v1,AC000038,2026-09-07T05:41:13.333727Z
EM001184,FR000057,FIR,Suspects,PERSON,0.78,379,387,drishyam-ner-v1,,2026-09-07T05:41:13.333730Z
EM001185,FR000057,FIR,8125903797,PHONE,0.97,399,409,drishyam-ner-v1,PH000042,2026-09-07T05:41:13.333732Z
EM001186,FR000057,FIR,Ikbal Raghavan,PERSON,0.78,453,467,drishyam-ner-v1,P000032,2026-09-07T05:41:13.333734Z
EM001187,FR000057,FIR,Tambaram Toll Plaza,PERSON,0.78,487,506,drishyam-ner-v1,,2026-09-07T05:41:13.333736Z
EM001188,FR000057,FIR,TN49 AL 5724,VEHICLE,0.9,541,553,drishyam-ner-v1,VH000022,2026-09-07T05:41:13.333738Z
EM001189,FR000057,FIR,Number,PERSON,0.78,559,565,drishyam-ner-v1,,2026-09-07T05:41:13.333741Z
EM001190,FR000057,FIR,FIR-2025-0055,FIR_NUMBER,0.95,566,579,drishyam-ner-v1,,2026-09-07T05:41:13.333743Z
EM001191,FR000057,FIR,Case Number,LOCATION,0.7,597,608,drishyam-ner-v1,,2026-09-07T05:41:13.333745Z
EM001192,FR000057,FIR,CASE-0050,CASE_NUMBER,0.95,609,618,drishyam-ner-v1,,2026-09-07T05:41:13.333747Z
EM001193,FR000057,FIR,Section,PERSON,0.78,638,645,drishyam-ner-v1,,2026-09-07T05:41:13.333749Z
EM001194,FR000057,FIR,Section,PERSON,0.78,657,664,drishyam-ner-v1,,2026-09-07T05:41:13.333752Z
EM001195,FR000057,FIR,Section 120B IPC,LEGAL_SECTION,0.85,657,673,drishyam-ner-v1,,2026-09-07T05:41:13.333754Z
EM001196,FR000058,FIR,Complainant Abha Ramanathan,PERSON,0.78,0,27,drishyam-ner-v1,,2026-09-07T05:41:13.334899Z
EM001197,FR000058,FIR,Coimbatore,PERSON,0.78,41,51,drishyam-ner-v1,,2026-09-07T05:41:13.334902Z
EM001198,FR000058,FIR,Section,PERSON,0.78,66,73,drishyam-ner-v1,,2026-09-07T05:41:13.334904Z
EM001199,FR000058,FIR,Section 154 CrPC,LEGAL_SECTION,0.85,66,82,drishyam-ner-v1,,2026-09-07T05:41:13.334906Z
EM001200,FR000058,FIR,08-Nov-2024,DATE,0.8,96,107,drishyam-ner-v1,,2026-09-07T05:41:13.334909Z
EM001201,FR000058,FIR,Nov,PERSON,0.78,99,102,drishyam-ner-v1,,2026-09-07T05:41:13.334911Z
EM001202,FR000058,FIR,17-Nov-2024,DATE,0.8,112,123,drishyam-ner-v1,,2026-09-07T05:41:13.334913Z
EM001203,FR000058,FIR,Nov,PERSON,0.78,115,118,drishyam-ner-v1,,2026-09-07T05:41:13.334915Z
EM001204,FR000058,FIR,Varenya Grover,PERSON,0.78,125,139,drishyam-ner-v1,P000165,2026-09-07T05:41:13.334917Z
EM001205,FR000058,FIR,Silk,PERSON,0.78,147,151,drishyam-ner-v1,,2026-09-07T05:41:13.334919Z
EM001206,FR000058,FIR,Aishani Dey,PERSON,0.78,157,168,drishyam-ner-v1,P000060,2026-09-07T05:41:13.334921Z
EM001207,FR000058,FIR,Eastern Arc Outfit,GANG,0.82,181,199,drishyam-ner-v1,ORG000010,2026-09-07T05:41:13.334923Z
EM001208,FR000058,FIR,A/C XXXX6044,BANK_ACCOUNT,0.85,228,240,drishyam-ner-v1,AC000072,2026-09-07T05:41:13.334926Z
EM001209,FR000058,FIR,30/10/2024,DATE,0.8,296,306,drishyam-ner-v1,,2026-09-07T05:41:13.334928Z
EM001210,FR000058,FIR,A/C XXXX6044,BANK_ACCOUNT,0.85,354,366,drishyam-ner-v1,AC000072,2026-09-07T05:41:13.334930Z
EM001211,FR000058,FIR,Suspects,PERSON,0.78,386,394,drishyam-ner-v1,,2026-09-07T05:41:13.334933Z
EM001212,FR000058,FIR,9270598443,PHONE,0.97,406,416,drishyam-ner-v1,PH000207,2026-09-07T05:41:13.334935Z
EM001213,FR000058,FIR,Varenya Grover,PERSON,0.78,460,474,drishyam-ner-v1,P000165,2026-09-07T05:41:13.334937Z
EM001214,FR000058,FIR,Pothigai Nagar Toll,PERSON,0.78,494,513,drishyam-ner-v1,,2026-09-07T05:41:13.334939Z
EM001215,FR000058,FIR,Plaza,PERSON,0.78,514,519,drishyam-ner-v1,,2026-09-07T05:41:13.334941Z
EM001216,FR000058,FIR,TN20 LE 3366,VEHICLE,0.9,554,566,drishyam-ner-v1,VH000111,2026-09-07T05:41:13.334943Z
EM001217,FR000058,FIR,Number,PERSON,0.78,572,578,drishyam-ner-v1,,2026-09-07T05:41:13.334946Z
EM001218,FR000058,FIR,FIR-2024-0056,FIR_NUMBER,0.95,579,592,drishyam-ner-v1,,2026-09-07T05:41:13.334948Z
EM001219,FR000058,FIR,Case Number,LOCATION,0.7,610,621,drishyam-ner-v1,,2026-09-07T05:41:13.334950Z
EM001220,FR000058,FIR,CASE-0051,CASE_NUMBER,0.95,622,631,drishyam-ner-v1,,2026-09-07T05:41:13.334952Z
EM001221,FR000058,FIR,Section,PERSON,0.78,651,658,drishyam-ner-v1,,2026-09-07T05:41:13.334954Z
EM001222,FR000058,FIR,Section 120B IPC,LEGAL_SECTION,0.85,651,667,drishyam-ner-v1,,2026-09-07T05:41:13.334957Z
EM001223,FR000058,FIR,Section,PERSON,0.78,672,679,drishyam-ner-v1,,2026-09-07T05:41:13.334959Z
EM001224,FR000058,FIR,Section 120B IPC,LEGAL_SECTION,0.85,672,688,drishyam-ner-v1,,2026-09-07T05:41:13.334961Z
EM001225,FR000059,FIR,Complainant Abha Ramanathan,PERSON,0.78,0,27,drishyam-ner-v1,,2026-09-07T05:41:13.336109Z
EM001226,FR000059,FIR,Coimbatore,PERSON,0.78,41,51,drishyam-ner-v1,,2026-09-07T05:41:13.336112Z
EM001227,FR000059,FIR,Section,PERSON,0.78,66,73,drishyam-ner-v1,,2026-09-07T05:41:13.336114Z
EM001228,FR000059,FIR,Section 154 CrPC,LEGAL_SECTION,0.85,66,82,drishyam-ner-v1,,2026-09-07T05:41:13.336117Z
EM001229,FR000059,FIR,08-Nov-2024,DATE,0.8,96,107,drishyam-ner-v1,,2026-09-07T05:41:13.336119Z
EM001230,FR000059,FIR,Nov,PERSON,0.78,99,102,drishyam-ner-v1,,2026-09-07T05:41:13.336121Z
EM001231,FR000059,FIR,11-Nov-2024,DATE,0.8,112,123,drishyam-ner-v1,,2026-09-07T05:41:13.336123Z
EM001232,FR000059,FIR,Nov,PERSON,0.78,115,118,drishyam-ner-v1,,2026-09-07T05:41:13.336126Z
EM001233,FR000059,FIR,Varenya Grover,PERSON,0.78,125,139,drishyam-ner-v1,P000165,2026-09-07T05:41:13.336128Z
EM001234,FR000059,FIR,Silk,PERSON,0.78,147,151,drishyam-ner-v1,,2026-09-07T05:41:13.336130Z
EM001235,FR000059,FIR,Aishani Dey,PERSON,0.78,157,168,drishyam-ner-v1,P000060,2026-09-07T05:41:13.336132Z
EM001236,FR000059,FIR,Eastern Arc Outfit,GANG,0.82,181,199,drishyam-ner-v1,ORG000010,2026-09-07T05:41:13.336134Z
EM001237,FR000059,FIR,A/C XXXX6044,BANK_ACCOUNT,0.85,228,240,drishyam-ner-v1,AC000072,2026-09-07T05:41:13.336136Z
EM001238,FR000059,FIR,30/10/2024,DATE,0.8,296,306,drishyam-ner-v1,,2026-09-07T05:41:13.336138Z
EM001239,FR000059,FIR,A/C XXXX6044,BANK_ACCOUNT,0.85,354,366,drishyam-ner-v1,AC000072,2026-09-07T05:41:13.336141Z
EM001240,FR000059,FIR,Suspects,PERSON,0.78,386,394,drishyam-ner-v1,,2026-09-07T05:41:13.336143Z
EM001241,FR000059,FIR,9270598443,PHONE,0.97,406,416,drishyam-ner-v1,PH000207,2026-09-07T05:41:13.336145Z
EM001242,FR000059,FIR,Varenya Grover,PERSON,0.78,460,474,drishyam-ner-v1,P000165,2026-09-07T05:41:13.336147Z
EM001243,FR000059,FIR,Sulur Check Post,PERSON,0.78,494,510,drishyam-ner-v1,,2026-09-07T05:41:13.336150Z
EM001244,FR000059,FIR,TN20 LE 3366,VEHICLE,0.9,545,557,drishyam-ner-v1,VH000111,2026-09-07T05:41:13.336152Z
EM001245,FR000059,FIR,Number,PERSON,0.78,563,569,drishyam-ner-v1,,2026-09-07T05:41:13.336154Z
EM001246,FR000059,FIR,FIR-2024-0057,FIR_NUMBER,0.95,570,583,drishyam-ner-v1,,2026-09-07T05:41:13.336160Z
EM001247,FR000059,FIR,Case Number,LOCATION,0.7,601,612,drishyam-ner-v1,,2026-09-07T05:41:13.336162Z
EM001248,FR000059,FIR,CASE-0051,CASE_NUMBER,0.95,613,622,drishyam-ner-v1,,2026-09-07T05:41:13.336164Z
EM001249,FR000059,FIR,Section,PERSON,0.78,642,649,drishyam-ner-v1,,2026-09-07T05:41:13.336167Z
EM001250,FR000059,FIR,Section,PERSON,0.78,661,668,drishyam-ner-v1,,2026-09-07T05:41:13.336169Z
EM001251,FR000059,FIR,Section 120B IPC,LEGAL_SECTION,0.85,661,677,drishyam-ner-v1,,2026-09-07T05:41:13.336171Z
EM001252,FR000060,FIR,Complainant Abha Ramanathan,PERSON,0.78,0,27,drishyam-ner-v1,,2026-09-07T05:41:13.337832Z
EM001253,FR000060,FIR,Coimbatore,PERSON,0.78,41,51,drishyam-ner-v1,,2026-09-07T05:41:13.337837Z
EM001254,FR000060,FIR,Section,PERSON,0.78,66,73,drishyam-ner-v1,,2026-09-07T05:41:13.337841Z
EM001255,FR000060,FIR,Section 154 CrPC,LEGAL_SECTION,0.85,66,82,drishyam-ner-v1,,2026-09-07T05:41:13.337845Z
EM001256,FR000060,FIR,08-Nov-2024,DATE,0.8,96,107,drishyam-ner-v1,,2026-09-07T05:41:13.337848Z
EM001257,FR000060,FIR,Nov,PERSON,0.78,99,102,drishyam-ner-v1,,2026-09-07T05:41:13.337852Z
EM001258,FR000060,FIR,09-Nov-2024,DATE,0.8,112,123,drishyam-ner-v1,,2026-09-07T05:41:13.337855Z
EM001259,FR000060,FIR,Nov,PERSON,0.78,115,118,drishyam-ner-v1,,2026-09-07T05:41:13.337859Z
EM001260,FR000060,FIR,Varenya Grover,PERSON,0.78,125,139,drishyam-ner-v1,P000165,2026-09-07T05:41:13.337862Z
EM001261,FR000060,FIR,Silk,PERSON,0.78,147,151,drishyam-ner-v1,,2026-09-07T05:41:13.337866Z
EM001262,FR000060,FIR,Aishani Dey,PERSON,0.78,157,168,drishyam-ner-v1,P000060,2026-09-07T05:41:13.337870Z
EM001263,FR000060,FIR,Eastern Arc Outfit,GANG,0.82,181,199,drishyam-ner-v1,ORG000010,2026-09-07T05:41:13.337873Z
EM001264,FR000060,FIR,A/C XXXX6044,BANK_ACCOUNT,0.85,228,240,drishyam-ner-v1,AC000072,2026-09-07T05:41:13.337876Z
EM001265,FR000060,FIR,04/11/2024,DATE,0.8,296,306,drishyam-ner-v1,,2026-09-07T05:41:13.337880Z
EM001266,FR000060,FIR,A/C XXXX6044,BANK_ACCOUNT,0.85,353,365,drishyam-ner-v1,AC000072,2026-09-07T05:41:13.337884Z
EM001267,FR000060,FIR,Suspects,PERSON,0.78,385,393,drishyam-ner-v1,,2026-09-07T05:41:13.337888Z
EM001268,FR000060,FIR,9270598443,PHONE,0.97,405,415,drishyam-ner-v1,PH000207,2026-09-07T05:41:13.337891Z
EM001269,FR000060,FIR,Varenya Grover,PERSON,0.78,459,473,drishyam-ner-v1,P000165,2026-09-07T05:41:13.337895Z
EM001270,FR000060,FIR,Sulur Check Post,PERSON,0.78,493,509,drishyam-ner-v1,,2026-09-07T05:41:13.337898Z
EM001271,FR000060,FIR,TN20 LE 3366,VEHICLE,0.9,544,556,drishyam-ner-v1,VH000111,2026-09-07T05:41:13.337902Z
EM001272,FR000060,FIR,Number,PERSON,0.78,562,568,drishyam-ner-v1,,2026-09-07T05:41:13.337905Z
EM001273,FR000060,FIR,FIR-2024-0058,FIR_NUMBER,0.95,569,582,drishyam-ner-v1,,2026-09-07T05:41:13.337909Z
EM001274,FR000060,FIR,Case Number,LOCATION,0.7,600,611,drishyam-ner-v1,,2026-09-07T05:41:13.337912Z
EM001275,FR000060,FIR,CASE-0051,CASE_NUMBER,0.95,612,621,drishyam-ner-v1,,2026-09-07T05:41:13.337916Z
EM001276,FR000060,FIR,Section,PERSON,0.78,641,648,drishyam-ner-v1,,2026-09-07T05:41:13.337919Z
EM001277,FR000060,FIR,Section,PERSON,0.78,660,667,drishyam-ner-v1,,2026-09-07T05:41:13.337923Z
EM001278,FR000060,FIR,Section 120B IPC,LEGAL_SECTION,0.85,660,676,drishyam-ner-v1,,2026-09-07T05:41:13.337926Z
EM001279,FR000061,FIR,Complainant Rudra Manne,PERSON,0.78,0,23,drishyam-ner-v1,,2026-09-07T05:41:13.340066Z
EM001280,FR000061,FIR,Chennai,PERSON,0.78,37,44,drishyam-ner-v1,,2026-09-07T05:41:13.340071Z
EM001281,FR000061,FIR,Section,PERSON,0.78,59,66,drishyam-ner-v1,,2026-09-07T05:41:13.340074Z
EM001282,FR000061,FIR,Section 154 CrPC,LEGAL_SECTION,0.85,59,75,drishyam-ner-v1,,2026-09-07T05:41:13.340078Z
EM001283,FR000061,FIR,26-Dec-2023,DATE,0.8,89,100,drishyam-ner-v1,,2026-09-07T05:41:13.340082Z
EM001284,FR000061,FIR,Dec,PERSON,0.78,92,95,drishyam-ner-v1,,2026-09-07T05:41:13.340085Z
EM001285,FR000061,FIR,04-Jan-2024,DATE,0.8,105,116,drishyam-ner-v1,,2026-09-07T05:41:13.340089Z
EM001286,FR000061,FIR,Jan,PERSON,0.78,108,111,drishyam-ner-v1,,2026-09-07T05:41:13.340092Z
EM001287,FR000061,FIR,Lakshit Singhal,PERSON,0.78,118,133,drishyam-ner-v1,P000198,2026-09-07T05:41:13.340095Z
EM001288,FR000061,FIR,Wriddhish Kumer,PERSON,0.78,154,169,drishyam-ner-v1,P000200,2026-09-07T05:41:13.340099Z
EM001289,FR000061,FIR,Steel Falcon Gang,GANG,0.82,182,199,drishyam-ner-v1,ORG000012,2026-09-07T05:41:13.340102Z
EM001290,FR000061,FIR,A/C XXXX6482,BANK_ACCOUNT,0.85,228,240,drishyam-ner-v1,AC000235,2026-09-07T05:41:13.340106Z
EM001291,FR000061,FIR,24/12/2023,DATE,0.8,296,306,drishyam-ner-v1,,2026-09-07T05:41:13.340109Z
EM001292,FR000061,FIR,A/C XXXX6482,BANK_ACCOUNT,0.85,354,366,drishyam-ner-v1,AC000235,2026-09-07T05:41:13.340113Z
EM001293,FR000061,FIR,Suspects,PERSON,0.78,386,394,drishyam-ner-v1,,2026-09-07T05:41:13.340116Z
EM001294,FR000061,FIR,7305789426,PHONE,0.97,406,416,drishyam-ner-v1,PH000246,2026-09-07T05:41:13.340119Z
EM001295,FR000061,FIR,Lakshit Singhal,PERSON,0.78,460,475,drishyam-ner-v1,P000198,2026-09-07T05:41:13.340123Z
EM001296,FR000061,FIR,Sowdambika Layout Night,PERSON,0.78,495,518,drishyam-ner-v1,,2026-09-07T05:41:13.340126Z
EM001297,FR000061,FIR,Bazaar,PERSON,0.78,519,525,drishyam-ner-v1,,2026-09-07T05:41:13.340130Z
EM001298,FR000061,FIR,TN25 DG 7603,VEHICLE,0.9,560,572,drishyam-ner-v1,VH000133,2026-09-07T05:41:13.340133Z
EM001299,FR000061,FIR,Number,PERSON,0.78,578,584,drishyam-ner-v1,,2026-09-07T05:41:13.340137Z
EM001300,FR000061,FIR,FIR-2024-0059,FIR_NUMBER,0.95,585,598,drishyam-ner-v1,,2026-09-07T05:41:13.340140Z
EM001301,FR000061,FIR,Case Number,LOCATION,0.7,616,627,drishyam-ner-v1,,2026-09-07T05:41:13.340144Z
EM001302,FR000061,FIR,CASE-0052,CASE_NUMBER,0.95,628,637,drishyam-ner-v1,,2026-09-07T05:41:13.340147Z
EM001303,FR000061,FIR,Section,PERSON,0.78,657,664,drishyam-ner-v1,,2026-09-07T05:41:13.340150Z
EM001304,FR000061,FIR,Section 120B IPC,LEGAL_SECTION,0.85,657,673,drishyam-ner-v1,,2026-09-07T05:41:13.340153Z
EM001305,FR000061,FIR,Section,PERSON,0.78,678,685,drishyam-ner-v1,,2026-09-07T05:41:13.340157Z
EM001306,FR000061,FIR,Section 120B IPC,LEGAL_SECTION,0.85,678,694,drishyam-ner-v1,,2026-09-07T05:41:13.340160Z
EM001307,FR000062,FIR,13/10/2025,DATE,0.8,3,13,drishyam-ner-v1,,2026-09-07T05:41:13.341878Z
EM001308,FR000062,FIR,Eta Agarwal,PERSON,0.78,46,57,drishyam-ner-v1,P000447,2026-09-07T05:41:13.341882Z
EM001309,FR000062,FIR,Mylapore City Police,PERSON,0.78,73,93,drishyam-ner-v1,,2026-09-07T05:41:13.341885Z
EM001310,FR000062,FIR,Station,LOCATION,0.7,94,101,drishyam-ner-v1,,2026-09-07T05:41:13.341889Z
EM001311,FR000062,FIR,Salem,PERSON,0.78,103,108,drishyam-ner-v1,,2026-09-07T05:41:13.341892Z
EM001312,FR000062,FIR,Umang Nadkarni,PERSON,0.78,113,127,drishyam-ner-v1,P000144,2026-09-07T05:41:13.341896Z
EM001313,FR000062,FIR,Silk,PERSON,0.78,135,139,drishyam-ner-v1,,2026-09-07T05:41:13.341899Z
EM001314,FR000062,FIR,Kashish Venkatesh,PERSON,0.78,145,162,drishyam-ner-v1,P000138,2026-09-07T05:41:13.341903Z
EM001315,FR000062,FIR,Black Lotus Network,GANG,0.82,179,198,drishyam-ner-v1,ORG000009,2026-09-07T05:41:13.341907Z
EM001316,FR000062,FIR,Umang Nadkarni,PERSON,0.78,276,290,drishyam-ner-v1,P000144,2026-09-07T05:41:13.341911Z
EM001317,FR000062,FIR,7060782485,PHONE,0.97,324,334,drishyam-ner-v1,PH000183,2026-09-07T05:41:13.341914Z
EM001318,FR000062,FIR,TN27 NM 8595,VEHICLE,0.9,372,384,drishyam-ner-v1,,2026-09-07T05:41:13.341917Z
EM001319,FR000062,FIR,22-Oct-2025,DATE,0.8,398,409,drishyam-ner-v1,,2026-09-07T05:41:13.341921Z
EM001320,FR000062,FIR,Oct,PERSON,0.78,401,404,drishyam-ner-v1,,2026-09-07T05:41:13.341924Z
EM001321,FR000062,FIR,Number,PERSON,0.78,415,421,drishyam-ner-v1,,2026-09-07T05:41:13.341928Z
EM001322,FR000062,FIR,FIR-2025-0060,FIR_NUMBER,0.95,422,435,drishyam-ner-v1,,2026-09-07T05:41:13.341931Z
EM001323,FR000062,FIR,Case Number,LOCATION,0.7,442,453,drishyam-ner-v1,,2026-09-07T05:41:13.341934Z
EM001324,FR000062,FIR,CASE-0053,CASE_NUMBER,0.95,454,463,drishyam-ner-v1,,2026-09-07T05:41:13.341938Z
EM001325,FR000062,FIR,Section,PERSON,0.78,480,487,drishyam-ner-v1,,2026-09-07T05:41:13.341941Z
EM001326,FR000062,FIR,Section 506,LEGAL_SECTION,0.85,480,491,drishyam-ner-v1,,2026-09-07T05:41:13.341944Z
EM001327,FR000062,FIR,Investigation,LOCATION,0.7,511,524,drishyam-ner-v1,,2026-09-07T05:41:13.341948Z
EM001328,FR000063,FIR,Complainant Anjali Sabharwal,PERSON,0.78,0,28,drishyam-ner-v1,,2026-09-07T05:41:13.343527Z
EM001329,FR000063,FIR,Royapuram Fuel Station,PERSON,0.78,41,63,drishyam-ner-v1,,2026-09-07T05:41:13.343531Z
EM001330,FR000063,FIR,Salem,PERSON,0.78,82,87,drishyam-ner-v1,,2026-09-07T05:41:13.343534Z
EM001331,FR000063,FIR,20-Feb-2026,DATE,0.8,91,102,drishyam-ner-v1,,2026-09-07T05:41:13.343538Z
EM001332,FR000063,FIR,Feb,PERSON,0.78,94,97,drishyam-ner-v1,,2026-09-07T05:41:13.343541Z
EM001333,FR000063,FIR,Vasatika Magar,PERSON,0.78,108,122,drishyam-ner-v1,P000037,2026-09-07T05:41:13.343545Z
EM001334,FR000063,FIR,Zayyan Sachdev,PERSON,0.78,143,157,drishyam-ner-v1,P000321,2026-09-07T05:41:13.343548Z
EM001335,FR000063,FIR,Harbour Road Group,GANG,0.82,165,183,drishyam-ner-v1,ORG000003,2026-09-07T05:41:13.343551Z
EM001336,FR000063,FIR,19/02/2026,DATE,0.8,271,281,drishyam-ner-v1,,2026-09-07T05:41:13.343555Z
EM001337,FR000063,FIR,Vasatika Magar,PERSON,0.78,283,297,drishyam-ner-v1,P000037,2026-09-07T05:41:13.343559Z
EM001338,FR000063,FIR,6217485870,PHONE,0.97,334,344,drishyam-ner-v1,PH000050,2026-09-07T05:41:13.343562Z
EM001339,FR000063,FIR,The,LOCATION,0.7,390,393,drishyam-ner-v1,,2026-09-07T05:41:13.343566Z
EM001340,FR000063,FIR,TN50 WN 3290,VEHICLE,0.9,451,463,drishyam-ner-v1,VH000025,2026-09-07T05:41:13.343569Z
EM001341,FR000063,FIR,Number,PERSON,0.78,469,475,drishyam-ner-v1,,2026-09-07T05:41:13.343572Z
EM001342,FR000063,FIR,FIR-2026-0061,FIR_NUMBER,0.95,476,489,drishyam-ner-v1,,2026-09-07T05:41:13.343576Z
EM001343,FR000063,FIR,Case Number,LOCATION,0.7,507,518,drishyam-ner-v1,,2026-09-07T05:41:13.343579Z
EM001344,FR000063,FIR,CASE-0054,CASE_NUMBER,0.95,519,528,drishyam-ner-v1,,2026-09-07T05:41:13.343582Z
EM001345,FR000063,FIR,Investigating,PERSON,0.78,591,604,drishyam-ner-v1,,2026-09-07T05:41:13.343586Z
EM001346,FR000064,FIR,15/09/2024,DATE,0.8,3,13,drishyam-ner-v1,,2026-09-07T05:41:13.345119Z
EM001347,FR000064,FIR,Libni Balan,PERSON,0.78,46,57,drishyam-ner-v1,P000456,2026-09-07T05:41:13.345123Z
EM001348,FR000064,FIR,Central Market Junction,LOCATION,0.7,73,96,drishyam-ner-v1,LOC000061,2026-09-07T05:41:13.345126Z
EM001349,FR000064,FIR,Chengalpattu,PERSON,0.78,98,110,drishyam-ner-v1,,2026-09-07T05:41:13.345130Z
EM001350,FR000064,FIR,David Apte,PERSON,0.78,115,125,drishyam-ner-v1,P000087,2026-09-07T05:41:13.345133Z
EM001351,FR000064,FIR,Zayyan Mohan,PERSON,0.78,145,157,drishyam-ner-v1,P000031,2026-09-07T05:41:13.345137Z
EM001352,FR000064,FIR,Red Sand Gang,GANG,0.82,174,187,drishyam-ner-v1,ORG000005,2026-09-07T05:41:13.345141Z
EM001353,FR000064,FIR,David Apte,PERSON,0.78,266,276,drishyam-ner-v1,P000087,2026-09-07T05:41:13.345144Z
EM001354,FR000064,FIR,7411865377,PHONE,0.97,310,320,drishyam-ner-v1,PH000112,2026-09-07T05:41:13.345147Z
EM001355,FR000064,FIR,TN55 DC 3891,VEHICLE,0.9,358,370,drishyam-ner-v1,VH000059,2026-09-07T05:41:13.345151Z
EM001356,FR000064,FIR,05-Oct-2024,DATE,0.8,384,395,drishyam-ner-v1,,2026-09-07T05:41:13.345154Z
EM001357,FR000064,FIR,Oct,PERSON,0.78,387,390,drishyam-ner-v1,,2026-09-07T05:41:13.345157Z
EM001358,FR000064,FIR,Number,PERSON,0.78,401,407,drishyam-ner-v1,,2026-09-07T05:41:13.345161Z
EM001359,FR000064,FIR,FIR-2024-0062,FIR_NUMBER,0.95,408,421,drishyam-ner-v1,,2026-09-07T05:41:13.345164Z
EM001360,FR000064,FIR,Case Number,LOCATION,0.7,428,439,drishyam-ner-v1,,2026-09-07T05:41:13.345167Z
EM001361,FR000064,FIR,CASE-0055,CASE_NUMBER,0.95,440,449,drishyam-ner-v1,,2026-09-07T05:41:13.345170Z
EM001362,FR000064,FIR,Section,PERSON,0.78,466,473,drishyam-ner-v1,,2026-09-07T05:41:13.345174Z
EM001363,FR000064,FIR,Section 506,LEGAL_SECTION,0.85,466,477,drishyam-ner-v1,,2026-09-07T05:41:13.345177Z
EM001364,FR000064,FIR,Investigation,LOCATION,0.7,497,510,drishyam-ner-v1,,2026-09-07T05:41:13.345180Z
EM001365,FR000065,FIR,Complainant Robert Goyal,PERSON,0.78,0,24,drishyam-ner-v1,,2026-09-07T05:41:13.346865Z
EM001366,FR000065,FIR,Ukkadam Harbour Police,PERSON,0.78,44,66,drishyam-ner-v1,,2026-09-07T05:41:13.346869Z
EM001367,FR000065,FIR,Station,LOCATION,0.7,67,74,drishyam-ner-v1,,2026-09-07T05:41:13.346873Z
EM001368,FR000065,FIR,Coimbatore,PERSON,0.78,76,86,drishyam-ner-v1,,2026-09-07T05:41:13.346877Z
EM001369,FR000065,FIR,26-Apr-2024,DATE,0.8,91,102,drishyam-ner-v1,,2026-09-07T05:41:13.346880Z
EM001370,FR000065,FIR,Apr,PERSON,0.78,94,97,drishyam-ner-v1,,2026-09-07T05:41:13.346883Z
EM001371,FR000065,FIR,Yuvraj Sheth,PERSON,0.78,117,129,drishyam-ner-v1,P000141,2026-09-07T05:41:13.346887Z
EM001372,FR000065,FIR,Silk,PERSON,0.78,137,141,drishyam-ner-v1,,2026-09-07T05:41:13.346890Z
EM001373,FR000065,FIR,Yasti Reddy,PERSON,0.78,147,158,drishyam-ner-v1,P000021,2026-09-07T05:41:13.346894Z
EM001374,FR000065,FIR,fraud,CRIME_TYPE,0.75,170,175,drishyam-ner-v1,,2026-09-07T05:41:13.346897Z
EM001375,FR000065,FIR,23/04/2024,DATE,0.8,179,189,drishyam-ner-v1,,2026-09-07T05:41:13.346900Z
EM001376,FR000065,FIR,Yuvraj Sheth,PERSON,0.78,229,241,drishyam-ner-v1,P000141,2026-09-07T05:41:13.346904Z
EM001377,FR000065,FIR,7540931288,PHONE,0.97,275,285,drishyam-ner-v1,PH000180,2026-09-07T05:41:13.346907Z
EM001378,FR000065,FIR,TN01 RZ 1811,VEHICLE,0.9,340,352,drishyam-ner-v1,VH000095,2026-09-07T05:41:13.346911Z
EM001379,FR000065,FIR,Ukkadam Harbour Police,PERSON,0.78,358,380,drishyam-ner-v1,,2026-09-07T05:41:13.346914Z
EM001380,FR000065,FIR,Station,LOCATION,0.7,381,388,drishyam-ner-v1,,2026-09-07T05:41:13.346918Z
EM001381,FR000065,FIR,29-Apr-2024,DATE,0.8,392,403,drishyam-ner-v1,,2026-09-07T05:41:13.346921Z
EM001382,FR000065,FIR,Apr,PERSON,0.78,395,398,drishyam-ner-v1,,2026-09-07T05:41:13.346924Z
EM001383,FR000065,FIR,The Black Lotus,ORGANIZATION,0.7,405,420,drishyam-ner-v1,,2026-09-07T05:41:13.346928Z
EM001384,FR000065,FIR,Network,GANG,0.82,421,428,drishyam-ner-v1,,2026-09-07T05:41:13.346931Z
EM001385,FR000065,FIR,Number,PERSON,0.78,467,473,drishyam-ner-v1,,2026-09-07T05:41:13.346935Z
EM001386,FR000065,FIR,FIR-2024-0063,FIR_NUMBER,0.95,474,487,drishyam-ner-v1,,2026-09-07T05:41:13.346938Z
EM001387,FR000065,FIR,Case Number,LOCATION,0.7,494,505,drishyam-ner-v1,,2026-09-07T05:41:13.346941Z
EM001388,FR000065,FIR,CASE-0056,CASE_NUMBER,0.95,506,515,drishyam-ner-v1,,2026-09-07T05:41:13.346945Z
EM001389,FR000065,FIR,Section,PERSON,0.78,532,539,drishyam-ner-v1,,2026-09-07T05:41:13.346948Z
EM001390,FR000065,FIR,Section 468 IPC,LEGAL_SECTION,0.85,532,547,drishyam-ner-v1,,2026-09-07T05:41:13.346951Z
EM001391,FR000065,FIR,Investigation,LOCATION,0.7,560,573,drishyam-ner-v1,,2026-09-07T05:41:13.346955Z
EM001392,FR000066,FIR,Complainant Robert Goyal,PERSON,0.78,0,24,drishyam-ner-v1,,2026-09-07T05:41:13.348586Z
EM001393,FR000066,FIR,Thirunagar Industrial Estate,PERSON,0.78,44,72,drishyam-ner-v1,,2026-09-07T05:41:13.348590Z
EM001394,FR000066,FIR,Coimbatore,PERSON,0.78,74,84,drishyam-ner-v1,,2026-09-07T05:41:13.348594Z
EM001395,FR000066,FIR,26-Apr-2024,DATE,0.8,89,100,drishyam-ner-v1,,2026-09-07T05:41:13.348597Z
EM001396,FR000066,FIR,Apr,PERSON,0.78,92,95,drishyam-ner-v1,,2026-09-07T05:41:13.348601Z
EM001397,FR000066,FIR,Yuvraj Sheth,PERSON,0.78,115,127,drishyam-ner-v1,P000141,2026-09-07T05:41:13.348604Z
EM001398,FR000066,FIR,Silk,PERSON,0.78,135,139,drishyam-ner-v1,,2026-09-07T05:41:13.348608Z
EM001399,FR000066,FIR,Yasti Reddy,PERSON,0.78,145,156,drishyam-ner-v1,P000021,2026-09-07T05:41:13.348612Z
EM001400,FR000066,FIR,fraud,CRIME_TYPE,0.75,168,173,drishyam-ner-v1,,2026-09-07T05:41:13.348615Z
EM001401,FR000066,FIR,22/04/2024,DATE,0.8,177,187,drishyam-ner-v1,,2026-09-07T05:41:13.348618Z
EM001402,FR000066,FIR,Yuvraj Sheth,PERSON,0.78,227,239,drishyam-ner-v1,P000141,2026-09-07T05:41:13.348622Z
EM001403,FR000066,FIR,7540931288,PHONE,0.97,273,283,drishyam-ner-v1,PH000180,2026-09-07T05:41:13.348625Z
EM001404,FR000066,FIR,TN01 RZ 1811,VEHICLE,0.9,338,350,drishyam-ner-v1,VH000095,2026-09-07T05:41:13.348629Z
EM001405,FR000066,FIR,Thirunagar Industrial Estate,PERSON,0.78,356,384,drishyam-ner-v1,,2026-09-07T05:41:13.348632Z
EM001406,FR000066,FIR,03-May-2024,DATE,0.8,388,399,drishyam-ner-v1,,2026-09-07T05:41:13.348639Z
EM001407,FR000066,FIR,May,PERSON,0.78,391,394,drishyam-ner-v1,,2026-09-07T05:41:13.348642Z
EM001408,FR000066,FIR,The Black Lotus,ORGANIZATION,0.7,401,416,drishyam-ner-v1,,2026-09-07T05:41:13.348645Z
EM001409,FR000066,FIR,Network,GANG,0.82,417,424,drishyam-ner-v1,,2026-09-07T05:41:13.348649Z
EM001410,FR000066,FIR,Number,PERSON,0.78,463,469,drishyam-ner-v1,,2026-09-07T05:41:13.348652Z
EM001411,FR000066,FIR,FIR-2024-0064,FIR_NUMBER,0.95,470,483,drishyam-ner-v1,,2026-09-07T05:41:13.348655Z
EM001412,FR000066,FIR,Case Number,LOCATION,0.7,490,501,drishyam-ner-v1,,2026-09-07T05:41:13.348658Z
EM001413,FR000066,FIR,CASE-0056,CASE_NUMBER,0.95,502,511,drishyam-ner-v1,,2026-09-07T05:41:13.348661Z
EM001414,FR000066,FIR,Section,PERSON,0.78,528,535,drishyam-ner-v1,,2026-09-07T05:41:13.348665Z
EM001415,FR000066,FIR,Section 468 IPC,LEGAL_SECTION,0.85,528,543,drishyam-ner-v1,,2026-09-07T05:41:13.348668Z
EM001416,FR000066,FIR,Investigation,LOCATION,0.7,556,569,drishyam-ner-v1,,2026-09-07T05:41:13.348671Z
EM001417,FR000067,FIR,Complainant Robert Goyal,PERSON,0.78,0,24,drishyam-ner-v1,,2026-09-07T05:41:13.350352Z
EM001418,FR000067,FIR,Ukkadam Harbour Police,PERSON,0.78,44,66,drishyam-ner-v1,,2026-09-07T05:41:13.350356Z
EM001419,FR000067,FIR,Station,LOCATION,0.7,67,74,drishyam-ner-v1,,2026-09-07T05:41:13.350360Z
EM001420,FR000067,FIR,Coimbatore,PERSON,0.78,76,86,drishyam-ner-v1,,2026-09-07T05:41:13.350363Z
EM001421,FR000067,FIR,26-Apr-2024,DATE,0.8,91,102,drishyam-ner-v1,,2026-09-07T05:41:13.350367Z
EM001422,FR000067,FIR,Apr,PERSON,0.78,94,97,drishyam-ner-v1,,2026-09-07T05:41:13.350370Z
EM001423,FR000067,FIR,Yuvraj Sheth,PERSON,0.78,117,129,drishyam-ner-v1,P000141,2026-09-07T05:41:13.350373Z
EM001424,FR000067,FIR,Silk,PERSON,0.78,137,141,drishyam-ner-v1,,2026-09-07T05:41:13.350377Z
EM001425,FR000067,FIR,Yasti Reddy,PERSON,0.78,147,158,drishyam-ner-v1,P000021,2026-09-07T05:41:13.350380Z
EM001426,FR000067,FIR,fraud,CRIME_TYPE,0.75,170,175,drishyam-ner-v1,,2026-09-07T05:41:13.350384Z
EM001427,FR000067,FIR,22/04/2024,DATE,0.8,179,189,drishyam-ner-v1,,2026-09-07T05:41:13.350387Z
EM001428,FR000067,FIR,Yuvraj Sheth,PERSON,0.78,229,241,drishyam-ner-v1,P000141,2026-09-07T05:41:13.350391Z
EM001429,FR000067,FIR,7540931288,PHONE,0.97,275,285,drishyam-ner-v1,PH000180,2026-09-07T05:41:13.350395Z
EM001430,FR000067,FIR,TN01 RZ 1811,VEHICLE,0.9,340,352,drishyam-ner-v1,VH000095,2026-09-07T05:41:13.350398Z
EM001431,FR000067,FIR,Ukkadam Harbour Police,PERSON,0.78,358,380,drishyam-ner-v1,,2026-09-07T05:41:13.350402Z
EM001432,FR000067,FIR,Station,LOCATION,0.7,381,388,drishyam-ner-v1,,2026-09-07T05:41:13.350406Z
EM001433,FR000067,FIR,03-May-2024,DATE,0.8,392,403,drishyam-ner-v1,,2026-09-07T05:41:13.350409Z
EM001434,FR000067,FIR,May,PERSON,0.78,395,398,drishyam-ner-v1,,2026-09-07T05:41:13.350413Z
EM001435,FR000067,FIR,The Black Lotus,ORGANIZATION,0.7,405,420,drishyam-ner-v1,,2026-09-07T05:41:13.350416Z
EM001436,FR000067,FIR,Network,GANG,0.82,421,428,drishyam-ner-v1,,2026-09-07T05:41:13.350420Z
EM001437,FR000067,FIR,Number,PERSON,0.78,467,473,drishyam-ner-v1,,2026-09-07T05:41:13.350423Z
EM001438,FR000067,FIR,FIR-2024-0065,FIR_NUMBER,0.95,474,487,drishyam-ner-v1,,2026-09-07T05:41:13.350426Z
EM001439,FR000067,FIR,Case Number,LOCATION,0.7,494,505,drishyam-ner-v1,,2026-09-07T05:41:13.350430Z
EM001440,FR000067,FIR,CASE-0056,CASE_NUMBER,0.95,506,515,drishyam-ner-v1,,2026-09-07T05:41:13.350433Z
EM001441,FR000067,FIR,Section,PERSON,0.78,532,539,drishyam-ner-v1,,2026-09-07T05:41:13.350437Z
EM001442,FR000067,FIR,Section 420 IPC,LEGAL_SECTION,0.85,532,547,drishyam-ner-v1,,2026-09-07T05:41:13.350440Z
EM001443,FR000067,FIR,Investigation,LOCATION,0.7,560,573,drishyam-ner-v1,,2026-09-07T05:41:13.350443Z
EM001444,FR000068,FIR,Based,PERSON,0.78,0,5,drishyam-ner-v1,,2026-09-07T05:41:13.352127Z
EM001445,FR000068,FIR,04-Nov-2025,DATE,0.8,33,44,drishyam-ner-v1,,2026-09-07T05:41:13.352131Z
EM001446,FR000068,FIR,Nov,PERSON,0.78,36,39,drishyam-ner-v1,,2026-09-07T05:41:13.352135Z
EM001447,FR000068,FIR,Mettupalayam Cold Storage,PERSON,0.78,78,103,drishyam-ner-v1,,2026-09-07T05:41:13.352138Z
EM001448,FR000068,FIR,Chennai,PERSON,0.78,105,112,drishyam-ner-v1,,2026-09-07T05:41:13.352142Z
EM001449,FR000068,FIR,Complainant Krishna Sanghvi,PERSON,0.78,114,141,drishyam-ner-v1,,2026-09-07T05:41:13.352145Z
EM001450,FR000068,FIR,Anthony Bhattacharyya,PERSON,0.78,153,174,drishyam-ner-v1,P000084,2026-09-07T05:41:13.352149Z
EM001451,FR000068,FIR,Silk,PERSON,0.78,182,186,drishyam-ner-v1,,2026-09-07T05:41:13.352152Z
EM001452,FR000068,FIR,Chavvi Dey,PERSON,0.78,192,202,drishyam-ner-v1,P000095,2026-09-07T05:41:13.352156Z
EM001453,FR000068,FIR,Red Sand Gang,GANG,0.82,237,250,drishyam-ner-v1,ORG000005,2026-09-07T05:41:13.352159Z
EM001454,FR000068,FIR,27/10/2025,DATE,0.8,271,281,drishyam-ner-v1,,2026-09-07T05:41:13.352163Z
EM001455,FR000068,FIR,Anthony Bhattacharyya,PERSON,0.78,327,348,drishyam-ner-v1,P000084,2026-09-07T05:41:13.352166Z
EM001456,FR000068,FIR,TN43 LD 6507,VEHICLE,0.9,381,393,drishyam-ner-v1,VH000056,2026-09-07T05:41:13.352170Z
EM001457,FR000068,FIR,7156040040,PHONE,0.97,438,448,drishyam-ner-v1,PH000106,2026-09-07T05:41:13.352173Z
EM001458,FR000068,FIR,Contraband,PERSON,0.78,450,460,drishyam-ner-v1,,2026-09-07T05:41:13.352177Z
EM001459,FR000068,FIR,Number,PERSON,0.78,503,509,drishyam-ner-v1,,2026-09-07T05:41:13.352180Z
EM001460,FR000068,FIR,FIR-2025-0066,FIR_NUMBER,0.95,510,523,drishyam-ner-v1,,2026-09-07T05:41:13.352184Z
EM001461,FR000068,FIR,Case Number,LOCATION,0.7,530,541,drishyam-ner-v1,,2026-09-07T05:41:13.352187Z
EM001462,FR000068,FIR,CASE-0057,CASE_NUMBER,0.95,542,551,drishyam-ner-v1,,2026-09-07T05:41:13.352190Z
EM001463,FR000068,FIR,Section,PERSON,0.78,583,590,drishyam-ner-v1,,2026-09-07T05:41:13.352193Z
EM001464,FR000068,FIR,Section 27A NDPS,LEGAL_SECTION,0.85,583,599,drishyam-ner-v1,,2026-09-07T05:41:13.352197Z
EM001465,FR000069,FIR,Complainant Zashil Morar,PERSON,0.78,0,24,drishyam-ner-v1,,2026-09-07T05:41:13.353876Z
EM001466,FR000069,FIR,Ambattur Warehouse Complex,PERSON,0.78,44,70,drishyam-ner-v1,,2026-09-07T05:41:13.353890Z
EM001467,FR000069,FIR,Theni,PERSON,0.78,72,77,drishyam-ner-v1,,2026-09-07T05:41:13.353894Z
EM001468,FR000069,FIR,14-Jan-2026,DATE,0.8,82,93,drishyam-ner-v1,,2026-09-07T05:41:13.353898Z
EM001469,FR000069,FIR,Jan,PERSON,0.78,85,88,drishyam-ner-v1,,2026-09-07T05:41:13.353901Z
EM001470,FR000069,FIR,Vanya Banerjee,PERSON,0.78,108,122,drishyam-ner-v1,P000136,2026-09-07T05:41:13.353904Z
EM001471,FR000069,FIR,Triveni Lad,PERSON,0.78,142,153,drishyam-ner-v1,P000103,2026-09-07T05:41:13.353908Z
EM001472,FR000069,FIR,fraud,CRIME_TYPE,0.75,165,170,drishyam-ner-v1,,2026-09-07T05:41:13.353911Z
EM001473,FR000069,FIR,11/01/2026,DATE,0.8,174,184,drishyam-ner-v1,,2026-09-07T05:41:13.353915Z
EM001474,FR000069,FIR,Vanya Banerjee,PERSON,0.78,223,237,drishyam-ner-v1,P000136,2026-09-07T05:41:13.353918Z
EM001475,FR000069,FIR,6156863161,PHONE,0.97,271,281,drishyam-ner-v1,PH000174,2026-09-07T05:41:13.353921Z
EM001476,FR000069,FIR,TN27 TC 1572,VEHICLE,0.9,336,348,drishyam-ner-v1,VH000090,2026-09-07T05:41:13.353925Z
EM001477,FR000069,FIR,Ambattur Warehouse Complex,PERSON,0.78,354,380,drishyam-ner-v1,,2026-09-07T05:41:13.353929Z
EM001478,FR000069,FIR,16-Jan-2026,DATE,0.8,384,395,drishyam-ner-v1,,2026-09-07T05:41:13.353932Z
EM001479,FR000069,FIR,Jan,PERSON,0.78,387,390,drishyam-ner-v1,,2026-09-07T05:41:13.353935Z
EM001480,FR000069,FIR,The Crimson Tide,ORGANIZATION,0.7,397,413,drishyam-ner-v1,,2026-09-07T05:41:13.353939Z
EM001481,FR000069,FIR,Group,GANG,0.82,414,419,drishyam-ner-v1,,2026-09-07T05:41:13.353942Z
EM001482,FR000069,FIR,Number,PERSON,0.78,458,464,drishyam-ner-v1,,2026-09-07T05:41:13.353945Z
EM001483,FR000069,FIR,FIR-2026-0067,FIR_NUMBER,0.95,465,478,drishyam-ner-v1,,2026-09-07T05:41:13.353949Z
EM001484,FR000069,FIR,Case Number,LOCATION,0.7,485,496,drishyam-ner-v1,,2026-09-07T05:41:13.353952Z
EM001485,FR000069,FIR,CASE-0058,CASE_NUMBER,0.95,497,506,drishyam-ner-v1,,2026-09-07T05:41:13.353955Z
EM001486,FR000069,FIR,Section,PERSON,0.78,523,530,drishyam-ner-v1,,2026-09-07T05:41:13.353958Z
EM001487,FR000069,FIR,Section 471 IPC,LEGAL_SECTION,0.85,523,538,drishyam-ner-v1,,2026-09-07T05:41:13.353961Z
EM001488,FR000069,FIR,Investigation,LOCATION,0.7,551,564,drishyam-ner-v1,,2026-09-07T05:41:13.353965Z
EM001489,FR000070,FIR,24-Nov-2025,DATE,0.8,3,14,drishyam-ner-v1,,2026-09-07T05:41:13.355548Z
EM001490,FR000070,FIR,Nov,PERSON,0.78,6,9,drishyam-ner-v1,,2026-09-07T05:41:13.355552Z
EM001491,FR000070,FIR,Hiral Mahal,PERSON,0.78,27,38,drishyam-ner-v1,P000624,2026-09-07T05:41:13.355555Z
EM001492,FR000070,FIR,Mylapore City Police,PERSON,0.78,98,118,drishyam-ner-v1,,2026-09-07T05:41:13.355559Z
EM001493,FR000070,FIR,Station,LOCATION,0.7,119,126,drishyam-ner-v1,,2026-09-07T05:41:13.355562Z
EM001494,FR000070,FIR,Salem,PERSON,0.78,128,133,drishyam-ner-v1,,2026-09-07T05:41:13.355566Z
EM001495,FR000070,FIR,The,LOCATION,0.7,135,138,drishyam-ner-v1,,2026-09-07T05:41:13.355569Z
EM001496,FR000070,FIR,Ekansh Misra,PERSON,0.78,147,159,drishyam-ner-v1,P000004,2026-09-07T05:41:13.355572Z
EM001497,FR000070,FIR,Silk,PERSON,0.78,167,171,drishyam-ner-v1,,2026-09-07T05:41:13.355575Z
EM001498,FR000070,FIR,Noah Kohli,PERSON,0.78,177,187,drishyam-ner-v1,P000157,2026-09-07T05:41:13.355579Z
EM001499,FR000070,FIR,fraud,CRIME_TYPE,0.75,206,211,drishyam-ner-v1,,2026-09-07T05:41:13.355582Z
EM001500,FR000070,FIR,6127416934,PHONE,0.97,234,244,drishyam-ner-v1,PH000007,2026-09-07T05:41:13.355585Z
EM001501,FR000070,FIR,A/C XXXX5123,BANK_ACCOUNT,0.85,254,266,drishyam-ner-v1,,2026-09-07T05:41:13.355589Z
EM001502,FR000070,FIR,17/11/2025,DATE,0.8,321,331,drishyam-ner-v1,,2026-09-07T05:41:13.355592Z
EM001503,FR000070,FIR,TN45 WB 4957,VEHICLE,0.9,370,382,drishyam-ner-v1,VH000004,2026-09-07T05:41:13.355595Z
EM001504,FR000070,FIR,Number,PERSON,0.78,413,419,drishyam-ner-v1,,2026-09-07T05:41:13.355599Z
EM001505,FR000070,FIR,FIR-2025-0068,FIR_NUMBER,0.95,420,433,drishyam-ner-v1,,2026-09-07T05:41:13.355602Z
EM001506,FR000070,FIR,Case Number,LOCATION,0.7,440,451,drishyam-ner-v1,,2026-09-07T05:41:13.355605Z
EM001507,FR000070,FIR,CASE-0059,CASE_NUMBER,0.95,452,461,drishyam-ner-v1,,2026-09-07T05:41:13.355608Z
EM001508,FR000070,FIR,Section,PERSON,0.78,478,485,drishyam-ner-v1,,2026-09-07T05:41:13.355612Z
EM001509,FR000070,FIR,Section 420 IPC,LEGAL_SECTION,0.85,478,493,drishyam-ner-v1,,2026-09-07T05:41:13.355615Z
EM001510,FR000070,FIR,Section,PERSON,0.78,504,511,drishyam-ner-v1,,2026-09-07T05:41:13.355618Z
EM001511,FR000070,FIR,Section 66D,LEGAL_SECTION,0.85,504,515,drishyam-ner-v1,,2026-09-07T05:41:13.355621Z
EM001512,FR000070,FIR,Act,PERSON,0.78,519,522,drishyam-ner-v1,,2026-09-07T05:41:13.355625Z
EM001513,FR000070,FIR,The,LOCATION,0.7,524,527,drishyam-ner-v1,,2026-09-07T05:41:13.355628Z
EM001514,FR000071,FIR,Based,PERSON,0.78,0,5,drishyam-ner-v1,,2026-09-07T05:41:13.357155Z
EM001515,FR000071,FIR,27-Aug-2025,DATE,0.8,33,44,drishyam-ner-v1,,2026-09-07T05:41:13.357159Z
EM001516,FR000071,FIR,Aug,PERSON,0.78,36,39,drishyam-ner-v1,,2026-09-07T05:41:13.357162Z
EM001517,FR000071,FIR,Nagar Night Bazaar,PERSON,0.78,81,99,drishyam-ner-v1,,2026-09-07T05:41:13.357166Z
EM001518,FR000071,FIR,Kanniyakumari,PERSON,0.78,101,114,drishyam-ner-v1,,2026-09-07T05:41:13.357170Z
EM001519,FR000071,FIR,Complainant Harinakshi Baria,PERSON,0.78,116,144,drishyam-ner-v1,,2026-09-07T05:41:13.357173Z
EM001520,FR000071,FIR,Chaman Kibe,PERSON,0.78,156,167,drishyam-ner-v1,P000104,2026-09-07T05:41:13.357176Z
EM001521,FR000071,FIR,Andrew Devi,PERSON,0.78,188,199,drishyam-ner-v1,P000098,2026-09-07T05:41:13.357180Z
EM001522,FR000071,FIR,Delta Cartel,GANG,0.82,234,246,drishyam-ner-v1,ORG000006,2026-09-07T05:41:13.357183Z
EM001523,FR000071,FIR,19/08/2025,DATE,0.8,267,277,drishyam-ner-v1,,2026-09-07T05:41:13.357186Z
EM001524,FR000071,FIR,Chaman Kibe,PERSON,0.78,323,334,drishyam-ner-v1,P000104,2026-09-07T05:41:13.357189Z
EM001525,FR000071,FIR,TN19 HG 3902,VEHICLE,0.9,367,379,drishyam-ner-v1,VH000069,2026-09-07T05:41:13.357192Z
EM001526,FR000071,FIR,9906286630,PHONE,0.97,424,434,drishyam-ner-v1,PH000134,2026-09-07T05:41:13.357196Z
EM001527,FR000071,FIR,Contraband,PERSON,0.78,436,446,drishyam-ner-v1,,2026-09-07T05:41:13.357200Z
EM001528,FR000071,FIR,Number,PERSON,0.78,489,495,drishyam-ner-v1,,2026-09-07T05:41:13.357204Z
EM001529,FR000071,FIR,FIR-2025-0069,FIR_NUMBER,0.95,496,509,drishyam-ner-v1,,2026-09-07T05:41:13.357207Z
EM001530,FR000071,FIR,Case Number,LOCATION,0.7,516,527,drishyam-ner-v1,,2026-09-07T05:41:13.357211Z
EM001531,FR000071,FIR,CASE-0060,CASE_NUMBER,0.95,528,537,drishyam-ner-v1,,2026-09-07T05:41:13.357215Z
EM001532,FR000071,FIR,Section,PERSON,0.78,569,576,drishyam-ner-v1,,2026-09-07T05:41:13.357219Z
EM001533,FR000072,FIR,Complainant Inaya Kadakia,PERSON,0.78,0,25,drishyam-ner-v1,,2026-09-07T05:41:13.358869Z
EM001534,FR000072,FIR,Velachery Oil Depot,PERSON,0.78,38,57,drishyam-ner-v1,,2026-09-07T05:41:13.358873Z
EM001535,FR000072,FIR,Kancheepuram,PERSON,0.78,76,88,drishyam-ner-v1,,2026-09-07T05:41:13.358877Z
EM001536,FR000072,FIR,03-Feb-2025,DATE,0.8,92,103,drishyam-ner-v1,,2026-09-07T05:41:13.358880Z
EM001537,FR000072,FIR,Feb,PERSON,0.78,95,98,drishyam-ner-v1,,2026-09-07T05:41:13.358883Z
EM001538,FR000072,FIR,Ira Bhatnagar,PERSON,0.78,109,122,drishyam-ner-v1,P000143,2026-09-07T05:41:13.358887Z
EM001539,FR000072,FIR,Silk,PERSON,0.78,130,134,drishyam-ner-v1,,2026-09-07T05:41:13.358890Z
EM001540,FR000072,FIR,Sai Sundaram,PERSON,0.78,140,152,drishyam-ner-v1,P000024,2026-09-07T05:41:13.358893Z
EM001541,FR000072,FIR,Black Lotus Network,GANG,0.82,160,179,drishyam-ner-v1,ORG000009,2026-09-07T05:41:13.358897Z
EM001542,FR000072,FIR,01/02/2025,DATE,0.8,268,278,drishyam-ner-v1,,2026-09-07T05:41:13.358900Z
EM001543,FR000072,FIR,Ira Bhatnagar,PERSON,0.78,280,293,drishyam-ner-v1,P000143,2026-09-07T05:41:13.358904Z
EM001544,FR000072,FIR,6443834177,PHONE,0.97,330,340,drishyam-ner-v1,PH000182,2026-09-07T05:41:13.358907Z
EM001545,FR000072,FIR,The,LOCATION,0.7,386,389,drishyam-ner-v1,,2026-09-07T05:41:13.358910Z
EM001546,FR000072,FIR,TN31 XX 2170,VEHICLE,0.9,447,459,drishyam-ner-v1,VH000097,2026-09-07T05:41:13.358914Z
EM001547,FR000072,FIR,Number,PERSON,0.78,465,471,drishyam-ner-v1,,2026-09-07T05:41:13.358918Z
EM001548,FR000072,FIR,FIR-2025-0070,FIR_NUMBER,0.95,472,485,drishyam-ner-v1,,2026-09-07T05:41:13.358921Z
EM001549,FR000072,FIR,Case Number,LOCATION,0.7,503,514,drishyam-ner-v1,,2026-09-07T05:41:13.358925Z
EM001550,FR000072,FIR,CASE-0061,CASE_NUMBER,0.95,515,524,drishyam-ner-v1,,2026-09-07T05:41:13.358928Z
EM001551,FR000072,FIR,Investigating,PERSON,0.78,587,600,drishyam-ner-v1,,2026-09-07T05:41:13.358931Z
EM001552,FR000073,FIR,05/06/2025,DATE,0.8,3,13,drishyam-ner-v1,,2026-09-07T05:41:13.360128Z
EM001553,FR000073,FIR,Hiral Mahal,PERSON,0.78,46,57,drishyam-ner-v1,P000624,2026-09-07T05:41:13.360131Z
EM001554,FR000073,FIR,Ganapathy Junction,PERSON,0.78,73,91,drishyam-ner-v1,,2026-09-07T05:41:13.360133Z
EM001555,FR000073,FIR,Erode,PERSON,0.78,93,98,drishyam-ner-v1,,2026-09-07T05:41:13.360136Z
EM001556,FR000073,FIR,Oviya Tripathi,PERSON,0.78,103,117,drishyam-ner-v1,P000025,2026-09-07T05:41:13.360138Z
EM001557,FR000073,FIR,Alka Mohanty,PERSON,0.78,139,151,drishyam-ner-v1,P000044,2026-09-07T05:41:13.360140Z
EM001558,FR000073,FIR,Silver Line Network,GANG,0.82,168,187,drishyam-ner-v1,ORG000002,2026-09-07T05:41:13.360143Z
EM001559,FR000073,FIR,Oviya Tripathi,PERSON,0.78,266,280,drishyam-ner-v1,P000025,2026-09-07T05:41:13.360145Z
EM001560,FR000073,FIR,7815260768,PHONE,0.97,314,324,drishyam-ner-v1,PH000033,2026-09-07T05:41:13.360147Z
EM001561,FR000073,FIR,TN01 RS 5495,VEHICLE,0.9,362,374,drishyam-ner-v1,VH000015,2026-09-07T05:41:13.360150Z
EM001562,FR000073,FIR,14-Jun-2025,DATE,0.8,388,399,drishyam-ner-v1,,2026-09-07T05:41:13.360152Z
EM001563,FR000073,FIR,Jun,PERSON,0.78,391,394,drishyam-ner-v1,,2026-09-07T05:41:13.360154Z
EM001564,FR000073,FIR,Number,PERSON,0.78,405,411,drishyam-ner-v1,,2026-09-07T05:41:13.360156Z
EM001565,FR000073,FIR,FIR-2025-0071,FIR_NUMBER,0.95,412,425,drishyam-ner-v1,,2026-09-07T05:41:13.360158Z
EM001566,FR000073,FIR,Case Number,LOCATION,0.7,432,443,drishyam-ner-v1,,2026-09-07T05:41:13.360160Z
EM001567,FR000073,FIR,CASE-0062,CASE_NUMBER,0.95,444,453,drishyam-ner-v1,,2026-09-07T05:41:13.360162Z
EM001568,FR000073,FIR,Section,PERSON,0.78,470,477,drishyam-ner-v1,,2026-09-07T05:41:13.360164Z
EM001569,FR000073,FIR,Section 392 IPC,LEGAL_SECTION,0.85,470,485,drishyam-ner-v1,,2026-09-07T05:41:13.360166Z
EM001570,FR000073,FIR,Investigation,LOCATION,0.7,498,511,drishyam-ner-v1,,2026-09-07T05:41:13.360169Z
EM001571,FR000074,FIR,02/06/2025,DATE,0.8,3,13,drishyam-ner-v1,,2026-09-07T05:41:13.361276Z
EM001572,FR000074,FIR,Hiral Mahal,PERSON,0.78,46,57,drishyam-ner-v1,P000624,2026-09-07T05:41:13.361279Z
EM001573,FR000074,FIR,Bharathi Bazaar Wholesale,PERSON,0.78,73,98,drishyam-ner-v1,,2026-09-07T05:41:13.361281Z
EM001574,FR000074,FIR,Market,LOCATION,0.7,99,105,drishyam-ner-v1,,2026-09-07T05:41:13.361284Z
EM001575,FR000074,FIR,Erode,PERSON,0.78,107,112,drishyam-ner-v1,,2026-09-07T05:41:13.361286Z
EM001576,FR000074,FIR,Oviya Tripathi,PERSON,0.78,117,131,drishyam-ner-v1,P000025,2026-09-07T05:41:13.361289Z
EM001577,FR000074,FIR,Alka Mohanty,PERSON,0.78,153,165,drishyam-ner-v1,P000044,2026-09-07T05:41:13.361291Z
EM001578,FR000074,FIR,Silver Line Network,GANG,0.82,182,201,drishyam-ner-v1,ORG000002,2026-09-07T05:41:13.361293Z
EM001579,FR000074,FIR,Oviya Tripathi,PERSON,0.78,280,294,drishyam-ner-v1,P000025,2026-09-07T05:41:13.361295Z
EM001580,FR000074,FIR,7815260768,PHONE,0.97,328,338,drishyam-ner-v1,PH000033,2026-09-07T05:41:13.361298Z
EM001581,FR000074,FIR,TN01 RS 5495,VEHICLE,0.9,376,388,drishyam-ner-v1,VH000015,2026-09-07T05:41:13.361302Z
EM001582,FR000074,FIR,18-Jun-2025,DATE,0.8,402,413,drishyam-ner-v1,,2026-09-07T05:41:13.361305Z
EM001583,FR000074,FIR,Jun,PERSON,0.78,405,408,drishyam-ner-v1,,2026-09-07T05:41:13.361309Z
EM001584,FR000074,FIR,Number,PERSON,0.78,419,425,drishyam-ner-v1,,2026-09-07T05:41:13.361312Z
EM001585,FR000074,FIR,FIR-2025-0072,FIR_NUMBER,0.95,426,439,drishyam-ner-v1,,2026-09-07T05:41:13.361315Z
EM001586,FR000074,FIR,Case Number,LOCATION,0.7,446,457,drishyam-ner-v1,,2026-09-07T05:41:13.361326Z
EM001587,FR000074,FIR,CASE-0062,CASE_NUMBER,0.95,458,467,drishyam-ner-v1,,2026-09-07T05:41:13.361329Z
EM001588,FR000074,FIR,Section,PERSON,0.78,484,491,drishyam-ner-v1,,2026-09-07T05:41:13.361334Z
EM001589,FR000074,FIR,Section 397 IPC,LEGAL_SECTION,0.85,484,499,drishyam-ner-v1,,2026-09-07T05:41:13.361338Z
EM001590,FR000074,FIR,Investigation,LOCATION,0.7,512,525,drishyam-ner-v1,,2026-09-07T05:41:13.361342Z
EM001591,FR000075,FIR,07/06/2025,DATE,0.8,3,13,drishyam-ner-v1,,2026-09-07T05:41:13.362350Z
EM001592,FR000075,FIR,Hiral Mahal,PERSON,0.78,46,57,drishyam-ner-v1,P000624,2026-09-07T05:41:13.362353Z
EM001593,FR000075,FIR,Royapuram Fuel Station,PERSON,0.78,73,95,drishyam-ner-v1,,2026-09-07T05:41:13.362355Z
EM001594,FR000075,FIR,Erode,PERSON,0.78,97,102,drishyam-ner-v1,,2026-09-07T05:41:13.362357Z
EM001595,FR000075,FIR,Oviya Tripathi,PERSON,0.78,107,121,drishyam-ner-v1,P000025,2026-09-07T05:41:13.362360Z
EM001596,FR000075,FIR,Alka Mohanty,PERSON,0.78,143,155,drishyam-ner-v1,P000044,2026-09-07T05:41:13.362362Z
EM001597,FR000075,FIR,Silver Line Network,GANG,0.82,172,191,drishyam-ner-v1,ORG000002,2026-09-07T05:41:13.362364Z
EM001598,FR000075,FIR,Oviya Tripathi,PERSON,0.78,270,284,drishyam-ner-v1,P000025,2026-09-07T05:41:13.362367Z
EM001599,FR000075,FIR,7815260768,PHONE,0.97,318,328,drishyam-ner-v1,PH000033,2026-09-07T05:41:13.362369Z
EM001600,FR000075,FIR,TN01 RS 5495,VEHICLE,0.9,366,378,drishyam-ner-v1,VH000015,2026-09-07T05:41:13.362371Z
EM001601,FR000075,FIR,16-Jun-2025,DATE,0.8,392,403,drishyam-ner-v1,,2026-09-07T05:41:13.362373Z
EM001602,FR000075,FIR,Jun,PERSON,0.78,395,398,drishyam-ner-v1,,2026-09-07T05:41:13.362376Z
EM001603,FR000075,FIR,Number,PERSON,0.78,409,415,drishyam-ner-v1,,2026-09-07T05:41:13.362378Z
EM001604,FR000075,FIR,FIR-2025-0073,FIR_NUMBER,0.95,416,429,drishyam-ner-v1,,2026-09-07T05:41:13.362380Z
EM001605,FR000075,FIR,Case Number,LOCATION,0.7,436,447,drishyam-ner-v1,,2026-09-07T05:41:13.362382Z
EM001606,FR000075,FIR,CASE-0062,CASE_NUMBER,0.95,448,457,drishyam-ner-v1,,2026-09-07T05:41:13.362384Z
EM001607,FR000075,FIR,Section,PERSON,0.78,474,481,drishyam-ner-v1,,2026-09-07T05:41:13.362386Z
EM001608,FR000075,FIR,Section 397 IPC,LEGAL_SECTION,0.85,474,489,drishyam-ner-v1,,2026-09-07T05:41:13.362388Z
EM001609,FR000075,FIR,Investigation,LOCATION,0.7,502,515,drishyam-ner-v1,,2026-09-07T05:41:13.362390Z
EM001610,FR000076,FIR,Based,PERSON,0.78,0,5,drishyam-ner-v1,,2026-09-07T05:41:13.363529Z
EM001611,FR000076,FIR,07-Nov-2025,DATE,0.8,33,44,drishyam-ner-v1,,2026-09-07T05:41:13.363532Z
EM001612,FR000076,FIR,Nov,PERSON,0.78,36,39,drishyam-ner-v1,,2026-09-07T05:41:13.363534Z
EM001613,FR000076,FIR,Vilachery Cold Storage,PERSON,0.78,78,100,drishyam-ner-v1,,2026-09-07T05:41:13.363537Z
EM001614,FR000076,FIR,Chengalpattu,PERSON,0.78,102,114,drishyam-ner-v1,,2026-09-07T05:41:13.363539Z
EM001615,FR000076,FIR,Complainant Baljiwan Tailor,PERSON,0.78,116,143,drishyam-ner-v1,,2026-09-07T05:41:13.363541Z
EM001616,FR000076,FIR,Benjamin Kapadia,PERSON,0.78,155,171,drishyam-ner-v1,P000054,2026-09-07T05:41:13.363544Z
EM001617,FR000076,FIR,Silk,PERSON,0.78,179,183,drishyam-ner-v1,,2026-09-07T05:41:13.363546Z
EM001618,FR000076,FIR,Chakrika Tripathi,PERSON,0.78,189,206,drishyam-ner-v1,P000048,2026-09-07T05:41:13.363548Z
EM001619,FR000076,FIR,North Star Outfit,GANG,0.82,241,258,drishyam-ner-v1,ORG000004,2026-09-07T05:41:13.363550Z
EM001620,FR000076,FIR,06/11/2025,DATE,0.8,279,289,drishyam-ner-v1,,2026-09-07T05:41:13.363553Z
EM001621,FR000076,FIR,Benjamin Kapadia,PERSON,0.78,335,351,drishyam-ner-v1,P000054,2026-09-07T05:41:13.363555Z
EM001622,FR000076,FIR,TN43 FM 9546,VEHICLE,0.9,384,396,drishyam-ner-v1,VH000035,2026-09-07T05:41:13.363557Z
EM001623,FR000076,FIR,8070254026,PHONE,0.97,441,451,drishyam-ner-v1,PH000069,2026-09-07T05:41:13.363559Z
EM001624,FR000076,FIR,Contraband,PERSON,0.78,453,463,drishyam-ner-v1,,2026-09-07T05:41:13.363562Z
EM001625,FR000076,FIR,Number,PERSON,0.78,506,512,drishyam-ner-v1,,2026-09-07T05:41:13.363564Z
EM001626,FR000076,FIR,FIR-2025-0074,FIR_NUMBER,0.95,513,526,drishyam-ner-v1,,2026-09-07T05:41:13.363566Z
EM001627,FR000076,FIR,Case Number,LOCATION,0.7,533,544,drishyam-ner-v1,,2026-09-07T05:41:13.363568Z
EM001628,FR000076,FIR,CASE-0063,CASE_NUMBER,0.95,545,554,drishyam-ner-v1,,2026-09-07T05:41:13.363570Z
EM001629,FR000076,FIR,Section,PERSON,0.78,586,593,drishyam-ner-v1,,2026-09-07T05:41:13.363572Z
EM001630,FR000077,FIR,05/07/2026,DATE,0.8,3,13,drishyam-ner-v1,,2026-09-07T05:41:13.364691Z
EM001631,FR000077,FIR,Mettupalayam Wholesale Market,PERSON,0.78,54,83,drishyam-ner-v1,,2026-09-07T05:41:13.364694Z
EM001632,FR000077,FIR,Thanjavur,PERSON,0.78,85,94,drishyam-ner-v1,,2026-09-07T05:41:13.364697Z
EM001633,FR000077,FIR,Enquiry,PERSON,0.78,96,103,drishyam-ner-v1,,2026-09-07T05:41:13.364699Z
EM001634,FR000077,FIR,Aishani Dey,PERSON,0.78,118,129,drishyam-ner-v1,P000060,2026-09-07T05:41:13.364701Z
EM001635,FR000077,FIR,Aishani Dey,PERSON,0.78,151,162,drishyam-ner-v1,P000060,2026-09-07T05:41:13.364703Z
EM001636,FR000077,FIR,08-Jul-2026,DATE,0.8,199,210,drishyam-ner-v1,,2026-09-07T05:41:13.364706Z
EM001637,FR000077,FIR,Jul,PERSON,0.78,202,205,drishyam-ner-v1,,2026-09-07T05:41:13.364708Z
EM001638,FR000077,FIR,TN27 VK 4151,VEHICLE,0.9,235,247,drishyam-ner-v1,,2026-09-07T05:41:13.364710Z
EM001639,FR000077,FIR,Cell,PERSON,0.78,249,253,drishyam-ner-v1,,2026-09-07T05:41:13.364712Z
EM001640,FR000077,FIR,9924802355,PHONE,0.97,277,287,drishyam-ner-v1,PH000076,2026-09-07T05:41:13.364714Z
EM001641,FR000077,FIR,Intercepted,PERSON,0.78,334,345,drishyam-ner-v1,,2026-09-07T05:41:13.364717Z
EM001642,FR000077,FIR,North Star Outfit,GANG,0.82,375,392,drishyam-ner-v1,ORG000004,2026-09-07T05:41:13.364719Z
EM001643,FR000077,FIR,Number,PERSON,0.78,403,409,drishyam-ner-v1,,2026-09-07T05:41:13.364721Z
EM001644,FR000077,FIR,FIR-2026-0075,FIR_NUMBER,0.95,410,423,drishyam-ner-v1,,2026-09-07T05:41:13.364723Z
EM001645,FR000077,FIR,Case Number,LOCATION,0.7,430,441,drishyam-ner-v1,,2026-09-07T05:41:13.364725Z
EM001646,FR000077,FIR,CASE-0064,CASE_NUMBER,0.95,442,451,drishyam-ner-v1,,2026-09-07T05:41:13.364728Z
EM001647,FR000077,FIR,Section,PERSON,0.78,471,478,drishyam-ner-v1,,2026-09-07T05:41:13.364730Z
EM001648,FR000077,FIR,Section 201 IPC,LEGAL_SECTION,0.85,471,486,drishyam-ner-v1,,2026-09-07T05:41:13.364732Z
EM001649,FR000077,FIR,Investigation,LOCATION,0.7,501,514,drishyam-ner-v1,,2026-09-07T05:41:13.364734Z
EM001650,FR000078,FIR,26/07/2024,DATE,0.8,3,13,drishyam-ner-v1,,2026-09-07T05:41:13.365789Z
EM001651,FR000078,FIR,Aarnav More,PERSON,0.78,46,57,drishyam-ner-v1,P000555,2026-09-07T05:41:13.365792Z
EM001652,FR000078,FIR,Nagar Night Bazaar,PERSON,0.78,76,94,drishyam-ner-v1,,2026-09-07T05:41:13.365795Z
EM001653,FR000078,FIR,Erode,PERSON,0.78,96,101,drishyam-ner-v1,,2026-09-07T05:41:13.365797Z
EM001654,FR000078,FIR,Ekantika Narain,PERSON,0.78,106,121,drishyam-ner-v1,P000090,2026-09-07T05:41:13.365799Z
EM001655,FR000078,FIR,Silk,PERSON,0.78,129,133,drishyam-ner-v1,,2026-09-07T05:41:13.365802Z
EM001656,FR000078,FIR,Veer Mital,PERSON,0.78,139,149,drishyam-ner-v1,P000172,2026-09-07T05:41:13.365804Z
EM001657,FR000078,FIR,Red Sand Gang,GANG,0.82,166,179,drishyam-ner-v1,ORG000005,2026-09-07T05:41:13.365806Z
EM001658,FR000078,FIR,Ekantika Narain,PERSON,0.78,257,272,drishyam-ner-v1,P000090,2026-09-07T05:41:13.365808Z
EM001659,FR000078,FIR,9532893694,PHONE,0.97,306,316,drishyam-ner-v1,PH000115,2026-09-07T05:41:13.365811Z
EM001660,FR000078,FIR,TN01 SN 2910,VEHICLE,0.9,354,366,drishyam-ner-v1,,2026-09-07T05:41:13.365813Z
EM001661,FR000078,FIR,06-Aug-2024,DATE,0.8,380,391,drishyam-ner-v1,,2026-09-07T05:41:13.365815Z
EM001662,FR000078,FIR,Aug,PERSON,0.78,383,386,drishyam-ner-v1,,2026-09-07T05:41:13.365817Z
EM001663,FR000078,FIR,Number,PERSON,0.78,397,403,drishyam-ner-v1,,2026-09-07T05:41:13.365819Z
EM001664,FR000078,FIR,FIR-2024-0076,FIR_NUMBER,0.95,404,417,drishyam-ner-v1,,2026-09-07T05:41:13.365822Z
EM001665,FR000078,FIR,Case Number,LOCATION,0.7,424,435,drishyam-ner-v1,,2026-09-07T05:41:13.365824Z
EM001666,FR000078,FIR,CASE-0065,CASE_NUMBER,0.95,436,445,drishyam-ner-v1,,2026-09-07T05:41:13.365826Z
EM001667,FR000078,FIR,Section,PERSON,0.78,462,469,drishyam-ner-v1,,2026-09-07T05:41:13.365828Z
EM001668,FR000078,FIR,Section 392 IPC,LEGAL_SECTION,0.85,462,477,drishyam-ner-v1,,2026-09-07T05:41:13.365830Z
EM001669,FR000078,FIR,Investigation,LOCATION,0.7,490,503,drishyam-ner-v1,,2026-09-07T05:41:13.365832Z
EM001670,FR000079,FIR,15/02/2024,DATE,0.8,3,13,drishyam-ner-v1,,2026-09-07T05:41:13.366820Z
EM001671,FR000079,FIR,Isaac Sangha,PERSON,0.78,46,58,drishyam-ner-v1,P000445,2026-09-07T05:41:13.366823Z
EM001672,FR000079,FIR,Valluvar Layout Harbour,PERSON,0.78,74,97,drishyam-ner-v1,,2026-09-07T05:41:13.366825Z
EM001673,FR000079,FIR,Gate,PERSON,0.78,98,102,drishyam-ner-v1,,2026-09-07T05:41:13.366827Z
EM001674,FR000079,FIR,Chengalpattu,PERSON,0.78,104,116,drishyam-ner-v1,,2026-09-07T05:41:13.366830Z
EM001675,FR000079,FIR,Chakrika Tripathi,PERSON,0.78,121,138,drishyam-ner-v1,P000048,2026-09-07T05:41:13.366832Z
EM001676,FR000079,FIR,Damini Dutt,PERSON,0.78,159,170,drishyam-ner-v1,P000201,2026-09-07T05:41:13.366834Z
EM001677,FR000079,FIR,North Star Outfit,GANG,0.82,187,204,drishyam-ner-v1,ORG000004,2026-09-07T05:41:13.366836Z
EM001678,FR000079,FIR,Chakrika Tripathi,PERSON,0.78,283,300,drishyam-ner-v1,P000048,2026-09-07T05:41:13.366839Z
EM001679,FR000079,FIR,8089771202,PHONE,0.97,334,344,drishyam-ner-v1,PH000062,2026-09-07T05:41:13.366841Z
EM001680,FR000079,FIR,TN30 NL 5937,VEHICLE,0.9,382,394,drishyam-ner-v1,VH000032,2026-09-07T05:41:13.366843Z
EM001681,FR000079,FIR,19-Feb-2024,DATE,0.8,408,419,drishyam-ner-v1,,2026-09-07T05:41:13.366845Z
EM001682,FR000079,FIR,Feb,PERSON,0.78,411,414,drishyam-ner-v1,,2026-09-07T05:41:13.366847Z
EM001683,FR000079,FIR,Number,PERSON,0.78,425,431,drishyam-ner-v1,,2026-09-07T05:41:13.366850Z
EM001684,FR000079,FIR,FIR-2024-0077,FIR_NUMBER,0.95,432,445,drishyam-ner-v1,,2026-09-07T05:41:13.366852Z
EM001685,FR000079,FIR,Case Number,LOCATION,0.7,452,463,drishyam-ner-v1,,2026-09-07T05:41:13.366854Z
EM001686,FR000079,FIR,CASE-0066,CASE_NUMBER,0.95,464,473,drishyam-ner-v1,,2026-09-07T05:41:13.366856Z
EM001687,FR000079,FIR,Section,PERSON,0.78,490,497,drishyam-ner-v1,,2026-09-07T05:41:13.366858Z
EM001688,FR000079,FIR,Section 397 IPC,LEGAL_SECTION,0.85,490,505,drishyam-ner-v1,,2026-09-07T05:41:13.366860Z
EM001689,FR000079,FIR,Investigation,LOCATION,0.7,518,531,drishyam-ner-v1,,2026-09-07T05:41:13.366862Z
EM001690,FR000080,FIR,14/02/2024,DATE,0.8,3,13,drishyam-ner-v1,,2026-09-07T05:41:13.367823Z
EM001691,FR000080,FIR,Isaac Sangha,PERSON,0.78,46,58,drishyam-ner-v1,P000445,2026-09-07T05:41:13.367826Z
EM001692,FR000080,FIR,Valluvar Layout Harbour,PERSON,0.78,74,97,drishyam-ner-v1,,2026-09-07T05:41:13.367828Z
EM001693,FR000080,FIR,Gate,PERSON,0.78,98,102,drishyam-ner-v1,,2026-09-07T05:41:13.367830Z
EM001694,FR000080,FIR,Chengalpattu,PERSON,0.78,104,116,drishyam-ner-v1,,2026-09-07T05:41:13.367833Z
EM001695,FR000080,FIR,Chakrika Tripathi,PERSON,0.78,121,138,drishyam-ner-v1,P000048,2026-09-07T05:41:13.367835Z
EM001696,FR000080,FIR,Damini Dutt,PERSON,0.78,159,170,drishyam-ner-v1,P000201,2026-09-07T05:41:13.367837Z
EM001697,FR000080,FIR,North Star Outfit,GANG,0.82,187,204,drishyam-ner-v1,ORG000004,2026-09-07T05:41:13.367839Z
EM001698,FR000080,FIR,Chakrika Tripathi,PERSON,0.78,283,300,drishyam-ner-v1,P000048,2026-09-07T05:41:13.367842Z
EM001699,FR000080,FIR,8089771202,PHONE,0.97,334,344,drishyam-ner-v1,PH000062,2026-09-07T05:41:13.367844Z
EM001700,FR000080,FIR,TN30 NL 5937,VEHICLE,0.9,382,394,drishyam-ner-v1,VH000032,2026-09-07T05:41:13.367846Z
EM001701,FR000080,FIR,28-Feb-2024,DATE,0.8,408,419,drishyam-ner-v1,,2026-09-07T05:41:13.367848Z
EM001702,FR000080,FIR,Feb,PERSON,0.78,411,414,drishyam-ner-v1,,2026-09-07T05:41:13.367850Z
EM001703,FR000080,FIR,Number,PERSON,0.78,425,431,drishyam-ner-v1,,2026-09-07T05:41:13.367853Z
EM001704,FR000080,FIR,FIR-2024-0078,FIR_NUMBER,0.95,432,445,drishyam-ner-v1,,2026-09-07T05:41:13.367855Z
EM001705,FR000080,FIR,Case Number,LOCATION,0.7,452,463,drishyam-ner-v1,,2026-09-07T05:41:13.367857Z
EM001706,FR000080,FIR,CASE-0066,CASE_NUMBER,0.95,464,473,drishyam-ner-v1,,2026-09-07T05:41:13.367859Z
EM001707,FR000080,FIR,Section,PERSON,0.78,490,497,drishyam-ner-v1,,2026-09-07T05:41:13.367861Z
EM001708,FR000080,FIR,Section 506,LEGAL_SECTION,0.85,490,501,drishyam-ner-v1,,2026-09-07T05:41:13.367863Z
EM001709,FR000080,FIR,Investigation,LOCATION,0.7,521,534,drishyam-ner-v1,,2026-09-07T05:41:13.367865Z
EM001710,FR000081,FIR,13-Jul-2024,DATE,0.8,3,14,drishyam-ner-v1,,2026-09-07T05:41:13.368872Z
EM001711,FR000081,FIR,Jul,PERSON,0.78,6,9,drishyam-ner-v1,,2026-09-07T05:41:13.368875Z
EM001712,FR000081,FIR,Bishakha Mishra,PERSON,0.78,27,42,drishyam-ner-v1,P000520,2026-09-07T05:41:13.368877Z
EM001713,FR000081,FIR,Kajamalai Junction,PERSON,0.78,102,120,drishyam-ner-v1,,2026-09-07T05:41:13.368879Z
EM001714,FR000081,FIR,Tiruchchirappalli,PERSON,0.78,122,139,drishyam-ner-v1,,2026-09-07T05:41:13.368882Z
EM001715,FR000081,FIR,The,LOCATION,0.7,141,144,drishyam-ner-v1,,2026-09-07T05:41:13.368884Z
EM001716,FR000081,FIR,Zayyan Mohan,PERSON,0.78,153,165,drishyam-ner-v1,P000031,2026-09-07T05:41:13.368886Z
EM001717,FR000081,FIR,Bhavika Halder,PERSON,0.78,187,201,drishyam-ner-v1,P000041,2026-09-07T05:41:13.368888Z
EM001718,FR000081,FIR,fraud,CRIME_TYPE,0.75,220,225,drishyam-ner-v1,,2026-09-07T05:41:13.368891Z
EM001719,FR000081,FIR,8608283898,PHONE,0.97,248,258,drishyam-ner-v1,PH000041,2026-09-07T05:41:13.368893Z
EM001720,FR000081,FIR,A/C XXXX5123,BANK_ACCOUNT,0.85,268,280,drishyam-ner-v1,,2026-09-07T05:41:13.368895Z
EM001721,FR000081,FIR,06/07/2024,DATE,0.8,335,345,drishyam-ner-v1,,2026-09-07T05:41:13.368897Z
EM001722,FR000081,FIR,TN01 BB 2764,VEHICLE,0.9,384,396,drishyam-ner-v1,VH000021,2026-09-07T05:41:13.368900Z
EM001723,FR000081,FIR,Number,PERSON,0.78,427,433,drishyam-ner-v1,,2026-09-07T05:41:13.368902Z
EM001724,FR000081,FIR,FIR-2024-0079,FIR_NUMBER,0.95,434,447,drishyam-ner-v1,,2026-09-07T05:41:13.368904Z
EM001725,FR000081,FIR,Case Number,LOCATION,0.7,454,465,drishyam-ner-v1,,2026-09-07T05:41:13.368906Z
EM001726,FR000081,FIR,CASE-0067,CASE_NUMBER,0.95,466,475,drishyam-ner-v1,,2026-09-07T05:41:13.368909Z
EM001727,FR000081,FIR,Section,PERSON,0.78,492,499,drishyam-ner-v1,,2026-09-07T05:41:13.368911Z
EM001728,FR000081,FIR,Section 66D,LEGAL_SECTION,0.85,492,503,drishyam-ner-v1,,2026-09-07T05:41:13.368913Z
EM001729,FR000081,FIR,Act,PERSON,0.78,507,510,drishyam-ner-v1,,2026-09-07T05:41:13.368915Z
EM001730,FR000081,FIR,Section,PERSON,0.78,521,528,drishyam-ner-v1,,2026-09-07T05:41:13.368917Z
EM001731,FR000081,FIR,Section 66D,LEGAL_SECTION,0.85,521,532,drishyam-ner-v1,,2026-09-07T05:41:13.368919Z
EM001732,FR000081,FIR,Act,PERSON,0.78,536,539,drishyam-ner-v1,,2026-09-07T05:41:13.368922Z
EM001733,FR000081,FIR,The,LOCATION,0.7,541,544,drishyam-ner-v1,,2026-09-07T05:41:13.368924Z
EM001734,FR000082,FIR,Complainant Chakradev Boase,PERSON,0.78,0,27,drishyam-ner-v1,,2026-09-07T05:41:13.370065Z
EM001735,FR000082,FIR,Ganapathy Mandi,PERSON,0.78,40,55,drishyam-ner-v1,,2026-09-07T05:41:13.370068Z
EM001736,FR000082,FIR,Madurai,PERSON,0.78,74,81,drishyam-ner-v1,,2026-09-07T05:41:13.370072Z
EM001737,FR000082,FIR,08-Sep-2024,DATE,0.8,85,96,drishyam-ner-v1,,2026-09-07T05:41:13.370075Z
EM001738,FR000082,FIR,Sep,PERSON,0.78,88,91,drishyam-ner-v1,,2026-09-07T05:41:13.370078Z
EM001739,FR000082,FIR,Falguni Barad,PERSON,0.78,102,115,drishyam-ner-v1,P000152,2026-09-07T05:41:13.370082Z
EM001740,FR000082,FIR,Omisha Srivastava,PERSON,0.78,137,154,drishyam-ner-v1,P000134,2026-09-07T05:41:13.370085Z
EM001741,FR000082,FIR,Black Lotus Network,GANG,0.82,162,181,drishyam-ner-v1,ORG000009,2026-09-07T05:41:13.370088Z
EM001742,FR000082,FIR,31/08/2024,DATE,0.8,269,279,drishyam-ner-v1,,2026-09-07T05:41:13.370091Z
EM001743,FR000082,FIR,Falguni Barad,PERSON,0.78,281,294,drishyam-ner-v1,P000152,2026-09-07T05:41:13.370094Z
EM001744,FR000082,FIR,8190723856,PHONE,0.97,331,341,drishyam-ner-v1,PH000192,2026-09-07T05:41:13.370098Z
EM001745,FR000082,FIR,The,LOCATION,0.7,387,390,drishyam-ner-v1,,2026-09-07T05:41:13.370101Z
EM001746,FR000082,FIR,TN30 AT 2792,VEHICLE,0.9,448,460,drishyam-ner-v1,VH000103,2026-09-07T05:41:13.370104Z
EM001747,FR000082,FIR,Number,PERSON,0.78,466,472,drishyam-ner-v1,,2026-09-07T05:41:13.370108Z
EM001748,FR000082,FIR,FIR-2024-0080,FIR_NUMBER,0.95,473,486,drishyam-ner-v1,,2026-09-07T05:41:13.370112Z
EM001749,FR000082,FIR,Case Number,LOCATION,0.7,504,515,drishyam-ner-v1,,2026-09-07T05:41:13.370115Z
EM001750,FR000082,FIR,CASE-0068,CASE_NUMBER,0.95,516,525,drishyam-ner-v1,,2026-09-07T05:41:13.370119Z
EM001751,FR000082,FIR,Section,PERSON,0.78,542,549,drishyam-ner-v1,,2026-09-07T05:41:13.370122Z
EM001752,FR000082,FIR,Section 170 IPC,LEGAL_SECTION,0.85,542,557,drishyam-ner-v1,,2026-09-07T05:41:13.370125Z
EM001753,FR000082,FIR,Investigating,PERSON,0.78,596,609,drishyam-ner-v1,,2026-09-07T05:41:13.370129Z
EM001754,FR000083,FIR,12/07/2025,DATE,0.8,3,13,drishyam-ner-v1,,2026-09-07T05:41:13.371663Z
EM001755,FR000083,FIR,Utkarsh Chaudhry,PERSON,0.78,46,62,drishyam-ner-v1,P000494,2026-09-07T05:41:13.371667Z
EM001756,FR000083,FIR,Velachery Oil Depot,PERSON,0.78,78,97,drishyam-ner-v1,,2026-09-07T05:41:13.371671Z
EM001757,FR000083,FIR,Kancheepuram,PERSON,0.78,99,111,drishyam-ner-v1,,2026-09-07T05:41:13.371674Z
EM001758,FR000083,FIR,Aahana Rama,PERSON,0.78,116,127,drishyam-ner-v1,P000068,2026-09-07T05:41:13.371678Z
EM001759,FR000083,FIR,Silk,PERSON,0.78,135,139,drishyam-ner-v1,,2026-09-07T05:41:13.371682Z
EM001760,FR000083,FIR,Aishani Dey,PERSON,0.78,145,156,drishyam-ner-v1,P000060,2026-09-07T05:41:13.371685Z
EM001761,FR000083,FIR,North Star Outfit,GANG,0.82,173,190,drishyam-ner-v1,ORG000004,2026-09-07T05:41:13.371688Z
EM001762,FR000083,FIR,Aahana Rama,PERSON,0.78,269,280,drishyam-ner-v1,P000068,2026-09-07T05:41:13.371692Z
EM001763,FR000083,FIR,6338583094,PHONE,0.97,314,324,drishyam-ner-v1,PH000087,2026-09-07T05:41:13.371695Z
EM001764,FR000083,FIR,TN50 PT 1711,VEHICLE,0.9,362,374,drishyam-ner-v1,VH000045,2026-09-07T05:41:13.371698Z
EM001765,FR000083,FIR,20-Jul-2025,DATE,0.8,388,399,drishyam-ner-v1,,2026-09-07T05:41:13.371702Z
EM001766,FR000083,FIR,Jul,PERSON,0.78,391,394,drishyam-ner-v1,,2026-09-07T05:41:13.371705Z
EM001767,FR000083,FIR,Number,PERSON,0.78,405,411,drishyam-ner-v1,,2026-09-07T05:41:13.371708Z
EM001768,FR000083,FIR,FIR-2025-0081,FIR_NUMBER,0.95,412,425,drishyam-ner-v1,,2026-09-07T05:41:13.371712Z
EM001769,FR000083,FIR,Case Number,LOCATION,0.7,432,443,drishyam-ner-v1,,2026-09-07T05:41:13.371715Z
EM001770,FR000083,FIR,CASE-0069,CASE_NUMBER,0.95,444,453,drishyam-ner-v1,,2026-09-07T05:41:13.371718Z
EM001771,FR000083,FIR,Section,PERSON,0.78,470,477,drishyam-ner-v1,,2026-09-07T05:41:13.371722Z
EM001772,FR000083,FIR,Section 392 IPC,LEGAL_SECTION,0.85,470,485,drishyam-ner-v1,,2026-09-07T05:41:13.371725Z
EM001773,FR000083,FIR,Investigation,LOCATION,0.7,498,511,drishyam-ner-v1,,2026-09-07T05:41:13.371728Z
EM001774,FR000084,FIR,Complainant Xiti Kanda,PERSON,0.78,0,22,drishyam-ner-v1,,2026-09-07T05:41:13.373259Z
EM001775,FR000084,FIR,Velachery Oil Depot,PERSON,0.78,35,54,drishyam-ner-v1,,2026-09-07T05:41:13.373264Z
EM001776,FR000084,FIR,Kancheepuram,PERSON,0.78,73,85,drishyam-ner-v1,,2026-09-07T05:41:13.373268Z
EM001777,FR000084,FIR,23-Nov-2024,DATE,0.8,89,100,drishyam-ner-v1,,2026-09-07T05:41:13.373272Z
EM001778,FR000084,FIR,Nov,PERSON,0.78,92,95,drishyam-ner-v1,,2026-09-07T05:41:13.373276Z
EM001779,FR000084,FIR,Aayush Sachdeva,PERSON,0.78,106,121,drishyam-ner-v1,P000053,2026-09-07T05:41:13.373280Z
EM001780,FR000084,FIR,Aayush Sachdeva,PERSON,0.78,143,158,drishyam-ner-v1,P000053,2026-09-07T05:41:13.373284Z
EM001781,FR000084,FIR,North Star Outfit,GANG,0.82,166,183,drishyam-ner-v1,ORG000004,2026-09-07T05:41:13.373288Z
EM001782,FR000084,FIR,21/11/2024,DATE,0.8,272,282,drishyam-ner-v1,,2026-09-07T05:41:13.373292Z
EM001783,FR000084,FIR,Aayush Sachdeva,PERSON,0.78,284,299,drishyam-ner-v1,P000053,2026-09-07T05:41:13.373297Z
EM001784,FR000084,FIR,6659111855,PHONE,0.97,336,346,drishyam-ner-v1,PH000068,2026-09-07T05:41:13.373301Z
EM001785,FR000084,FIR,The,LOCATION,0.7,392,395,drishyam-ner-v1,,2026-09-07T05:41:13.373305Z
EM001786,FR000084,FIR,TN58 AH 4988,VEHICLE,0.9,453,465,drishyam-ner-v1,,2026-09-07T05:41:13.373309Z
EM001787,FR000084,FIR,Number,PERSON,0.78,471,477,drishyam-ner-v1,,2026-09-07T05:41:13.373313Z
EM001788,FR000084,FIR,FIR-2024-0082,FIR_NUMBER,0.95,478,491,drishyam-ner-v1,,2026-09-07T05:41:13.373317Z
EM001789,FR000084,FIR,Case Number,LOCATION,0.7,509,520,drishyam-ner-v1,,2026-09-07T05:41:13.373321Z
EM001790,FR000084,FIR,CASE-0070,CASE_NUMBER,0.95,521,530,drishyam-ner-v1,,2026-09-07T05:41:13.373327Z
EM001791,FR000084,FIR,Investigating,PERSON,0.78,596,609,drishyam-ner-v1,,2026-09-07T05:41:13.373331Z
EM001792,FR000085,FIR,Complainant Xiti Kanda,PERSON,0.78,0,22,drishyam-ner-v1,,2026-09-07T05:41:13.375091Z
EM001793,FR000085,FIR,Ambattur Warehouse Complex,PERSON,0.78,35,61,drishyam-ner-v1,,2026-09-07T05:41:13.375095Z
EM001794,FR000085,FIR,Kancheepuram,PERSON,0.78,80,92,drishyam-ner-v1,,2026-09-07T05:41:13.375099Z
EM001795,FR000085,FIR,23-Nov-2024,DATE,0.8,96,107,drishyam-ner-v1,,2026-09-07T05:41:13.375104Z
EM001796,FR000085,FIR,Nov,PERSON,0.78,99,102,drishyam-ner-v1,,2026-09-07T05:41:13.375107Z
EM001797,FR000085,FIR,Aayush Sachdeva,PERSON,0.78,113,128,drishyam-ner-v1,P000053,2026-09-07T05:41:13.375111Z
EM001798,FR000085,FIR,Aayush Sachdeva,PERSON,0.78,150,165,drishyam-ner-v1,P000053,2026-09-07T05:41:13.375116Z
EM001799,FR000085,FIR,North Star Outfit,GANG,0.82,173,190,drishyam-ner-v1,ORG000004,2026-09-07T05:41:13.375119Z
EM001800,FR000085,FIR,21/11/2024,DATE,0.8,279,289,drishyam-ner-v1,,2026-09-07T05:41:13.375123Z
EM001801,FR000085,FIR,Aayush Sachdeva,PERSON,0.78,291,306,drishyam-ner-v1,P000053,2026-09-07T05:41:13.375127Z
EM001802,FR000085,FIR,6659111855,PHONE,0.97,343,353,drishyam-ner-v1,PH000068,2026-09-07T05:41:13.375131Z
EM001803,FR000085,FIR,The,LOCATION,0.7,399,402,drishyam-ner-v1,,2026-09-07T05:41:13.375135Z
EM001804,FR000085,FIR,TN38 LC 1802,VEHICLE,0.9,460,472,drishyam-ner-v1,,2026-09-07T05:41:13.375140Z
EM001805,FR000085,FIR,Number,PERSON,0.78,478,484,drishyam-ner-v1,,2026-09-07T05:41:13.375144Z
EM001806,FR000085,FIR,FIR-2024-0083,FIR_NUMBER,0.95,485,498,drishyam-ner-v1,,2026-09-07T05:41:13.375148Z
EM001807,FR000085,FIR,Case Number,LOCATION,0.7,516,527,drishyam-ner-v1,,2026-09-07T05:41:13.375152Z
EM001808,FR000085,FIR,CASE-0070,CASE_NUMBER,0.95,528,537,drishyam-ner-v1,,2026-09-07T05:41:13.375156Z
EM001809,FR000085,FIR,Investigating,PERSON,0.78,603,616,drishyam-ner-v1,,2026-09-07T05:41:13.375159Z
EM001810,FR000086,FIR,Complainant Xiti Kanda,PERSON,0.78,0,22,drishyam-ner-v1,,2026-09-07T05:41:13.376618Z
EM001811,FR000086,FIR,Nellithope Cold Storage,PERSON,0.78,35,58,drishyam-ner-v1,,2026-09-07T05:41:13.376622Z
EM001812,FR000086,FIR,Kancheepuram,PERSON,0.78,77,89,drishyam-ner-v1,,2026-09-07T05:41:13.376626Z
EM001813,FR000086,FIR,23-Nov-2024,DATE,0.8,93,104,drishyam-ner-v1,,2026-09-07T05:41:13.376629Z
EM001814,FR000086,FIR,Nov,PERSON,0.78,96,99,drishyam-ner-v1,,2026-09-07T05:41:13.376633Z
EM001815,FR000086,FIR,Aayush Sachdeva,PERSON,0.78,110,125,drishyam-ner-v1,P000053,2026-09-07T05:41:13.376636Z
EM001816,FR000086,FIR,Aayush Sachdeva,PERSON,0.78,147,162,drishyam-ner-v1,P000053,2026-09-07T05:41:13.376639Z
EM001817,FR000086,FIR,North Star Outfit,GANG,0.82,170,187,drishyam-ner-v1,ORG000004,2026-09-07T05:41:13.376643Z
EM001818,FR000086,FIR,15/11/2024,DATE,0.8,275,285,drishyam-ner-v1,,2026-09-07T05:41:13.376646Z
EM001819,FR000086,FIR,Aayush Sachdeva,PERSON,0.78,287,302,drishyam-ner-v1,P000053,2026-09-07T05:41:13.376649Z
EM001820,FR000086,FIR,6659111855,PHONE,0.97,339,349,drishyam-ner-v1,PH000068,2026-09-07T05:41:13.376653Z
EM001821,FR000086,FIR,The,LOCATION,0.7,395,398,drishyam-ner-v1,,2026-09-07T05:41:13.376656Z
EM001822,FR000086,FIR,TN38 RL 7834,VEHICLE,0.9,456,468,drishyam-ner-v1,,2026-09-07T05:41:13.376660Z
EM001823,FR000086,FIR,Number,PERSON,0.78,474,480,drishyam-ner-v1,,2026-09-07T05:41:13.376663Z
EM001824,FR000086,FIR,FIR-2024-0084,FIR_NUMBER,0.95,481,494,drishyam-ner-v1,,2026-09-07T05:41:13.376667Z
EM001825,FR000086,FIR,Case Number,LOCATION,0.7,512,523,drishyam-ner-v1,,2026-09-07T05:41:13.376670Z
EM001826,FR000086,FIR,CASE-0070,CASE_NUMBER,0.95,524,533,drishyam-ner-v1,,2026-09-07T05:41:13.376673Z
EM001827,FR000086,FIR,Section,PERSON,0.78,550,557,drishyam-ner-v1,,2026-09-07T05:41:13.376677Z
EM001828,FR000086,FIR,Section 170 IPC,LEGAL_SECTION,0.85,550,565,drishyam-ner-v1,,2026-09-07T05:41:13.376680Z
EM001829,FR000086,FIR,Investigating,PERSON,0.78,604,617,drishyam-ner-v1,,2026-09-07T05:41:13.376684Z
EM001830,FR000087,FIR,Complainant Panini Patla,PERSON,0.78,0,24,drishyam-ner-v1,,2026-09-07T05:41:13.378609Z
EM001831,FR000087,FIR,Thiruvarur,PERSON,0.78,38,48,drishyam-ner-v1,,2026-09-07T05:41:13.378612Z
EM001832,FR000087,FIR,Section,PERSON,0.78,63,70,drishyam-ner-v1,,2026-09-07T05:41:13.378615Z
EM001833,FR000087,FIR,Section 154 CrPC,LEGAL_SECTION,0.85,63,79,drishyam-ner-v1,,2026-09-07T05:41:13.378618Z
EM001834,FR000087,FIR,12-Sep-2024,DATE,0.8,93,104,drishyam-ner-v1,,2026-09-07T05:41:13.378620Z
EM001835,FR000087,FIR,Sep,PERSON,0.78,96,99,drishyam-ner-v1,,2026-09-07T05:41:13.378622Z
EM001836,FR000087,FIR,13-Sep-2024,DATE,0.8,109,120,drishyam-ner-v1,,2026-09-07T05:41:13.378624Z
EM001837,FR000087,FIR,Sep,PERSON,0.78,112,115,drishyam-ner-v1,,2026-09-07T05:41:13.378627Z
EM001838,FR000087,FIR,Nirja Bava,PERSON,0.78,122,132,drishyam-ner-v1,P000123,2026-09-07T05:41:13.378629Z
EM001839,FR000087,FIR,Zarna Menon,PERSON,0.78,152,163,drishyam-ner-v1,P000173,2026-09-07T05:41:13.378632Z
EM001840,FR000087,FIR,Crimson Tide Group,GANG,0.82,176,194,drishyam-ner-v1,ORG000008,2026-09-07T05:41:13.378634Z
EM001841,FR000087,FIR,A/C XXXX2789,BANK_ACCOUNT,0.85,223,235,drishyam-ner-v1,AC000151,2026-09-07T05:41:13.378636Z
EM001842,FR000087,FIR,03/09/2024,DATE,0.8,291,301,drishyam-ner-v1,,2026-09-07T05:41:13.378638Z
EM001843,FR000087,FIR,A/C XXXX2789,BANK_ACCOUNT,0.85,349,361,drishyam-ner-v1,AC000151,2026-09-07T05:41:13.378640Z
EM001844,FR000087,FIR,Suspects,PERSON,0.78,381,389,drishyam-ner-v1,,2026-09-07T05:41:13.378643Z
EM001845,FR000087,FIR,8551248250,PHONE,0.97,401,411,drishyam-ner-v1,PH000156,2026-09-07T05:41:13.378645Z
EM001846,FR000087,FIR,Nirja Bava,PERSON,0.78,455,465,drishyam-ner-v1,P000123,2026-09-07T05:41:13.378647Z
EM001847,FR000087,FIR,Thirunagar Cold Storage,PERSON,0.78,485,508,drishyam-ner-v1,,2026-09-07T05:41:13.378649Z
EM001848,FR000087,FIR,TN38 UP 8266,VEHICLE,0.9,543,555,drishyam-ner-v1,,2026-09-07T05:41:13.378651Z
EM001849,FR000087,FIR,Number,PERSON,0.78,561,567,drishyam-ner-v1,,2026-09-07T05:41:13.378654Z
EM001850,FR000087,FIR,FIR-2024-0085,FIR_NUMBER,0.95,568,581,drishyam-ner-v1,,2026-09-07T05:41:13.378656Z
EM001851,FR000087,FIR,Case Number,LOCATION,0.7,599,610,drishyam-ner-v1,,2026-09-07T05:41:13.378658Z
EM001852,FR000087,FIR,CASE-0071,CASE_NUMBER,0.95,611,620,drishyam-ner-v1,,2026-09-07T05:41:13.378660Z
EM001853,FR000087,FIR,Section,PERSON,0.78,640,647,drishyam-ner-v1,,2026-09-07T05:41:13.378662Z
EM001854,FR000087,FIR,Section 120B IPC,LEGAL_SECTION,0.85,640,656,drishyam-ner-v1,,2026-09-07T05:41:13.378664Z
EM001855,FR000087,FIR,Section,PERSON,0.78,661,668,drishyam-ner-v1,,2026-09-07T05:41:13.378667Z
EM001856,FR000087,FIR,Section 120B IPC,LEGAL_SECTION,0.85,661,677,drishyam-ner-v1,,2026-09-07T05:41:13.378669Z
EM001857,FR000088,FIR,Complainant Banjeet Chowdhury,PERSON,0.78,0,29,drishyam-ner-v1,,2026-09-07T05:41:13.380623Z
EM001858,FR000088,FIR,Coimbatore,PERSON,0.78,43,53,drishyam-ner-v1,,2026-09-07T05:41:13.380628Z
EM001859,FR000088,FIR,Section,PERSON,0.78,68,75,drishyam-ner-v1,,2026-09-07T05:41:13.380632Z
EM001860,FR000088,FIR,Section 154 CrPC,LEGAL_SECTION,0.85,68,84,drishyam-ner-v1,,2026-09-07T05:41:13.380636Z
EM001861,FR000088,FIR,18-May-2026,DATE,0.8,98,109,drishyam-ner-v1,,2026-09-07T05:41:13.380640Z
EM001862,FR000088,FIR,May,PERSON,0.78,101,104,drishyam-ner-v1,,2026-09-07T05:41:13.380644Z
EM001863,FR000088,FIR,23-May-2026,DATE,0.8,114,125,drishyam-ner-v1,,2026-09-07T05:41:13.380648Z
EM001864,FR000088,FIR,May,PERSON,0.78,117,120,drishyam-ner-v1,,2026-09-07T05:41:13.380652Z
EM001865,FR000088,FIR,Balhaar Kale,PERSON,0.78,127,139,drishyam-ner-v1,P000145,2026-09-07T05:41:13.380656Z
EM001866,FR000088,FIR,Jagvi Srinivas,PERSON,0.78,161,175,drishyam-ner-v1,P000101,2026-09-07T05:41:13.380660Z
EM001867,FR000088,FIR,Black Lotus Network,GANG,0.82,188,207,drishyam-ner-v1,ORG000009,2026-09-07T05:41:13.380664Z
EM001868,FR000088,FIR,A/C XXXX9290,BANK_ACCOUNT,0.85,236,248,drishyam-ner-v1,AC000121,2026-09-07T05:41:13.380668Z
EM001869,FR000088,FIR,15/05/2026,DATE,0.8,304,314,drishyam-ner-v1,,2026-09-07T05:41:13.380672Z
EM001870,FR000088,FIR,A/C XXXX9290,BANK_ACCOUNT,0.85,362,374,drishyam-ner-v1,AC000121,2026-09-07T05:41:13.380676Z
EM001871,FR000088,FIR,Suspects,PERSON,0.78,394,402,drishyam-ner-v1,,2026-09-07T05:41:13.380680Z
EM001872,FR000088,FIR,8279853154,PHONE,0.97,414,424,drishyam-ner-v1,PH000184,2026-09-07T05:41:13.380684Z
EM001873,FR000088,FIR,Balhaar Kale,PERSON,0.78,468,480,drishyam-ner-v1,P000145,2026-09-07T05:41:13.380688Z
EM001874,FR000088,FIR,Sulur Check Post,PERSON,0.78,500,516,drishyam-ner-v1,,2026-09-07T05:41:13.380692Z
EM001875,FR000088,FIR,TN27 MW 4092,VEHICLE,0.9,551,563,drishyam-ner-v1,,2026-09-07T05:41:13.380696Z
EM001876,FR000088,FIR,Number,PERSON,0.78,569,575,drishyam-ner-v1,,2026-09-07T05:41:13.380701Z
EM001877,FR000088,FIR,FIR-2026-0086,FIR_NUMBER,0.95,576,589,drishyam-ner-v1,,2026-09-07T05:41:13.380705Z
EM001878,FR000088,FIR,Case Number,LOCATION,0.7,607,618,drishyam-ner-v1,,2026-09-07T05:41:13.380708Z
EM001879,FR000088,FIR,CASE-0072,CASE_NUMBER,0.95,619,628,drishyam-ner-v1,,2026-09-07T05:41:13.380712Z
EM001880,FR000088,FIR,Section,PERSON,0.78,648,655,drishyam-ner-v1,,2026-09-07T05:41:13.380716Z
EM001881,FR000088,FIR,Section 120B IPC,LEGAL_SECTION,0.85,648,664,drishyam-ner-v1,,2026-09-07T05:41:13.380721Z
EM001882,FR000088,FIR,Section,PERSON,0.78,669,676,drishyam-ner-v1,,2026-09-07T05:41:13.380724Z
EM001883,FR000088,FIR,Section 120B IPC,LEGAL_SECTION,0.85,669,685,drishyam-ner-v1,,2026-09-07T05:41:13.380728Z
EM001884,FR000089,FIR,Complainant Lucky Edwin,PERSON,0.78,0,23,drishyam-ner-v1,,2026-09-07T05:41:13.382453Z
EM001885,FR000089,FIR,Royapuram Fuel Station,PERSON,0.78,43,65,drishyam-ner-v1,,2026-09-07T05:41:13.382457Z
EM001886,FR000089,FIR,Salem,PERSON,0.78,67,72,drishyam-ner-v1,,2026-09-07T05:41:13.382461Z
EM001887,FR000089,FIR,04-Jul-2025,DATE,0.8,77,88,drishyam-ner-v1,,2026-09-07T05:41:13.382466Z
EM001888,FR000089,FIR,Jul,PERSON,0.78,80,83,drishyam-ner-v1,,2026-09-07T05:41:13.382470Z
EM001889,FR000089,FIR,Aayush Sachdeva,PERSON,0.78,103,118,drishyam-ner-v1,P000053,2026-09-07T05:41:13.382474Z
EM001890,FR000089,FIR,Yashawini Talwar,PERSON,0.78,140,156,drishyam-ner-v1,P000122,2026-09-07T05:41:13.382478Z
EM001891,FR000089,FIR,fraud,CRIME_TYPE,0.75,168,173,drishyam-ner-v1,,2026-09-07T05:41:13.382482Z
EM001892,FR000089,FIR,30/06/2025,DATE,0.8,177,187,drishyam-ner-v1,,2026-09-07T05:41:13.382486Z
EM001893,FR000089,FIR,Aayush Sachdeva,PERSON,0.78,227,242,drishyam-ner-v1,P000053,2026-09-07T05:41:13.382490Z
EM001894,FR000089,FIR,6659111855,PHONE,0.97,276,286,drishyam-ner-v1,PH000068,2026-09-07T05:41:13.382494Z
EM001895,FR000089,FIR,TN58 EG 3658,VEHICLE,0.9,341,353,drishyam-ner-v1,,2026-09-07T05:41:13.382498Z
EM001896,FR000089,FIR,Royapuram Fuel Station,PERSON,0.78,359,381,drishyam-ner-v1,,2026-09-07T05:41:13.382502Z
EM001897,FR000089,FIR,12-Jul-2025,DATE,0.8,385,396,drishyam-ner-v1,,2026-09-07T05:41:13.382506Z
EM001898,FR000089,FIR,Jul,PERSON,0.78,388,391,drishyam-ner-v1,,2026-09-07T05:41:13.382509Z
EM001899,FR000089,FIR,The North Star,ORGANIZATION,0.7,398,412,drishyam-ner-v1,,2026-09-07T05:41:13.382513Z
EM001900,FR000089,FIR,Outfit,GANG,0.82,413,419,drishyam-ner-v1,,2026-09-07T05:41:13.382517Z
EM001901,FR000089,FIR,Number,PERSON,0.78,458,464,drishyam-ner-v1,,2026-09-07T05:41:13.382521Z
EM001902,FR000089,FIR,FIR-2025-0087,FIR_NUMBER,0.95,465,478,drishyam-ner-v1,,2026-09-07T05:41:13.382525Z
EM001903,FR000089,FIR,Case Number,LOCATION,0.7,485,496,drishyam-ner-v1,,2026-09-07T05:41:13.382529Z
EM001904,FR000089,FIR,CASE-0073,CASE_NUMBER,0.95,497,506,drishyam-ner-v1,,2026-09-07T05:41:13.382532Z
EM001905,FR000089,FIR,Section,PERSON,0.78,523,530,drishyam-ner-v1,,2026-09-07T05:41:13.382536Z
EM001906,FR000089,FIR,Section 471 IPC,LEGAL_SECTION,0.85,523,538,drishyam-ner-v1,,2026-09-07T05:41:13.382540Z
EM001907,FR000089,FIR,Investigation,LOCATION,0.7,551,564,drishyam-ner-v1,,2026-09-07T05:41:13.382544Z
EM001908,FR000090,FIR,Complainant Sathvik Dube,PERSON,0.78,0,24,drishyam-ner-v1,,2026-09-07T05:41:13.384366Z
EM001909,FR000090,FIR,Valluvar Layout Night,PERSON,0.78,44,65,drishyam-ner-v1,,2026-09-07T05:41:13.384371Z
EM001910,FR000090,FIR,Bazaar,PERSON,0.78,66,72,drishyam-ner-v1,,2026-09-07T05:41:13.384375Z
EM001911,FR000090,FIR,Erode,PERSON,0.78,74,79,drishyam-ner-v1,,2026-09-07T05:41:13.384379Z
EM001912,FR000090,FIR,09-May-2026,DATE,0.8,84,95,drishyam-ner-v1,,2026-09-07T05:41:13.384383Z
EM001913,FR000090,FIR,May,PERSON,0.78,87,90,drishyam-ner-v1,,2026-09-07T05:41:13.384387Z
EM001914,FR000090,FIR,Akshay Rau,PERSON,0.78,110,120,drishyam-ner-v1,P000153,2026-09-07T05:41:13.384391Z
EM001915,FR000090,FIR,Silk,PERSON,0.78,128,132,drishyam-ner-v1,,2026-09-07T05:41:13.384395Z
EM001916,FR000090,FIR,Waida Chakraborty,PERSON,0.78,138,155,drishyam-ner-v1,P000147,2026-09-07T05:41:13.384400Z
EM001917,FR000090,FIR,counterfeit,CRIME_TYPE,0.75,167,178,drishyam-ner-v1,,2026-09-07T05:41:13.384404Z
EM001918,FR000090,FIR,02/05/2026,DATE,0.8,185,195,drishyam-ner-v1,,2026-09-07T05:41:13.384408Z
EM001919,FR000090,FIR,Akshay Rau,PERSON,0.78,235,245,drishyam-ner-v1,P000153,2026-09-07T05:41:13.384412Z
EM001920,FR000090,FIR,7533203028,PHONE,0.97,279,289,drishyam-ner-v1,PH000193,2026-09-07T05:41:13.384415Z
EM001921,FR000090,FIR,TN31 WP 7502,VEHICLE,0.9,344,356,drishyam-ner-v1,VH000104,2026-09-07T05:41:13.384420Z
EM001922,FR000090,FIR,Valluvar Layout Night,PERSON,0.78,362,383,drishyam-ner-v1,,2026-09-07T05:41:13.384424Z
EM001923,FR000090,FIR,Bazaar,PERSON,0.78,384,390,drishyam-ner-v1,,2026-09-07T05:41:13.384427Z
EM001924,FR000090,FIR,15-May-2026,DATE,0.8,394,405,drishyam-ner-v1,,2026-09-07T05:41:13.384431Z
EM001925,FR000090,FIR,May,PERSON,0.78,397,400,drishyam-ner-v1,,2026-09-07T05:41:13.384436Z
EM001926,FR000090,FIR,The Black Lotus,ORGANIZATION,0.7,407,422,drishyam-ner-v1,,2026-09-07T05:41:13.384440Z
EM001927,FR000090,FIR,Network,GANG,0.82,423,430,drishyam-ner-v1,,2026-09-07T05:41:13.384444Z
EM001928,FR000090,FIR,Number,PERSON,0.78,469,475,drishyam-ner-v1,,2026-09-07T05:41:13.384448Z
EM001929,FR000090,FIR,FIR-2026-0088,FIR_NUMBER,0.95,476,489,drishyam-ner-v1,,2026-09-07T05:41:13.384452Z
EM001930,FR000090,FIR,Case Number,LOCATION,0.7,496,507,drishyam-ner-v1,,2026-09-07T05:41:13.384455Z
EM001931,FR000090,FIR,CASE-0074,CASE_NUMBER,0.95,508,517,drishyam-ner-v1,,2026-09-07T05:41:13.384459Z
EM001932,FR000090,FIR,Section,PERSON,0.78,534,541,drishyam-ner-v1,,2026-09-07T05:41:13.384463Z
EM001933,FR000090,FIR,Section 420 IPC,LEGAL_SECTION,0.85,534,549,drishyam-ner-v1,,2026-09-07T05:41:13.384467Z
EM001934,FR000090,FIR,Investigation,LOCATION,0.7,562,575,drishyam-ner-v1,,2026-09-07T05:41:13.384471Z
EM001935,FR000091,FIR,Complainant Sathvik Dube,PERSON,0.78,0,24,drishyam-ner-v1,,2026-09-07T05:41:13.386222Z
EM001936,FR000091,FIR,Ukkadam Cold Storage,PERSON,0.78,44,64,drishyam-ner-v1,,2026-09-07T05:41:13.386226Z
EM001937,FR000091,FIR,Erode,PERSON,0.78,66,71,drishyam-ner-v1,,2026-09-07T05:41:13.386230Z
EM001938,FR000091,FIR,09-May-2026,DATE,0.8,76,87,drishyam-ner-v1,,2026-09-07T05:41:13.386234Z
EM001939,FR000091,FIR,May,PERSON,0.78,79,82,drishyam-ner-v1,,2026-09-07T05:41:13.386238Z
EM001940,FR000091,FIR,Akshay Rau,PERSON,0.78,102,112,drishyam-ner-v1,P000153,2026-09-07T05:41:13.386242Z
EM001941,FR000091,FIR,Silk,PERSON,0.78,120,124,drishyam-ner-v1,,2026-09-07T05:41:13.386246Z
EM001942,FR000091,FIR,Waida Chakraborty,PERSON,0.78,130,147,drishyam-ner-v1,P000147,2026-09-07T05:41:13.386250Z
EM001943,FR000091,FIR,counterfeit,CRIME_TYPE,0.75,159,170,drishyam-ner-v1,,2026-09-07T05:41:13.386254Z
EM001944,FR000091,FIR,30/04/2026,DATE,0.8,177,187,drishyam-ner-v1,,2026-09-07T05:41:13.386258Z
EM001945,FR000091,FIR,Akshay Rau,PERSON,0.78,227,237,drishyam-ner-v1,P000153,2026-09-07T05:41:13.386262Z
EM001946,FR000091,FIR,7533203028,PHONE,0.97,271,281,drishyam-ner-v1,PH000193,2026-09-07T05:41:13.386266Z
EM001947,FR000091,FIR,TN31 WP 7502,VEHICLE,0.9,336,348,drishyam-ner-v1,VH000104,2026-09-07T05:41:13.386270Z
EM001948,FR000091,FIR,Ukkadam Cold Storage,PERSON,0.78,354,374,drishyam-ner-v1,,2026-09-07T05:41:13.386274Z
EM001949,FR000091,FIR,19-May-2026,DATE,0.8,378,389,drishyam-ner-v1,,2026-09-07T05:41:13.386278Z
EM001950,FR000091,FIR,May,PERSON,0.78,381,384,drishyam-ner-v1,,2026-09-07T05:41:13.386282Z
EM001951,FR000091,FIR,The Black Lotus,ORGANIZATION,0.7,391,406,drishyam-ner-v1,,2026-09-07T05:41:13.386286Z
EM001952,FR000091,FIR,Network,GANG,0.82,407,414,drishyam-ner-v1,,2026-09-07T05:41:13.386290Z
EM001953,FR000091,FIR,Number,PERSON,0.78,453,459,drishyam-ner-v1,,2026-09-07T05:41:13.386294Z
EM001954,FR000091,FIR,FIR-2026-0089,FIR_NUMBER,0.95,460,473,drishyam-ner-v1,,2026-09-07T05:41:13.386298Z
EM001955,FR000091,FIR,Case Number,LOCATION,0.7,480,491,drishyam-ner-v1,,2026-09-07T05:41:13.386302Z
EM001956,FR000091,FIR,CASE-0074,CASE_NUMBER,0.95,492,501,drishyam-ner-v1,,2026-09-07T05:41:13.386306Z
EM001957,FR000091,FIR,Section,PERSON,0.78,518,525,drishyam-ner-v1,,2026-09-07T05:41:13.386310Z
EM001958,FR000091,FIR,Section 420 IPC,LEGAL_SECTION,0.85,518,533,drishyam-ner-v1,,2026-09-07T05:41:13.386314Z
EM001959,FR000091,FIR,Investigation,LOCATION,0.7,546,559,drishyam-ner-v1,,2026-09-07T05:41:13.386318Z
EM001960,FR000092,FIR,Complainant Onkar Kibe,PERSON,0.78,0,22,drishyam-ner-v1,,2026-09-07T05:41:13.388217Z
EM001961,FR000092,FIR,Chokkanadar Pettai Oil,PERSON,0.78,35,57,drishyam-ner-v1,,2026-09-07T05:41:13.388222Z
EM001962,FR000092,FIR,Depot,PERSON,0.78,58,63,drishyam-ner-v1,,2026-09-07T05:41:13.388226Z
EM001963,FR000092,FIR,Virudhunagar,PERSON,0.78,82,94,drishyam-ner-v1,,2026-09-07T05:41:13.388230Z
EM001964,FR000092,FIR,02-Oct-2025,DATE,0.8,98,109,drishyam-ner-v1,,2026-09-07T05:41:13.388234Z
EM001965,FR000092,FIR,Oct,PERSON,0.78,101,104,drishyam-ner-v1,,2026-09-07T05:41:13.388238Z
EM001966,FR000092,FIR,Arunima Sunder,PERSON,0.78,115,129,drishyam-ner-v1,P000175,2026-09-07T05:41:13.388242Z
EM001967,FR000092,FIR,Silk,PERSON,0.78,137,141,drishyam-ner-v1,,2026-09-07T05:41:13.388246Z
EM001968,FR000092,FIR,Neha Chakraborty,PERSON,0.78,147,163,drishyam-ner-v1,P000002,2026-09-07T05:41:13.388250Z
EM001969,FR000092,FIR,Blue Orchid Cartel,GANG,0.82,171,189,drishyam-ner-v1,ORG000011,2026-09-07T05:41:13.388253Z
EM001970,FR000092,FIR,24/09/2025,DATE,0.8,278,288,drishyam-ner-v1,,2026-09-07T05:41:13.388258Z
EM001971,FR000092,FIR,Arunima Sunder,PERSON,0.78,290,304,drishyam-ner-v1,P000175,2026-09-07T05:41:13.388262Z
EM001972,FR000092,FIR,7132365991,PHONE,0.97,341,351,drishyam-ner-v1,PH000221,2026-09-07T05:41:13.388266Z
EM001973,FR000092,FIR,The,LOCATION,0.7,397,400,drishyam-ner-v1,,2026-09-07T05:41:13.388270Z
EM001974,FR000092,FIR,TN20 EZ 3098,VEHICLE,0.9,458,470,drishyam-ner-v1,VH000119,2026-09-07T05:41:13.388274Z
EM001975,FR000092,FIR,Number,PERSON,0.78,476,482,drishyam-ner-v1,,2026-09-07T05:41:13.388278Z
EM001976,FR000092,FIR,FIR-2025-0090,FIR_NUMBER,0.95,483,496,drishyam-ner-v1,,2026-09-07T05:41:13.388282Z
EM001977,FR000092,FIR,Case Number,LOCATION,0.7,514,525,drishyam-ner-v1,,2026-09-07T05:41:13.388286Z
EM001978,FR000092,FIR,CASE-0075,CASE_NUMBER,0.95,526,535,drishyam-ner-v1,,2026-09-07T05:41:13.388290Z
EM001979,FR000092,FIR,Investigating,PERSON,0.78,598,611,drishyam-ner-v1,,2026-09-07T05:41:13.388293Z
EM001980,FR000093,FIR,Complainant Brinda Bobal,PERSON,0.78,0,24,drishyam-ner-v1,,2026-09-07T05:41:13.390319Z
EM001981,FR000093,FIR,Theni,PERSON,0.78,38,43,drishyam-ner-v1,,2026-09-07T05:41:13.390324Z
EM001982,FR000093,FIR,Section,PERSON,0.78,58,65,drishyam-ner-v1,,2026-09-07T05:41:13.390328Z
EM001983,FR000093,FIR,Section 154 CrPC,LEGAL_SECTION,0.85,58,74,drishyam-ner-v1,,2026-09-07T05:41:13.390332Z
EM001984,FR000093,FIR,18-May-2025,DATE,0.8,88,99,drishyam-ner-v1,,2026-09-07T05:41:13.390336Z
EM001985,FR000093,FIR,May,PERSON,0.78,91,94,drishyam-ner-v1,,2026-09-07T05:41:13.390340Z
EM001986,FR000093,FIR,30-May-2025,DATE,0.8,104,115,drishyam-ner-v1,,2026-09-07T05:41:13.390344Z
EM001987,FR000093,FIR,May,PERSON,0.78,107,110,drishyam-ner-v1,,2026-09-07T05:41:13.390347Z
EM001988,FR000093,FIR,Henry Goda,PERSON,0.78,117,127,drishyam-ner-v1,P000174,2026-09-07T05:41:13.390351Z
EM001989,FR000093,FIR,Silk,PERSON,0.78,135,139,drishyam-ner-v1,,2026-09-07T05:41:13.390356Z
EM001990,FR000093,FIR,Zarna Menon,PERSON,0.78,145,156,drishyam-ner-v1,P000173,2026-09-07T05:41:13.390360Z
EM001991,FR000093,FIR,Blue Orchid Cartel,GANG,0.82,169,187,drishyam-ner-v1,ORG000011,2026-09-07T05:41:13.390364Z
EM001992,FR000093,FIR,A/C XXXX2607,BANK_ACCOUNT,0.85,216,228,drishyam-ner-v1,AC000209,2026-09-07T05:41:13.390368Z
EM001993,FR000093,FIR,09/05/2025,DATE,0.8,284,294,drishyam-ner-v1,,2026-09-07T05:41:13.390372Z
EM001994,FR000093,FIR,A/C XXXX2607,BANK_ACCOUNT,0.85,342,354,drishyam-ner-v1,AC000209,2026-09-07T05:41:13.390376Z
EM001995,FR000093,FIR,Suspects,PERSON,0.78,374,382,drishyam-ner-v1,,2026-09-07T05:41:13.390380Z
EM001996,FR000093,FIR,7532008136,PHONE,0.97,394,404,drishyam-ner-v1,PH000220,2026-09-07T05:41:13.390384Z
EM001997,FR000093,FIR,Henry Goda,PERSON,0.78,448,458,drishyam-ner-v1,P000174,2026-09-07T05:41:13.390389Z
EM001998,FR000093,FIR,Kallamadu Agro Market,PERSON,0.78,478,499,drishyam-ner-v1,,2026-09-07T05:41:13.390393Z
EM001999,FR000093,FIR,TN01 HL 6352,VEHICLE,0.9,534,546,drishyam-ner-v1,VH000118,2026-09-07T05:41:13.390397Z
EM002000,FR000093,FIR,Number,PERSON,0.78,552,558,drishyam-ner-v1,,2026-09-07T05:41:13.390401Z
EM002001,FR000093,FIR,FIR-2025-0091,FIR_NUMBER,0.95,559,572,drishyam-ner-v1,,2026-09-07T05:41:13.390405Z
EM002002,FR000093,FIR,Case Number,LOCATION,0.7,590,601,drishyam-ner-v1,,2026-09-07T05:41:13.390409Z
EM002003,FR000093,FIR,CASE-0076,CASE_NUMBER,0.95,602,611,drishyam-ner-v1,,2026-09-07T05:41:13.390413Z
EM002004,FR000093,FIR,Section,PERSON,0.78,631,638,drishyam-ner-v1,,2026-09-07T05:41:13.390416Z
EM002005,FR000093,FIR,Section,PERSON,0.78,650,657,drishyam-ner-v1,,2026-09-07T05:41:13.390420Z
EM002006,FR000093,FIR,Section 120B IPC,LEGAL_SECTION,0.85,650,666,drishyam-ner-v1,,2026-09-07T05:41:13.390424Z
EM002007,FR000094,FIR,02/10/2024,DATE,0.8,3,13,drishyam-ner-v1,,2026-09-07T05:41:13.392166Z
EM002008,FR000094,FIR,Yochana Chanda,PERSON,0.78,46,60,drishyam-ner-v1,P000603,2026-09-07T05:41:13.392171Z
EM002009,FR000094,FIR,Thirunagar Cold Storage,PERSON,0.78,76,99,drishyam-ner-v1,,2026-09-07T05:41:13.392175Z
EM002010,FR000094,FIR,Villupuram,PERSON,0.78,101,111,drishyam-ner-v1,,2026-09-07T05:41:13.392179Z
EM002011,FR000094,FIR,Azaan Swamy,PERSON,0.78,116,127,drishyam-ner-v1,P000146,2026-09-07T05:41:13.392183Z
EM002012,FR000094,FIR,Damini Dutt,PERSON,0.78,147,158,drishyam-ner-v1,P000201,2026-09-07T05:41:13.392188Z
EM002013,FR000094,FIR,Black Lotus Network,GANG,0.82,175,194,drishyam-ner-v1,ORG000009,2026-09-07T05:41:13.392192Z
EM002014,FR000094,FIR,Azaan Swamy,PERSON,0.78,273,284,drishyam-ner-v1,P000146,2026-09-07T05:41:13.392196Z
EM002015,FR000094,FIR,6265117603,PHONE,0.97,318,328,drishyam-ner-v1,PH000185,2026-09-07T05:41:13.392200Z
EM002016,FR000094,FIR,TN38 KG 9141,VEHICLE,0.9,366,378,drishyam-ner-v1,VH000098,2026-09-07T05:41:13.392204Z
EM002017,FR000094,FIR,19-Oct-2024,DATE,0.8,392,403,drishyam-ner-v1,,2026-09-07T05:41:13.392208Z
EM002018,FR000094,FIR,Oct,PERSON,0.78,395,398,drishyam-ner-v1,,2026-09-07T05:41:13.392216Z
EM002019,FR000094,FIR,Number,PERSON,0.78,409,415,drishyam-ner-v1,,2026-09-07T05:41:13.392220Z
EM002020,FR000094,FIR,FIR-2024-0092,FIR_NUMBER,0.95,416,429,drishyam-ner-v1,,2026-09-07T05:41:13.392224Z
EM002021,FR000094,FIR,Case Number,LOCATION,0.7,436,447,drishyam-ner-v1,,2026-09-07T05:41:13.392228Z
EM002022,FR000094,FIR,CASE-0077,CASE_NUMBER,0.95,448,457,drishyam-ner-v1,,2026-09-07T05:41:13.392232Z
EM002023,FR000094,FIR,Section,PERSON,0.78,474,481,drishyam-ner-v1,,2026-09-07T05:41:13.392236Z
EM002024,FR000094,FIR,Section 506,LEGAL_SECTION,0.85,474,485,drishyam-ner-v1,,2026-09-07T05:41:13.392240Z
EM002025,FR000094,FIR,Investigation,LOCATION,0.7,505,518,drishyam-ner-v1,,2026-09-07T05:41:13.392244Z
EM002026,FR000095,FIR,30/09/2024,DATE,0.8,3,13,drishyam-ner-v1,,2026-09-07T05:41:13.393962Z
EM002027,FR000095,FIR,Yochana Chanda,PERSON,0.78,46,60,drishyam-ner-v1,P000603,2026-09-07T05:41:13.393966Z
EM002028,FR000095,FIR,Chokkanadar Pettai Oil,PERSON,0.78,76,98,drishyam-ner-v1,,2026-09-07T05:41:13.393970Z
EM002029,FR000095,FIR,Depot,PERSON,0.78,99,104,drishyam-ner-v1,,2026-09-07T05:41:13.393975Z
EM002030,FR000095,FIR,Villupuram,PERSON,0.78,106,116,drishyam-ner-v1,,2026-09-07T05:41:13.393979Z
EM002031,FR000095,FIR,Azaan Swamy,PERSON,0.78,121,132,drishyam-ner-v1,P000146,2026-09-07T05:41:13.393983Z
EM002032,FR000095,FIR,Damini Dutt,PERSON,0.78,152,163,drishyam-ner-v1,P000201,2026-09-07T05:41:13.393987Z
EM002033,FR000095,FIR,Black Lotus Network,GANG,0.82,180,199,drishyam-ner-v1,ORG000009,2026-09-07T05:41:13.393991Z
EM002034,FR000095,FIR,Azaan Swamy,PERSON,0.78,278,289,drishyam-ner-v1,P000146,2026-09-07T05:41:13.393995Z
EM002035,FR000095,FIR,6265117603,PHONE,0.97,323,333,drishyam-ner-v1,PH000185,2026-09-07T05:41:13.393999Z
EM002036,FR000095,FIR,TN38 KG 9141,VEHICLE,0.9,371,383,drishyam-ner-v1,VH000098,2026-09-07T05:41:13.394003Z
EM002037,FR000095,FIR,09-Oct-2024,DATE,0.8,397,408,drishyam-ner-v1,,2026-09-07T05:41:13.394007Z
EM002038,FR000095,FIR,Oct,PERSON,0.78,400,403,drishyam-ner-v1,,2026-09-07T05:41:13.394011Z
EM002039,FR000095,FIR,Number,PERSON,0.78,414,420,drishyam-ner-v1,,2026-09-07T05:41:13.394015Z
EM002040,FR000095,FIR,FIR-2024-0093,FIR_NUMBER,0.95,421,434,drishyam-ner-v1,,2026-09-07T05:41:13.394019Z
EM002041,FR000095,FIR,Case Number,LOCATION,0.7,441,452,drishyam-ner-v1,,2026-09-07T05:41:13.394023Z
EM002042,FR000095,FIR,CASE-0077,CASE_NUMBER,0.95,453,462,drishyam-ner-v1,,2026-09-07T05:41:13.394027Z
EM002043,FR000095,FIR,Section,PERSON,0.78,479,486,drishyam-ner-v1,,2026-09-07T05:41:13.394030Z
EM002044,FR000095,FIR,Section 506,LEGAL_SECTION,0.85,479,490,drishyam-ner-v1,,2026-09-07T05:41:13.394033Z
EM002045,FR000095,FIR,Investigation,LOCATION,0.7,510,523,drishyam-ner-v1,,2026-09-07T05:41:13.394037Z
EM002046,FR000096,FIR,Based,PERSON,0.78,0,5,drishyam-ner-v1,,2026-09-07T05:41:13.395777Z
EM002047,FR000096,FIR,14-May-2026,DATE,0.8,33,44,drishyam-ner-v1,,2026-09-07T05:41:13.395782Z
EM002048,FR000096,FIR,May,PERSON,0.78,36,39,drishyam-ner-v1,,2026-09-07T05:41:13.395786Z
EM002049,FR000096,FIR,Estancia Bridge End,PERSON,0.78,78,97,drishyam-ner-v1,,2026-09-07T05:41:13.395790Z
EM002050,FR000096,FIR,Madurai,PERSON,0.78,99,106,drishyam-ner-v1,,2026-09-07T05:41:13.395794Z
EM002051,FR000096,FIR,Complainant Brinda Bobal,PERSON,0.78,108,132,drishyam-ner-v1,,2026-09-07T05:41:13.395798Z
EM002052,FR000096,FIR,Oni Borde,PERSON,0.78,144,153,drishyam-ner-v1,P000154,2026-09-07T05:41:13.395802Z
EM002053,FR000096,FIR,Oni Borde,PERSON,0.78,175,184,drishyam-ner-v1,P000154,2026-09-07T05:41:13.395806Z
EM002054,FR000096,FIR,Eastern Arc Outfit,GANG,0.82,219,237,drishyam-ner-v1,ORG000010,2026-09-07T05:41:13.395810Z
EM002055,FR000096,FIR,07/05/2026,DATE,0.8,258,268,drishyam-ner-v1,,2026-09-07T05:41:13.395814Z
EM002056,FR000096,FIR,Oni Borde,PERSON,0.78,314,323,drishyam-ner-v1,P000154,2026-09-07T05:41:13.395818Z
EM002057,FR000096,FIR,TN01 ZH 4647,VEHICLE,0.9,356,368,drishyam-ner-v1,VH000105,2026-09-07T05:41:13.395822Z
EM002058,FR000096,FIR,9356369014,PHONE,0.97,413,423,drishyam-ner-v1,PH000194,2026-09-07T05:41:13.395826Z
EM002059,FR000096,FIR,Contraband,PERSON,0.78,425,435,drishyam-ner-v1,,2026-09-07T05:41:13.395830Z
EM002060,FR000096,FIR,Number,PERSON,0.78,479,485,drishyam-ner-v1,,2026-09-07T05:41:13.395834Z
EM002061,FR000096,FIR,FIR-2026-0094,FIR_NUMBER,0.95,486,499,drishyam-ner-v1,,2026-09-07T05:41:13.395838Z
EM002062,FR000096,FIR,Case Number,LOCATION,0.7,506,517,drishyam-ner-v1,,2026-09-07T05:41:13.395842Z
EM002063,FR000096,FIR,CASE-0078,CASE_NUMBER,0.95,518,527,drishyam-ner-v1,,2026-09-07T05:41:13.395845Z
EM002064,FR000096,FIR,Act,PERSON,0.78,564,567,drishyam-ner-v1,,2026-09-07T05:41:13.395849Z
EM002065,FR000097,FIR,Complainant Maanas Rau,PERSON,0.78,0,22,drishyam-ner-v1,,2026-09-07T05:41:13.397539Z
EM002066,FR000097,FIR,16-Apr-2025,DATE,0.8,35,46,drishyam-ner-v1,,2026-09-07T05:41:13.397543Z
EM002067,FR000097,FIR,Apr,PERSON,0.78,38,41,drishyam-ner-v1,,2026-09-07T05:41:13.397548Z
EM002068,FR000097,FIR,Anna Nagar Check,PERSON,0.78,77,93,drishyam-ner-v1,,2026-09-07T05:41:13.397552Z
EM002069,FR000097,FIR,Post,PERSON,0.78,94,98,drishyam-ner-v1,,2026-09-07T05:41:13.397556Z
EM002070,FR000097,FIR,Tiruchchirappalli,PERSON,0.78,100,117,drishyam-ner-v1,,2026-09-07T05:41:13.397560Z
EM002071,FR000097,FIR,10/04/2025,DATE,0.8,122,132,drishyam-ner-v1,,2026-09-07T05:41:13.397563Z
EM002072,FR000097,FIR,TN63 US 7528,VEHICLE,0.9,159,171,drishyam-ner-v1,VH000048,2026-09-07T05:41:13.397567Z
EM002073,FR000097,FIR,Dayita Nadig,PERSON,0.78,187,199,drishyam-ner-v1,P000071,2026-09-07T05:41:13.397572Z
EM002074,FR000097,FIR,Silk,PERSON,0.78,207,211,drishyam-ner-v1,,2026-09-07T05:41:13.397576Z
EM002075,FR000097,FIR,Zarna Menon,PERSON,0.78,217,228,drishyam-ner-v1,P000173,2026-09-07T05:41:13.397580Z
EM002076,FR000097,FIR,9166779843,PHONE,0.97,255,265,drishyam-ner-v1,PH000090,2026-09-07T05:41:13.397584Z
EM002077,FR000097,FIR,Anna Nagar Check,PERSON,0.78,278,294,drishyam-ner-v1,,2026-09-07T05:41:13.397588Z
EM002078,FR000097,FIR,Post,PERSON,0.78,295,299,drishyam-ner-v1,,2026-09-07T05:41:13.397592Z
EM002079,FR000097,FIR,Stolen,PERSON,0.78,301,307,drishyam-ner-v1,,2026-09-07T05:41:13.397596Z
EM002080,FR000097,FIR,Number,PERSON,0.78,351,357,drishyam-ner-v1,,2026-09-07T05:41:13.397600Z
EM002081,FR000097,FIR,FIR-2025-0095,FIR_NUMBER,0.95,358,371,drishyam-ner-v1,,2026-09-07T05:41:13.397604Z
EM002082,FR000097,FIR,Case Number,LOCATION,0.7,378,389,drishyam-ner-v1,,2026-09-07T05:41:13.397608Z
EM002083,FR000097,FIR,CASE-0079,CASE_NUMBER,0.95,390,399,drishyam-ner-v1,,2026-09-07T05:41:13.397612Z
EM002084,FR000097,FIR,Section,PERSON,0.78,416,423,drishyam-ner-v1,,2026-09-07T05:41:13.397616Z
EM002085,FR000097,FIR,Section 379 IPC,LEGAL_SECTION,0.85,416,431,drishyam-ner-v1,,2026-09-07T05:41:13.397620Z
EM002086,FR000097,FIR,Investigation,LOCATION,0.7,445,458,drishyam-ner-v1,,2026-09-07T05:41:13.397624Z
EM002087,FR000098,FIR,Complainant Bhavini Chopra,PERSON,0.78,0,26,drishyam-ner-v1,,2026-09-07T05:41:13.398847Z
EM002088,FR000098,FIR,Valluvar Layout Harbour,PERSON,0.78,39,62,drishyam-ner-v1,,2026-09-07T05:41:13.398850Z
EM002089,FR000098,FIR,Gate,PERSON,0.78,63,67,drishyam-ner-v1,,2026-09-07T05:41:13.398852Z
EM002090,FR000098,FIR,Chengalpattu,PERSON,0.78,86,98,drishyam-ner-v1,,2026-09-07T05:41:13.398854Z
EM002091,FR000098,FIR,19-Sep-2024,DATE,0.8,102,113,drishyam-ner-v1,,2026-09-07T05:41:13.398856Z
EM002092,FR000098,FIR,Sep,PERSON,0.78,105,108,drishyam-ner-v1,,2026-09-07T05:41:13.398859Z
EM002093,FR000098,FIR,Hiral Kashyap,PERSON,0.78,119,132,drishyam-ner-v1,P000111,2026-09-07T05:41:13.398861Z
EM002094,FR000098,FIR,Silk,PERSON,0.78,140,144,drishyam-ner-v1,,2026-09-07T05:41:13.398863Z
EM002095,FR000098,FIR,Ikshita Krishna,PERSON,0.78,150,165,drishyam-ner-v1,P000118,2026-09-07T05:41:13.398865Z
EM002096,FR000098,FIR,Iron Wolf Syndicate,GANG,0.82,173,192,drishyam-ner-v1,ORG000007,2026-09-07T05:41:13.398868Z
EM002097,FR000098,FIR,15/09/2024,DATE,0.8,281,291,drishyam-ner-v1,,2026-09-07T05:41:13.398870Z
EM002098,FR000098,FIR,Hiral Kashyap,PERSON,0.78,293,306,drishyam-ner-v1,P000111,2026-09-07T05:41:13.398872Z
EM002099,FR000098,FIR,8886168045,PHONE,0.97,343,353,drishyam-ner-v1,PH000142,2026-09-07T05:41:13.398874Z
EM002100,FR000098,FIR,The,LOCATION,0.7,399,402,drishyam-ner-v1,,2026-09-07T05:41:13.398877Z
EM002101,FR000098,FIR,TN38 AC 6054,VEHICLE,0.9,460,472,drishyam-ner-v1,VH000075,2026-09-07T05:41:13.398879Z
EM002102,FR000098,FIR,Number,PERSON,0.78,478,484,drishyam-ner-v1,,2026-09-07T05:41:13.398881Z
EM002103,FR000098,FIR,FIR-2024-0096,FIR_NUMBER,0.95,485,498,drishyam-ner-v1,,2026-09-07T05:41:13.398883Z
EM002104,FR000098,FIR,Case Number,LOCATION,0.7,516,527,drishyam-ner-v1,,2026-09-07T05:41:13.398885Z
EM002105,FR000098,FIR,CASE-0080,CASE_NUMBER,0.95,528,537,drishyam-ner-v1,,2026-09-07T05:41:13.398887Z
EM002106,FR000098,FIR,Investigating,PERSON,0.78,600,613,drishyam-ner-v1,,2026-09-07T05:41:13.398889Z
EM002107,FR000099,FIR,Complainant Inaya Garde,PERSON,0.78,0,23,drishyam-ner-v1,,2026-09-07T05:41:13.399900Z
EM002108,FR000099,FIR,Anna Nagar Lorry,PERSON,0.78,43,59,drishyam-ner-v1,,2026-09-07T05:41:13.399902Z
EM002109,FR000099,FIR,Park,PERSON,0.78,60,64,drishyam-ner-v1,,2026-09-07T05:41:13.399904Z
EM002110,FR000099,FIR,Erode,PERSON,0.78,66,71,drishyam-ner-v1,,2026-09-07T05:41:13.399907Z
EM002111,FR000099,FIR,06-Sep-2025,DATE,0.8,76,87,drishyam-ner-v1,,2026-09-07T05:41:13.399909Z
EM002112,FR000099,FIR,Sep,PERSON,0.78,79,82,drishyam-ner-v1,,2026-09-07T05:41:13.399911Z
EM002113,FR000099,FIR,Janani Shetty,PERSON,0.78,102,115,drishyam-ner-v1,P000050,2026-09-07T05:41:13.399913Z
EM002114,FR000099,FIR,Andrew Devi,PERSON,0.78,136,147,drishyam-ner-v1,P000098,2026-09-07T05:41:13.399915Z
EM002115,FR000099,FIR,counterfeit,CRIME_TYPE,0.75,159,170,drishyam-ner-v1,,2026-09-07T05:41:13.399918Z
EM002116,FR000099,FIR,03/09/2025,DATE,0.8,177,187,drishyam-ner-v1,,2026-09-07T05:41:13.399920Z
EM002117,FR000099,FIR,Janani Shetty,PERSON,0.78,227,240,drishyam-ner-v1,P000050,2026-09-07T05:41:13.399922Z
EM002118,FR000099,FIR,8165961757,PHONE,0.97,274,284,drishyam-ner-v1,PH000065,2026-09-07T05:41:13.399924Z
EM002119,FR000099,FIR,TN60 VU 3638,VEHICLE,0.9,339,351,drishyam-ner-v1,VH000033,2026-09-07T05:41:13.399926Z
EM002120,FR000099,FIR,Anna Nagar Lorry,PERSON,0.78,357,373,drishyam-ner-v1,,2026-09-07T05:41:13.399928Z
EM002121,FR000099,FIR,Park,PERSON,0.78,374,378,drishyam-ner-v1,,2026-09-07T05:41:13.399930Z
EM002122,FR000099,FIR,07-Sep-2025,DATE,0.8,382,393,drishyam-ner-v1,,2026-09-07T05:41:13.399933Z
EM002123,FR000099,FIR,Sep,PERSON,0.78,385,388,drishyam-ner-v1,,2026-09-07T05:41:13.399935Z
EM002124,FR000099,FIR,The North Star,ORGANIZATION,0.7,395,409,drishyam-ner-v1,,2026-09-07T05:41:13.399937Z
EM002125,FR000099,FIR,Outfit,GANG,0.82,410,416,drishyam-ner-v1,,2026-09-07T05:41:13.399939Z
EM002126,FR000099,FIR,Number,PERSON,0.78,455,461,drishyam-ner-v1,,2026-09-07T05:41:13.399941Z
EM002127,FR000099,FIR,FIR-2025-0097,FIR_NUMBER,0.95,462,475,drishyam-ner-v1,,2026-09-07T05:41:13.399943Z
EM002128,FR000099,FIR,Case Number,LOCATION,0.7,482,493,drishyam-ner-v1,,2026-09-07T05:41:13.399945Z
EM002129,FR000099,FIR,CASE-0081,CASE_NUMBER,0.95,494,503,drishyam-ner-v1,,2026-09-07T05:41:13.399947Z
EM002130,FR000099,FIR,Section,PERSON,0.78,520,527,drishyam-ner-v1,,2026-09-07T05:41:13.399949Z
EM002131,FR000099,FIR,Section 489C IPC,LEGAL_SECTION,0.85,520,536,drishyam-ner-v1,,2026-09-07T05:41:13.399952Z
EM002132,FR000099,FIR,Investigation,LOCATION,0.7,549,562,drishyam-ner-v1,,2026-09-07T05:41:13.399954Z
EM002133,FR000100,FIR,Complainant Yagnesh Dalal,PERSON,0.78,0,25,drishyam-ner-v1,,2026-09-07T05:41:13.401422Z
EM002134,FR000100,FIR,Anna Nagar Bus,PERSON,0.78,38,52,drishyam-ner-v1,,2026-09-07T05:41:13.401427Z
EM002135,FR000100,FIR,Terminus,PERSON,0.78,53,61,drishyam-ner-v1,,2026-09-07T05:41:13.401431Z
EM002136,FR000100,FIR,Ramanathapuram,PERSON,0.78,80,94,drishyam-ner-v1,,2026-09-07T05:41:13.401435Z
EM002137,FR000100,FIR,01-Aug-2025,DATE,0.8,98,109,drishyam-ner-v1,,2026-09-07T05:41:13.401439Z
EM002138,FR000100,FIR,Aug,PERSON,0.78,101,104,drishyam-ner-v1,,2026-09-07T05:41:13.401443Z
EM002139,FR000100,FIR,Januja Oommen,PERSON,0.78,115,128,drishyam-ner-v1,P000049,2026-09-07T05:41:13.401447Z
EM002140,FR000100,FIR,Hemang Dhillon,PERSON,0.78,150,164,drishyam-ner-v1,P000065,2026-09-07T05:41:13.401451Z
EM002141,FR000100,FIR,North Star Outfit,GANG,0.82,172,189,drishyam-ner-v1,ORG000004,2026-09-07T05:41:13.401455Z
EM002142,FR000100,FIR,27/07/2025,DATE,0.8,278,288,drishyam-ner-v1,,2026-09-07T05:41:13.401459Z
EM002143,FR000100,FIR,Januja Oommen,PERSON,0.78,290,303,drishyam-ner-v1,P000049,2026-09-07T05:41:13.401463Z
EM002144,FR000100,FIR,7910532547,PHONE,0.97,340,350,drishyam-ner-v1,PH000063,2026-09-07T05:41:13.401467Z
EM002145,FR000100,FIR,The,LOCATION,0.7,396,399,drishyam-ner-v1,,2026-09-07T05:41:13.401471Z
EM002146,FR000100,FIR,TN58 EW 1138,VEHICLE,0.9,457,469,drishyam-ner-v1,,2026-09-07T05:41:13.401476Z
EM002147,FR000100,FIR,Number,PERSON,0.78,475,481,drishyam-ner-v1,,2026-09-07T05:41:13.401479Z
EM002148,FR000100,FIR,FIR-2025-0098,FIR_NUMBER,0.95,482,495,drishyam-ner-v1,,2026-09-07T05:41:13.401483Z
EM002149,FR000100,FIR,Case Number,LOCATION,0.7,513,524,drishyam-ner-v1,,2026-09-07T05:41:13.401487Z
EM002150,FR000100,FIR,CASE-0082,CASE_NUMBER,0.95,525,534,drishyam-ner-v1,,2026-09-07T05:41:13.401492Z
EM002151,FR000100,FIR,Section,PERSON,0.78,551,558,drishyam-ner-v1,,2026-09-07T05:41:13.401496Z
EM002152,FR000100,FIR,Section 170 IPC,LEGAL_SECTION,0.85,551,566,drishyam-ner-v1,,2026-09-07T05:41:13.401499Z
EM002153,FR000100,FIR,Investigating,PERSON,0.78,605,618,drishyam-ner-v1,,2026-09-07T05:41:13.401503Z
EM002154,FR000101,FIR,Complainant Yagnesh Dalal,PERSON,0.78,0,25,drishyam-ner-v1,,2026-09-07T05:41:13.403214Z
EM002155,FR000101,FIR,Mattuthavani Junction,PERSON,0.78,38,59,drishyam-ner-v1,,2026-09-07T05:41:13.403218Z
EM002156,FR000101,FIR,Ramanathapuram,PERSON,0.78,78,92,drishyam-ner-v1,,2026-09-07T05:41:13.403222Z
EM002157,FR000101,FIR,01-Aug-2025,DATE,0.8,96,107,drishyam-ner-v1,,2026-09-07T05:41:13.403226Z
EM002158,FR000101,FIR,Aug,PERSON,0.78,99,102,drishyam-ner-v1,,2026-09-07T05:41:13.403230Z
EM002159,FR000101,FIR,Januja Oommen,PERSON,0.78,113,126,drishyam-ner-v1,P000049,2026-09-07T05:41:13.403234Z
EM002160,FR000101,FIR,Hemang Dhillon,PERSON,0.78,148,162,drishyam-ner-v1,P000065,2026-09-07T05:41:13.403238Z
EM002161,FR000101,FIR,North Star Outfit,GANG,0.82,170,187,drishyam-ner-v1,ORG000004,2026-09-07T05:41:13.403242Z
EM002162,FR000101,FIR,27/07/2025,DATE,0.8,275,285,drishyam-ner-v1,,2026-09-07T05:41:13.403246Z
EM002163,FR000101,FIR,Januja Oommen,PERSON,0.78,287,300,drishyam-ner-v1,P000049,2026-09-07T05:41:13.403250Z
EM002164,FR000101,FIR,7910532547,PHONE,0.97,337,347,drishyam-ner-v1,PH000063,2026-09-07T05:41:13.403254Z
EM002165,FR000101,FIR,The,LOCATION,0.7,393,396,drishyam-ner-v1,,2026-09-07T05:41:13.403258Z
EM002166,FR000101,FIR,TN58 GH 4317,VEHICLE,0.9,454,466,drishyam-ner-v1,,2026-09-07T05:41:13.403262Z
EM002167,FR000101,FIR,Number,PERSON,0.78,472,478,drishyam-ner-v1,,2026-09-07T05:41:13.403266Z
EM002168,FR000101,FIR,FIR-2025-0099,FIR_NUMBER,0.95,479,492,drishyam-ner-v1,,2026-09-07T05:41:13.403270Z
EM002169,FR000101,FIR,Case Number,LOCATION,0.7,510,521,drishyam-ner-v1,,2026-09-07T05:41:13.403274Z
EM002170,FR000101,FIR,CASE-0082,CASE_NUMBER,0.95,522,531,drishyam-ner-v1,,2026-09-07T05:41:13.403278Z
EM002171,FR000101,FIR,Section,PERSON,0.78,548,555,drishyam-ner-v1,,2026-09-07T05:41:13.403282Z
EM002172,FR000101,FIR,Section 170 IPC,LEGAL_SECTION,0.85,548,563,drishyam-ner-v1,,2026-09-07T05:41:13.403286Z
EM002173,FR000101,FIR,Investigating,PERSON,0.78,602,615,drishyam-ner-v1,,2026-09-07T05:41:13.403290Z
EM002174,FR000102,FIR,Complainant Baljiwan Tailor,PERSON,0.78,0,27,drishyam-ner-v1,,2026-09-07T05:41:13.405235Z
EM002175,FR000102,FIR,Kanniyakumari,PERSON,0.78,41,54,drishyam-ner-v1,,2026-09-07T05:41:13.405240Z
EM002176,FR000102,FIR,Section,PERSON,0.78,69,76,drishyam-ner-v1,,2026-09-07T05:41:13.405244Z
EM002177,FR000102,FIR,Section 154 CrPC,LEGAL_SECTION,0.85,69,85,drishyam-ner-v1,,2026-09-07T05:41:13.405248Z
EM002178,FR000102,FIR,29-Mar-2026,DATE,0.8,99,110,drishyam-ner-v1,,2026-09-07T05:41:13.405252Z
EM002179,FR000102,FIR,Mar,PERSON,0.78,102,105,drishyam-ner-v1,,2026-09-07T05:41:13.405256Z
EM002180,FR000102,FIR,03-Apr-2026,DATE,0.8,115,126,drishyam-ner-v1,,2026-09-07T05:41:13.405260Z
EM002181,FR000102,FIR,Apr,PERSON,0.78,118,121,drishyam-ner-v1,,2026-09-07T05:41:13.405264Z
EM002182,FR000102,FIR,Aditya Kibe,PERSON,0.78,128,139,drishyam-ner-v1,P000047,2026-09-07T05:41:13.405268Z
EM002183,FR000102,FIR,Silk,PERSON,0.78,147,151,drishyam-ner-v1,,2026-09-07T05:41:13.405272Z
EM002184,FR000102,FIR,Qabil Kumer,PERSON,0.78,157,168,drishyam-ner-v1,P000121,2026-09-07T05:41:13.405275Z
EM002185,FR000102,FIR,North Star Outfit,GANG,0.82,181,198,drishyam-ner-v1,ORG000004,2026-09-07T05:41:13.405280Z
EM002186,FR000102,FIR,A/C XXXX2245,BANK_ACCOUNT,0.85,227,239,drishyam-ner-v1,AC000059,2026-09-07T05:41:13.405283Z
EM002187,FR000102,FIR,22/03/2026,DATE,0.8,295,305,drishyam-ner-v1,,2026-09-07T05:41:13.405287Z
EM002188,FR000102,FIR,A/C XXXX2245,BANK_ACCOUNT,0.85,353,365,drishyam-ner-v1,AC000059,2026-09-07T05:41:13.405292Z
EM002189,FR000102,FIR,Suspects,PERSON,0.78,385,393,drishyam-ner-v1,,2026-09-07T05:41:13.405296Z
EM002190,FR000102,FIR,8013720592,PHONE,0.97,405,415,drishyam-ner-v1,PH000061,2026-09-07T05:41:13.405300Z
EM002191,FR000102,FIR,Aditya Kibe,PERSON,0.78,459,470,drishyam-ner-v1,P000047,2026-09-07T05:41:13.405303Z
EM002192,FR000102,FIR,Pappanaickenpalayam Bridge End,PERSON,0.78,490,520,drishyam-ner-v1,,2026-09-07T05:41:13.405307Z
EM002193,FR000102,FIR,TN01 AT 5641,VEHICLE,0.9,555,567,drishyam-ner-v1,,2026-09-07T05:41:13.405311Z
EM002194,FR000102,FIR,Number,PERSON,0.78,573,579,drishyam-ner-v1,,2026-09-07T05:41:13.405315Z
EM002195,FR000102,FIR,FIR-2026-0100,FIR_NUMBER,0.95,580,593,drishyam-ner-v1,,2026-09-07T05:41:13.405319Z
EM002196,FR000102,FIR,Case Number,LOCATION,0.7,611,622,drishyam-ner-v1,,2026-09-07T05:41:13.405323Z
EM002197,FR000102,FIR,CASE-0083,CASE_NUMBER,0.95,623,632,drishyam-ner-v1,,2026-09-07T05:41:13.405327Z
EM002198,FR000102,FIR,Section,PERSON,0.78,652,659,drishyam-ner-v1,,2026-09-07T05:41:13.405331Z
EM002199,FR000102,FIR,Section,PERSON,0.78,671,678,drishyam-ner-v1,,2026-09-07T05:41:13.405335Z
EM002200,FR000102,FIR,Section 120B IPC,LEGAL_SECTION,0.85,671,687,drishyam-ner-v1,,2026-09-07T05:41:13.405339Z
EM002201,FR000103,FIR,02/06/2026,DATE,0.8,3,13,drishyam-ner-v1,,2026-09-07T05:41:13.407081Z
EM002202,FR000103,FIR,Royapuram Fuel Station,PERSON,0.78,54,76,drishyam-ner-v1,,2026-09-07T05:41:13.407085Z
EM002203,FR000103,FIR,Salem,PERSON,0.78,78,83,drishyam-ner-v1,,2026-09-07T05:41:13.407090Z
EM002204,FR000103,FIR,Enquiry,PERSON,0.78,85,92,drishyam-ner-v1,,2026-09-07T05:41:13.407094Z
EM002205,FR000103,FIR,Xalak Bhatia,PERSON,0.78,107,119,drishyam-ner-v1,P000199,2026-09-07T05:41:13.407098Z
EM002206,FR000103,FIR,Anay Dhaliwal,PERSON,0.78,139,152,drishyam-ner-v1,P000194,2026-09-07T05:41:13.407102Z
EM002207,FR000103,FIR,09-Jun-2026,DATE,0.8,189,200,drishyam-ner-v1,,2026-09-07T05:41:13.407106Z
EM002208,FR000103,FIR,Jun,PERSON,0.78,192,195,drishyam-ner-v1,,2026-09-07T05:41:13.407110Z
EM002209,FR000103,FIR,TN51 YP 1958,VEHICLE,0.9,225,237,drishyam-ner-v1,VH000134,2026-09-07T05:41:13.407114Z
EM002210,FR000103,FIR,Cell,PERSON,0.78,239,243,drishyam-ner-v1,,2026-09-07T05:41:13.407117Z
EM002211,FR000103,FIR,7804141328,PHONE,0.97,267,277,drishyam-ner-v1,PH000247,2026-09-07T05:41:13.407122Z
EM002212,FR000103,FIR,Intercepted,PERSON,0.78,324,335,drishyam-ner-v1,,2026-09-07T05:41:13.407126Z
EM002213,FR000103,FIR,Steel Falcon Gang,GANG,0.82,365,382,drishyam-ner-v1,ORG000012,2026-09-07T05:41:13.407130Z
EM002214,FR000103,FIR,Number,PERSON,0.78,393,399,drishyam-ner-v1,,2026-09-07T05:41:13.407134Z
EM002215,FR000103,FIR,FIR-2026-0101,FIR_NUMBER,0.95,400,413,drishyam-ner-v1,,2026-09-07T05:41:13.407138Z
EM002216,FR000103,FIR,Case Number,LOCATION,0.7,420,431,drishyam-ner-v1,,2026-09-07T05:41:13.407142Z
EM002217,FR000103,FIR,CASE-0084,CASE_NUMBER,0.95,432,441,drishyam-ner-v1,,2026-09-07T05:41:13.407146Z
EM002218,FR000103,FIR,Section,PERSON,0.78,461,468,drishyam-ner-v1,,2026-09-07T05:41:13.407149Z
EM002219,FR000103,FIR,Section 201 IPC,LEGAL_SECTION,0.85,461,476,drishyam-ner-v1,,2026-09-07T05:41:13.407153Z
EM002220,FR000103,FIR,Investigation,LOCATION,0.7,491,504,drishyam-ner-v1,,2026-09-07T05:41:13.407157Z
EM002221,FR000104,FIR,Complainant Janaki Nori,PERSON,0.78,0,23,drishyam-ner-v1,,2026-09-07T05:41:13.408951Z
EM002222,FR000104,FIR,Erode,PERSON,0.78,37,42,drishyam-ner-v1,,2026-09-07T05:41:13.408955Z
EM002223,FR000104,FIR,Section,PERSON,0.78,57,64,drishyam-ner-v1,,2026-09-07T05:41:13.408959Z
EM002224,FR000104,FIR,Section 154 CrPC,LEGAL_SECTION,0.85,57,73,drishyam-ner-v1,,2026-09-07T05:41:13.408963Z
EM002225,FR000104,FIR,29-Dec-2024,DATE,0.8,87,98,drishyam-ner-v1,,2026-09-07T05:41:13.408967Z
EM002226,FR000104,FIR,Dec,PERSON,0.78,90,93,drishyam-ner-v1,,2026-09-07T05:41:13.408971Z
EM002227,FR000104,FIR,31-Dec-2024,DATE,0.8,103,114,drishyam-ner-v1,,2026-09-07T05:41:13.408975Z
EM002228,FR000104,FIR,Dec,PERSON,0.78,106,109,drishyam-ner-v1,,2026-09-07T05:41:13.408979Z
EM002229,FR000104,FIR,Andrew Oommen,PERSON,0.78,116,129,drishyam-ner-v1,P000006,2026-09-07T05:41:13.408983Z
EM002230,FR000104,FIR,Aadi Goswami,PERSON,0.78,151,163,drishyam-ner-v1,P000008,2026-09-07T05:41:13.408987Z
EM002231,FR000104,FIR,Cobra Syndicate,GANG,0.82,176,191,drishyam-ner-v1,ORG000001,2026-09-07T05:41:13.408990Z
EM002232,FR000104,FIR,A/C XXXX5336,BANK_ACCOUNT,0.85,220,232,drishyam-ner-v1,AC000008,2026-09-07T05:41:13.408994Z
EM002233,FR000104,FIR,22/12/2024,DATE,0.8,288,298,drishyam-ner-v1,,2026-09-07T05:41:13.408998Z
EM002234,FR000104,FIR,A/C XXXX5336,BANK_ACCOUNT,0.85,346,358,drishyam-ner-v1,AC000008,2026-09-07T05:41:13.409002Z
EM002235,FR000104,FIR,Suspects,PERSON,0.78,378,386,drishyam-ner-v1,,2026-09-07T05:41:13.409006Z
EM002236,FR000104,FIR,6752599105,PHONE,0.97,398,408,drishyam-ner-v1,PH000009,2026-09-07T05:41:13.409010Z
EM002237,FR000104,FIR,Andrew Oommen,PERSON,0.78,452,465,drishyam-ner-v1,P000006,2026-09-07T05:41:13.409014Z
EM002238,FR000104,FIR,Meenakshi Nagar Agro,PERSON,0.78,485,505,drishyam-ner-v1,,2026-09-07T05:41:13.409018Z
EM002239,FR000104,FIR,Market,LOCATION,0.7,506,512,drishyam-ner-v1,,2026-09-07T05:41:13.409023Z
EM002240,FR000104,FIR,TN34 CZ 6724,VEHICLE,0.9,547,559,drishyam-ner-v1,VH000005,2026-09-07T05:41:13.409027Z
EM002241,FR000104,FIR,Number,PERSON,0.78,565,571,drishyam-ner-v1,,2026-09-07T05:41:13.409031Z
EM002242,FR000104,FIR,FIR-2025-0102,FIR_NUMBER,0.95,572,585,drishyam-ner-v1,,2026-09-07T05:41:13.409035Z
EM002243,FR000104,FIR,Case Number,LOCATION,0.7,603,614,drishyam-ner-v1,,2026-09-07T05:41:13.409039Z
EM002244,FR000104,FIR,CASE-0085,CASE_NUMBER,0.95,615,624,drishyam-ner-v1,,2026-09-07T05:41:13.409043Z
EM002245,FR000104,FIR,Section,PERSON,0.78,644,651,drishyam-ner-v1,,2026-09-07T05:41:13.409047Z
EM002246,FR000104,FIR,Section 120B IPC,LEGAL_SECTION,0.85,644,660,drishyam-ner-v1,,2026-09-07T05:41:13.409051Z
EM002247,FR000104,FIR,Section,PERSON,0.78,665,672,drishyam-ner-v1,,2026-09-07T05:41:13.409055Z
EM002248,FR000104,FIR,Section 120B IPC,LEGAL_SECTION,0.85,665,681,drishyam-ner-v1,,2026-09-07T05:41:13.409059Z
EM002249,FR000105,FIR,28/07/2025,DATE,0.8,3,13,drishyam-ner-v1,,2026-09-07T05:41:13.410765Z
EM002250,FR000105,FIR,Dalaja Lad,PERSON,0.78,46,56,drishyam-ner-v1,P000550,2026-09-07T05:41:13.410770Z
EM002251,FR000105,FIR,Thirunagar Industrial Estate,PERSON,0.78,72,100,drishyam-ner-v1,,2026-09-07T05:41:13.410773Z
EM002252,FR000105,FIR,Coimbatore,PERSON,0.78,102,112,drishyam-ner-v1,,2026-09-07T05:41:13.410777Z
EM002253,FR000105,FIR,Ishita Sarna,PERSON,0.78,117,129,drishyam-ner-v1,P000001,2026-09-07T05:41:13.410781Z
EM002254,FR000105,FIR,Silk,PERSON,0.78,137,141,drishyam-ner-v1,,2026-09-07T05:41:13.410785Z
EM002255,FR000105,FIR,Ishita Sarna,PERSON,0.78,147,159,drishyam-ner-v1,P000001,2026-09-07T05:41:13.410789Z
EM002256,FR000105,FIR,Cobra Syndicate,GANG,0.82,176,191,drishyam-ner-v1,ORG000001,2026-09-07T05:41:13.410794Z
EM002257,FR000105,FIR,Ishita Sarna,PERSON,0.78,270,282,drishyam-ner-v1,P000001,2026-09-07T05:41:13.410798Z
EM002258,FR000105,FIR,8638857793,PHONE,0.97,316,326,drishyam-ner-v1,PH000001,2026-09-07T05:41:13.410802Z
EM002259,FR000105,FIR,TN46 EL 7653,VEHICLE,0.9,364,376,drishyam-ner-v1,VH000001,2026-09-07T05:41:13.410806Z
EM002260,FR000105,FIR,02-Aug-2025,DATE,0.8,390,401,drishyam-ner-v1,,2026-09-07T05:41:13.410810Z
EM002261,FR000105,FIR,Aug,PERSON,0.78,393,396,drishyam-ner-v1,,2026-09-07T05:41:13.410814Z
EM002262,FR000105,FIR,Number,PERSON,0.78,407,413,drishyam-ner-v1,,2026-09-07T05:41:13.410818Z
EM002263,FR000105,FIR,FIR-2025-0103,FIR_NUMBER,0.95,414,427,drishyam-ner-v1,,2026-09-07T05:41:13.410822Z
EM002264,FR000105,FIR,Case Number,LOCATION,0.7,434,445,drishyam-ner-v1,,2026-09-07T05:41:13.410826Z
EM002265,FR000105,FIR,CASE-0086,CASE_NUMBER,0.95,446,455,drishyam-ner-v1,,2026-09-07T05:41:13.410830Z
EM002266,FR000105,FIR,Section,PERSON,0.78,472,479,drishyam-ner-v1,,2026-09-07T05:41:13.410833Z
EM002267,FR000105,FIR,Section 506,LEGAL_SECTION,0.85,472,483,drishyam-ner-v1,,2026-09-07T05:41:13.410837Z
EM002268,FR000105,FIR,Investigation,LOCATION,0.7,503,516,drishyam-ner-v1,,2026-09-07T05:41:13.410841Z
EM002269,FR000106,FIR,Complainant Azaan Jha,PERSON,0.78,0,21,drishyam-ner-v1,,2026-09-07T05:41:13.412582Z
EM002270,FR000106,FIR,Mettupalayam Cold Storage,PERSON,0.78,41,66,drishyam-ner-v1,,2026-09-07T05:41:13.412585Z
EM002271,FR000106,FIR,Erode,PERSON,0.78,68,73,drishyam-ner-v1,,2026-09-07T05:41:13.412588Z
EM002272,FR000106,FIR,20-Jun-2024,DATE,0.8,78,89,drishyam-ner-v1,,2026-09-07T05:41:13.412590Z
EM002273,FR000106,FIR,Jun,PERSON,0.78,81,84,drishyam-ner-v1,,2026-09-07T05:41:13.412593Z
EM002274,FR000106,FIR,Chakradev Gandhi,PERSON,0.78,104,120,drishyam-ner-v1,P000059,2026-09-07T05:41:13.412599Z
EM002275,FR000106,FIR,Silk,PERSON,0.78,128,132,drishyam-ner-v1,,2026-09-07T05:41:13.412601Z
EM002276,FR000106,FIR,Alka Mohanty,PERSON,0.78,138,150,drishyam-ner-v1,P000044,2026-09-07T05:41:13.412604Z
EM002277,FR000106,FIR,counterfeit,CRIME_TYPE,0.75,162,173,drishyam-ner-v1,,2026-09-07T05:41:13.412606Z
EM002278,FR000106,FIR,11/06/2024,DATE,0.8,180,190,drishyam-ner-v1,,2026-09-07T05:41:13.412608Z
EM002279,FR000106,FIR,Chakradev Gandhi,PERSON,0.78,230,246,drishyam-ner-v1,P000059,2026-09-07T05:41:13.412610Z
EM002280,FR000106,FIR,9429713771,PHONE,0.97,280,290,drishyam-ner-v1,PH000075,2026-09-07T05:41:13.412613Z
EM002281,FR000106,FIR,TN63 PA 1949,VEHICLE,0.9,345,357,drishyam-ner-v1,VH000039,2026-09-07T05:41:13.412615Z
EM002282,FR000106,FIR,Mettupalayam Cold Storage,PERSON,0.78,363,388,drishyam-ner-v1,,2026-09-07T05:41:13.412617Z
EM002283,FR000106,FIR,21-Jun-2024,DATE,0.8,392,403,drishyam-ner-v1,,2026-09-07T05:41:13.412619Z
EM002284,FR000106,FIR,Jun,PERSON,0.78,395,398,drishyam-ner-v1,,2026-09-07T05:41:13.412621Z
EM002285,FR000106,FIR,The North Star,ORGANIZATION,0.7,405,419,drishyam-ner-v1,,2026-09-07T05:41:13.412624Z
EM002286,FR000106,FIR,Outfit,GANG,0.82,420,426,drishyam-ner-v1,,2026-09-07T05:41:13.412626Z
EM002287,FR000106,FIR,Number,PERSON,0.78,465,471,drishyam-ner-v1,,2026-09-07T05:41:13.412628Z
EM002288,FR000106,FIR,FIR-2024-0104,FIR_NUMBER,0.95,472,485,drishyam-ner-v1,,2026-09-07T05:41:13.412630Z
EM002289,FR000106,FIR,Case Number,LOCATION,0.7,492,503,drishyam-ner-v1,,2026-09-07T05:41:13.412632Z
EM002290,FR000106,FIR,CASE-0087,CASE_NUMBER,0.95,504,513,drishyam-ner-v1,,2026-09-07T05:41:13.412634Z
EM002291,FR000106,FIR,Section,PERSON,0.78,530,537,drishyam-ner-v1,,2026-09-07T05:41:13.412636Z
EM002292,FR000106,FIR,Section 489C IPC,LEGAL_SECTION,0.85,530,546,drishyam-ner-v1,,2026-09-07T05:41:13.412638Z
EM002293,FR000106,FIR,Investigation,LOCATION,0.7,559,572,drishyam-ner-v1,,2026-09-07T05:41:13.412640Z
EM002294,FR000107,FIR,Complainant Chaitanya Deshmukh,PERSON,0.78,0,30,drishyam-ner-v1,,2026-09-07T05:41:13.413874Z
EM002295,FR000107,FIR,Thanjavur,PERSON,0.78,44,53,drishyam-ner-v1,,2026-09-07T05:41:13.413877Z
EM002296,FR000107,FIR,Section,PERSON,0.78,68,75,drishyam-ner-v1,,2026-09-07T05:41:13.413880Z
EM002297,FR000107,FIR,Section 154 CrPC,LEGAL_SECTION,0.85,68,84,drishyam-ner-v1,,2026-09-07T05:41:13.413882Z
EM002298,FR000107,FIR,01-Nov-2025,DATE,0.8,98,109,drishyam-ner-v1,,2026-09-07T05:41:13.413884Z
EM002299,FR000107,FIR,Nov,PERSON,0.78,101,104,drishyam-ner-v1,,2026-09-07T05:41:13.413886Z
EM002300,FR000107,FIR,04-Nov-2025,DATE,0.8,114,125,drishyam-ner-v1,,2026-09-07T05:41:13.413888Z
EM002301,FR000107,FIR,Nov,PERSON,0.78,117,120,drishyam-ner-v1,,2026-09-07T05:41:13.413890Z
EM002302,FR000107,FIR,Peter Nayar,PERSON,0.78,127,138,drishyam-ner-v1,P000132,2026-09-07T05:41:13.413893Z
EM002303,FR000107,FIR,Bina Reddy,PERSON,0.78,158,168,drishyam-ner-v1,P000131,2026-09-07T05:41:13.413895Z
EM002304,FR000107,FIR,Crimson Tide Group,GANG,0.82,181,199,drishyam-ner-v1,ORG000008,2026-09-07T05:41:13.413897Z
EM002305,FR000107,FIR,A/C XXXX5572,BANK_ACCOUNT,0.85,228,240,drishyam-ner-v1,AC000159,2026-09-07T05:41:13.413899Z
EM002306,FR000107,FIR,28/10/2025,DATE,0.8,296,306,drishyam-ner-v1,,2026-09-07T05:41:13.413901Z
EM002307,FR000107,FIR,A/C XXXX5572,BANK_ACCOUNT,0.85,354,366,drishyam-ner-v1,AC000159,2026-09-07T05:41:13.413904Z
EM002308,FR000107,FIR,Suspects,PERSON,0.78,386,394,drishyam-ner-v1,,2026-09-07T05:41:13.413906Z
EM002309,FR000107,FIR,7623400975,PHONE,0.97,406,416,drishyam-ner-v1,PH000168,2026-09-07T05:41:13.413908Z
EM002310,FR000107,FIR,Peter Nayar,PERSON,0.78,460,471,drishyam-ner-v1,P000132,2026-09-07T05:41:13.413910Z
EM002311,FR000107,FIR,Kallamadu Agro Market,PERSON,0.78,491,512,drishyam-ner-v1,,2026-09-07T05:41:13.413912Z
EM002312,FR000107,FIR,TN58 NM 4573,VEHICLE,0.9,547,559,drishyam-ner-v1,,2026-09-07T05:41:13.413915Z
EM002313,FR000107,FIR,Number,PERSON,0.78,565,571,drishyam-ner-v1,,2026-09-07T05:41:13.413917Z
EM002314,FR000107,FIR,FIR-2025-0105,FIR_NUMBER,0.95,572,585,drishyam-ner-v1,,2026-09-07T05:41:13.413919Z
EM002315,FR000107,FIR,Case Number,LOCATION,0.7,603,614,drishyam-ner-v1,,2026-09-07T05:41:13.413921Z
EM002316,FR000107,FIR,CASE-0088,CASE_NUMBER,0.95,615,624,drishyam-ner-v1,,2026-09-07T05:41:13.413923Z
EM002317,FR000107,FIR,Section,PERSON,0.78,644,651,drishyam-ner-v1,,2026-09-07T05:41:13.413925Z
EM002318,FR000107,FIR,Section,PERSON,0.78,663,670,drishyam-ner-v1,,2026-09-07T05:41:13.413927Z
EM002319,FR000107,FIR,Section 120B IPC,LEGAL_SECTION,0.85,663,679,drishyam-ner-v1,,2026-09-07T05:41:13.413929Z
EM002320,FR000108,FIR,06/10/2025,DATE,0.8,3,13,drishyam-ner-v1,,2026-09-07T05:41:13.415002Z
EM002321,FR000108,FIR,Nakul Chokshi,PERSON,0.78,46,59,drishyam-ner-v1,P000572,2026-09-07T05:41:13.415006Z
EM002322,FR000108,FIR,Peelamedu Harbour Gate,PERSON,0.78,75,97,drishyam-ner-v1,,2026-09-07T05:41:13.415008Z
EM002323,FR000108,FIR,Vellore,PERSON,0.78,99,106,drishyam-ner-v1,,2026-09-07T05:41:13.415011Z
EM002324,FR000108,FIR,Ira Bhatnagar,PERSON,0.78,111,124,drishyam-ner-v1,P000143,2026-09-07T05:41:13.415013Z
EM002325,FR000108,FIR,Silk,PERSON,0.78,132,136,drishyam-ner-v1,,2026-09-07T05:41:13.415015Z
EM002326,FR000108,FIR,Ira Bhatnagar,PERSON,0.78,142,155,drishyam-ner-v1,P000143,2026-09-07T05:41:13.415017Z
EM002327,FR000108,FIR,Black Lotus Network,GANG,0.82,172,191,drishyam-ner-v1,ORG000009,2026-09-07T05:41:13.415019Z
EM002328,FR000108,FIR,Ira Bhatnagar,PERSON,0.78,270,283,drishyam-ner-v1,P000143,2026-09-07T05:41:13.415022Z
EM002329,FR000108,FIR,6443834177,PHONE,0.97,317,327,drishyam-ner-v1,PH000182,2026-09-07T05:41:13.415024Z
EM002330,FR000108,FIR,TN31 XX 2170,VEHICLE,0.9,365,377,drishyam-ner-v1,VH000097,2026-09-07T05:41:13.415026Z
EM002331,FR000108,FIR,17-Oct-2025,DATE,0.8,391,402,drishyam-ner-v1,,2026-09-07T05:41:13.415028Z
EM002332,FR000108,FIR,Oct,PERSON,0.78,394,397,drishyam-ner-v1,,2026-09-07T05:41:13.415030Z
EM002333,FR000108,FIR,Number,PERSON,0.78,408,414,drishyam-ner-v1,,2026-09-07T05:41:13.415032Z
EM002334,FR000108,FIR,FIR-2025-0106,FIR_NUMBER,0.95,415,428,drishyam-ner-v1,,2026-09-07T05:41:13.415034Z
EM002335,FR000108,FIR,Case Number,LOCATION,0.7,435,446,drishyam-ner-v1,,2026-09-07T05:41:13.415037Z
EM002336,FR000108,FIR,CASE-0089,CASE_NUMBER,0.95,447,456,drishyam-ner-v1,,2026-09-07T05:41:13.415039Z
EM002337,FR000108,FIR,Section,PERSON,0.78,473,480,drishyam-ner-v1,,2026-09-07T05:41:13.415041Z
EM002338,FR000108,FIR,Section 506,LEGAL_SECTION,0.85,473,484,drishyam-ner-v1,,2026-09-07T05:41:13.415043Z
EM002339,FR000108,FIR,Investigation,LOCATION,0.7,504,517,drishyam-ner-v1,,2026-09-07T05:41:13.415045Z
EM002340,FR000109,FIR,Complainant Harsh Dhar,PERSON,0.78,0,22,drishyam-ner-v1,,2026-09-07T05:41:13.416830Z
EM002341,FR000109,FIR,Thanjavur,PERSON,0.78,36,45,drishyam-ner-v1,,2026-09-07T05:41:13.416835Z
EM002342,FR000109,FIR,Section,PERSON,0.78,60,67,drishyam-ner-v1,,2026-09-07T05:41:13.416839Z
EM002343,FR000109,FIR,Section 154 CrPC,LEGAL_SECTION,0.85,60,76,drishyam-ner-v1,,2026-09-07T05:41:13.416842Z
EM002344,FR000109,FIR,09-Jan-2024,DATE,0.8,90,101,drishyam-ner-v1,,2026-09-07T05:41:13.416846Z
EM002345,FR000109,FIR,Jan,PERSON,0.78,93,96,drishyam-ner-v1,,2026-09-07T05:41:13.416851Z
EM002346,FR000109,FIR,12-Jan-2024,DATE,0.8,106,117,drishyam-ner-v1,,2026-09-07T05:41:13.416855Z
EM002347,FR000109,FIR,Jan,PERSON,0.78,109,112,drishyam-ner-v1,,2026-09-07T05:41:13.416859Z
EM002348,FR000109,FIR,Omisha Srivastava,PERSON,0.78,119,136,drishyam-ner-v1,P000134,2026-09-07T05:41:13.416863Z
EM002349,FR000109,FIR,Silk,PERSON,0.78,144,148,drishyam-ner-v1,,2026-09-07T05:41:13.416867Z
EM002350,FR000109,FIR,Chavvi Dey,PERSON,0.78,154,164,drishyam-ner-v1,P000095,2026-09-07T05:41:13.416871Z
EM002351,FR000109,FIR,Crimson Tide Group,GANG,0.82,177,195,drishyam-ner-v1,ORG000008,2026-09-07T05:41:13.416874Z
EM002352,FR000109,FIR,A/C XXXX7764,BANK_ACCOUNT,0.85,224,236,drishyam-ner-v1,AC000111,2026-09-07T05:41:13.416878Z
EM002353,FR000109,FIR,01/01/2024,DATE,0.8,292,302,drishyam-ner-v1,,2026-09-07T05:41:13.416882Z
EM002354,FR000109,FIR,A/C XXXX7764,BANK_ACCOUNT,0.85,350,362,drishyam-ner-v1,AC000111,2026-09-07T05:41:13.416887Z
EM002355,FR000109,FIR,Suspects,PERSON,0.78,382,390,drishyam-ner-v1,,2026-09-07T05:41:13.416891Z
EM002356,FR000109,FIR,9089060939,PHONE,0.97,402,412,drishyam-ner-v1,PH000171,2026-09-07T05:41:13.416895Z
EM002357,FR000109,FIR,Omisha Srivastava,PERSON,0.78,456,473,drishyam-ner-v1,P000134,2026-09-07T05:41:13.416899Z
EM002358,FR000109,FIR,Mettupalayam Wholesale Market,PERSON,0.78,493,522,drishyam-ner-v1,,2026-09-07T05:41:13.416903Z
EM002359,FR000109,FIR,TN27 KY 3209,VEHICLE,0.9,557,569,drishyam-ner-v1,,2026-09-07T05:41:13.416907Z
EM002360,FR000109,FIR,Number,PERSON,0.78,575,581,drishyam-ner-v1,,2026-09-07T05:41:13.416911Z
EM002361,FR000109,FIR,FIR-2024-0107,FIR_NUMBER,0.95,582,595,drishyam-ner-v1,,2026-09-07T05:41:13.416914Z
EM002362,FR000109,FIR,Case Number,LOCATION,0.7,613,624,drishyam-ner-v1,,2026-09-07T05:41:13.416918Z
EM002363,FR000109,FIR,CASE-0090,CASE_NUMBER,0.95,625,634,drishyam-ner-v1,,2026-09-07T05:41:13.416922Z
EM002364,FR000109,FIR,Section,PERSON,0.78,654,661,drishyam-ner-v1,,2026-09-07T05:41:13.416927Z
EM002365,FR000109,FIR,Section 120B IPC,LEGAL_SECTION,0.85,654,670,drishyam-ner-v1,,2026-09-07T05:41:13.416931Z
EM002366,FR000109,FIR,Section,PERSON,0.78,675,682,drishyam-ner-v1,,2026-09-07T05:41:13.416935Z
EM002367,FR000109,FIR,Section 120B IPC,LEGAL_SECTION,0.85,675,691,drishyam-ner-v1,,2026-09-07T05:41:13.416939Z
EM002368,FR000110,FIR,Complainant Bhavika Dalal,PERSON,0.78,0,25,drishyam-ner-v1,,2026-09-07T05:41:13.418932Z
EM002369,FR000110,FIR,Central Market Junction,LOCATION,0.7,38,61,drishyam-ner-v1,LOC000061,2026-09-07T05:41:13.418937Z
EM002370,FR000110,FIR,Chengalpattu,PERSON,0.78,80,92,drishyam-ner-v1,,2026-09-07T05:41:13.418941Z
EM002371,FR000110,FIR,04-Oct-2024,DATE,0.8,96,107,drishyam-ner-v1,,2026-09-07T05:41:13.418945Z
EM002372,FR000110,FIR,Oct,PERSON,0.78,99,102,drishyam-ner-v1,,2026-09-07T05:41:13.418949Z
EM002373,FR000110,FIR,Ravi Kumar,PERSON,0.78,113,123,drishyam-ner-v1,P000625,2026-09-07T05:41:13.418953Z
EM002374,FR000110,FIR,Rocky,PERSON,0.78,131,136,drishyam-ner-v1,,2026-09-07T05:41:13.418957Z
EM002375,FR000110,FIR,Suresh Pillai,PERSON,0.78,142,155,drishyam-ner-v1,P000627,2026-09-07T05:41:13.418961Z
EM002376,FR000110,FIR,27/09/2024,DATE,0.8,264,274,drishyam-ner-v1,,2026-09-07T05:41:13.418965Z
EM002377,FR000110,FIR,Ravi Kumar,PERSON,0.78,276,286,drishyam-ner-v1,P000625,2026-09-07T05:41:13.418969Z
EM002378,FR000110,FIR,8994262801,PHONE,0.97,323,333,drishyam-ner-v1,PH000393,2026-09-07T05:41:13.418973Z
EM002379,FR000110,FIR,The,LOCATION,0.7,379,382,drishyam-ner-v1,,2026-09-07T05:41:13.418977Z
EM002380,FR000110,FIR,TN38 VZ 5257,VEHICLE,0.9,440,452,drishyam-ner-v1,,2026-09-07T05:41:13.418981Z
EM002381,FR000110,FIR,Number,PERSON,0.78,458,464,drishyam-ner-v1,,2026-09-07T05:41:13.418986Z
EM002382,FR000110,FIR,FIR-2024-0108,FIR_NUMBER,0.95,465,478,drishyam-ner-v1,,2026-09-07T05:41:13.418990Z
EM002383,FR000110,FIR,Case Number,LOCATION,0.7,496,507,drishyam-ner-v1,,2026-09-07T05:41:13.418994Z
EM002384,FR000110,FIR,CASE-9091,CASE_NUMBER,0.95,508,517,drishyam-ner-v1,,2026-09-07T05:41:13.418998Z
EM002385,FR000110,FIR,Investigating,PERSON,0.78,583,596,drishyam-ner-v1,,2026-09-07T05:41:13.419002Z
EM002386,FR000001,FIR,Complainant,PERSON,0.78,0,11,drishyam-ner-v1,,2026-09-07T05:41:13.420569Z
EM002387,FR000001,FIR,Ravi Kumar,PERSON,0.78,24,34,drishyam-ner-v1,P000625,2026-09-07T05:41:13.420577Z
EM002388,FR000001,FIR,Kumar,PERSON,0.93,29,34,drishyam-ner-v1,,2026-09-07T05:41:13.420581Z
EM002389,FR000001,FIR,Rocky,ALIAS,0.9,41,46,drishyam-ner-v1,P000625,2026-09-07T05:41:13.420586Z
EM002390,FR000001,FIR,Arjun Nair,PERSON,0.78,51,61,drishyam-ner-v1,P000626,2026-09-07T05:41:13.420590Z
EM002391,FR000001,FIR,Central Market Junction,LOCATION,0.7,67,90,drishyam-ner-v1,LOC000061,2026-09-07T05:41:13.420594Z
EM002392,FR000001,FIR,Both,PERSON,0.78,123,127,drishyam-ner-v1,,2026-09-07T05:41:13.420598Z
EM002393,FR000001,FIR,9876543210,PHONE,0.97,160,170,drishyam-ner-v1,PH000434,2026-09-07T05:41:13.420602Z
EM002394,FR000001,FIR,Number,PERSON,0.78,176,182,drishyam-ner-v1,,2026-09-07T05:41:13.420606Z
EM002395,FR000001,FIR,FIR-2026-9142,FIR_NUMBER,0.95,183,196,drishyam-ner-v1,,2026-09-07T05:41:13.420610Z
EM002396,FR000001,FIR,Case Number,LOCATION,0.7,203,214,drishyam-ner-v1,,2026-09-07T05:41:13.420614Z
EM002397,FR000001,FIR,CASE-9091,CASE_NUMBER,0.95,215,224,drishyam-ner-v1,,2026-09-07T05:41:13.420617Z
EM002398,FR000002,FIR,Follow,PERSON,0.78,0,6,drishyam-ner-v1,,2026-09-07T05:41:13.421987Z
EM002399,FR000002,FIR,A/C XXXX7788,BANK_ACCOUNT,0.85,39,51,drishyam-ner-v1,AC000392,2026-09-07T05:41:13.421992Z
EM002400,FR000002,FIR,Cobra Syndicate,PERSON,0.78,59,74,drishyam-ner-v1,,2026-09-07T05:41:13.421996Z
EM002401,FR000002,FIR,Suresh Pillai,PERSON,0.78,76,89,drishyam-ner-v1,P000627,2026-09-07T05:41:13.422000Z
EM002402,FR000002,FIR,KA01AB1234,VEHICLE,0.9,116,126,drishyam-ner-v1,VH000235,2026-09-07T05:41:13.422004Z
EM002403,FR000002,FIR,Central Market Junction,LOCATION,0.7,130,153,drishyam-ner-v1,LOC000061,2026-09-07T05:41:13.422008Z
EM002404,FR000002,FIR,Number,PERSON,0.78,159,165,drishyam-ner-v1,,2026-09-07T05:41:13.422012Z
EM002405,FR000002,FIR,FIR-2026-9201,FIR_NUMBER,0.95,166,179,drishyam-ner-v1,,2026-09-07T05:41:13.422017Z
EM002406,FR000002,FIR,Case Number,LOCATION,0.7,186,197,drishyam-ner-v1,,2026-09-07T05:41:13.422021Z
EM002407,FR000002,FIR,CASE-9091,CASE_NUMBER,0.95,198,207,drishyam-ner-v1,,2026-09-07T05:41:13.422025Z
