id,entity_id,degree_centrality,betweenness_centrality,pagerank,computed_at
NA000001,P000359,0.0038,0.0023,0.0007,2026-09-07T05:41:17.438115Z
NA000002,PH000001,0.0011,0,0.0002,2026-09-07T05:41:17.438135Z
NA000003,P000001,0.022,0.017,0.0047,2026-09-07T05:41:17.438145Z
NA000004,VH000001,0.0011,0,0.0002,2026-09-07T05:41:17.438155Z
NA000005,P000005,0.0097,0.0055,0.0017,2026-09-07T05:41:17.438164Z
NA000006,AC000001,0.0016,0.0005,0.0003,2026-09-07T05:41:17.438173Z
NA000007,ORG000001,0.0156,0.017,0.0023,2026-09-07T05:41:17.438182Z
NA000008,P000286,0.0043,0.0016,0.0007,2026-09-07T05:41:17.438191Z
NA000009,PH000026,0.0011,0.0001,0.0002,2026-09-07T05:41:17.438199Z
NA000010,P000019,0.0225,0.0209,0.005,2026-09-07T05:41:17.438213Z
NA000011,VH000012,0.0011,0.0002,0.0002,2026-09-07T05:41:17.438221Z
NA000012,P000025,0.0097,0.0098,0.0018,2026-09-07T05:41:17.438229Z
NA000013,ORG000002,0.0145,0.0126,0.002,2026-09-07T05:41:17.438236Z
NA000014,P000244,0.0048,0.0029,0.0009,2026-09-07T05:41:17.438244Z
NA000015,PH000042,0.0011,0.0001,0.0002,2026-09-07T05:41:17.438252Z
NA000016,P000032,0.0166,0.0098,0.0041,2026-09-07T05:41:17.438261Z
NA000017,VH000022,0.0011,0,0.0002,2026-09-07T05:41:17.438269Z
NA000018,P000042,0.0081,0.0024,0.0015,2026-09-07T05:41:17.438278Z
NA000019,AC000038,0.0011,0,0.0002,2026-09-07T05:41:17.438285Z
NA000020,ORG000003,0.0107,0.0062,0.0015,2026-09-07T05:41:17.438293Z
NA000021,P000383,0.0043,0.0025,0.0008,2026-09-07T05:41:17.438301Z
NA000022,PH000057,0.0011,0.0001,0.0002,2026-09-07T05:41:17.438309Z
NA000023,P000044,0.0268,0.0271,0.006,2026-09-07T05:41:17.438318Z
NA000024,VH000031,0.0011,0.0001,0.0002,2026-09-07T05:41:17.438326Z
NA000025,P000062,0.0118,0.0057,0.002,2026-09-07T05:41:17.438333Z
NA000026,ORG000004,0.0199,0.0158,0.0027,2026-09-07T05:41:17.438342Z
NA000027,P000428,0.0054,0.0019,0.001,2026-09-07T05:41:17.438350Z
NA000028,PH000090,0.0011,0,0.0002,2026-09-07T05:41:17.438357Z
NA000029,P000071,0.0252,0.0225,0.0047,2026-09-07T05:41:17.438367Z
NA000030,VH000048,0.0011,0,0.0002,2026-09-07T05:41:17.438375Z
NA000031,P000083,0.0107,0.0089,0.0016,2026-09-07T05:41:17.438383Z
NA000032,AC000083,0.0016,0.0011,0.0003,2026-09-07T05:41:17.438390Z
NA000033,ORG000005,0.0209,0.0148,0.0028,2026-09-07T05:41:17.438398Z
NA000034,P000443,0.0043,0.0022,0.0009,2026-09-07T05:41:17.438406Z
NA000035,PH000124,0.0011,0.0001,0.0002,2026-09-07T05:41:17.438414Z
NA000036,P000096,0.0199,0.0159,0.0043,2026-09-07T05:41:17.438423Z
NA000037,VH000064,0.0011,0.0002,0.0002,2026-09-07T05:41:17.438449Z
NA000038,P000107,0.007,0.0073,0.0014,2026-09-07T05:41:17.438464Z
NA000039,ORG000006,0.0134,0.0072,0.002,2026-09-07T05:41:17.438472Z
NA000040,P000256,0.0043,0.002,0.0007,2026-09-07T05:41:17.438513Z
NA000041,PH000139,0.0011,0,0.0002,2026-09-07T05:41:17.438566Z
NA000042,P000109,0.0177,0.0111,0.0046,2026-09-07T05:41:17.438581Z
NA000043,VH000074,0.0011,0,0.0002,2026-09-07T05:41:17.438589Z
NA000044,P000110,0.0102,0.0059,0.0018,2026-09-07T05:41:17.438597Z
NA000045,AC000129,0.0021,0.0015,0.0004,2026-09-07T05:41:17.438605Z
NA000046,ORG000007,0.0129,0.009,0.0019,2026-09-07T05:41:17.438613Z
NA000047,P000246,0.0021,0.0002,0.0004,2026-09-07T05:41:17.438621Z
NA000048,PH000152,0.0011,0,0.0002,2026-09-07T05:41:17.438630Z
NA000049,P000120,0.0183,0.0083,0.0039,2026-09-07T05:41:17.438638Z
NA000050,VH000082,0.0011,0,0.0002,2026-09-07T05:41:17.438647Z
NA000051,P000129,0.0075,0.0035,0.0014,2026-09-07T05:41:17.438656Z
NA000052,ORG000008,0.0177,0.014,0.0026,2026-09-07T05:41:17.438664Z
NA000053,P000331,0.0059,0.0033,0.001,2026-09-07T05:41:17.438690Z
NA000054,PH000176,0.0011,0.0001,0.0002,2026-09-07T05:41:17.438700Z
NA000055,P000138,0.0193,0.0114,0.0048,2026-09-07T05:41:17.438709Z
NA000056,VH000092,0.0011,0,0.0002,2026-09-07T05:41:17.438717Z
NA000057,P000153,0.0091,0.0031,0.0018,2026-09-07T05:41:17.438726Z
NA000058,AC000166,0.0016,0.0012,0.0003,2026-09-07T05:41:17.438734Z
NA000059,ORG000009,0.0183,0.0136,0.0024,2026-09-07T05:41:17.438743Z
NA000060,P000398,0.0027,0.0005,0.0004,2026-09-07T05:41:17.438752Z
NA000061,PH000194,0.0011,0,0.0002,2026-09-07T05:41:17.438761Z
NA000062,P000154,0.0204,0.0117,0.0045,2026-09-07T05:41:17.438770Z
NA000063,VH000105,0.0011,0,0.0002,2026-09-07T05:41:17.438779Z
NA000064,P000162,0.0086,0.0091,0.0015,2026-09-07T05:41:17.438787Z
NA000065,ORG000010,0.0177,0.0127,0.0025,2026-09-07T05:41:17.438796Z
NA000066,P000227,0.0043,0.0016,0.0007,2026-09-07T05:41:17.438805Z
NA000067,PH000212,0.0011,0.0002,0.0002,2026-09-07T05:41:17.438813Z
NA000068,P000169,0.0268,0.027,0.005,2026-09-07T05:41:17.438822Z
NA000069,VH000114,0.0011,0,0.0002,2026-09-07T05:41:17.438830Z
NA000070,P000179,0.0102,0.0109,0.0017,2026-09-07T05:41:17.438837Z
NA000071,AC000203,0.0021,0.003,0.0004,2026-09-07T05:41:17.438846Z
NA000072,ORG000011,0.0225,0.0239,0.0033,2026-09-07T05:41:17.438855Z
NA000073,P000441,0.0113,0.0097,0.0016,2026-09-07T05:41:17.438864Z
NA000074,PH000244,0.0011,0,0.0002,2026-09-07T05:41:17.438872Z
NA000075,P000197,0.0188,0.0115,0.0047,2026-09-07T05:41:17.438880Z
NA000076,VH000132,0.0011,0.0001,0.0002,2026-09-07T05:41:17.438887Z
NA000077,P000201,0.0081,0.0038,0.0017,2026-09-07T05:41:17.438895Z
NA000078,ORG000012,0.0118,0.007,0.0018,2026-09-07T05:41:17.438904Z
NA000079,P000625,0.014,0.0107,0.0021,2026-09-07T05:41:17.438913Z
NA000080,PH000434,0.0011,0,0.0002,2026-09-07T05:41:17.438920Z
NA000081,P000626,0.0043,0.0026,0.0007,2026-09-07T05:41:17.438928Z
NA000082,VH000235,0.0011,0,0.0002,2026-09-07T05:41:17.438936Z
NA000083,P000627,0.0027,0.0004,0.0005,2026-09-07T05:41:17.438943Z
NA000084,AC000392,0.0021,0.0017,0.0004,2026-09-07T05:41:17.438951Z
NA000085,CS000091,0.0016,0,0.0004,2026-09-07T05:41:17.438959Z
NA000086,P000387,0.0043,0.0021,0.0007,2026-09-07T05:41:17.438967Z
NA000087,P000048,0.0097,0.0057,0.0018,2026-09-07T05:41:17.438976Z
NA000088,P000182,0.0102,0.0079,0.0016,2026-09-07T05:41:17.438984Z
NA000089,P000207,0.0032,0.001,0.0005,2026-09-07T05:41:17.438993Z
NA000090,P000371,0.0032,0.0017,0.0006,2026-09-07T05:41:17.439001Z
NA000091,P000316,0.0032,0.0026,0.0006,2026-09-07T05:41:17.439009Z
NA000092,P000355,0.0043,0.0016,0.0007,2026-09-07T05:41:17.439017Z
NA000093,P000394,0.0038,0.0009,0.0007,2026-09-07T05:41:17.439026Z
NA000094,P000252,0.0032,0.0013,0.0006,2026-09-07T05:41:17.439035Z
NA000095,P000317,0.0043,0.0014,0.0007,2026-09-07T05:41:17.439043Z
NA000096,P000377,0.0059,0.0055,0.0008,2026-09-07T05:41:17.439051Z
NA000097,P000063,0.0113,0.0069,0.0018,2026-09-07T05:41:17.439060Z
NA000098,P000058,0.0075,0.0093,0.0013,2026-09-07T05:41:17.439068Z
NA000099,P000402,0.0064,0.004,0.0011,2026-09-07T05:41:17.439076Z
NA000100,P000167,0.0075,0.0038,0.0013,2026-09-07T05:41:17.439085Z
NA000101,P000118,0.0097,0.0033,0.002,2026-09-07T05:41:17.439093Z
NA000102,P000146,0.0107,0.0043,0.0017,2026-09-07T05:41:17.439102Z
NA000103,P000338,0.0048,0.003,0.0008,2026-09-07T05:41:17.439110Z
NA000104,P000429,0.0038,0.0011,0.0006,2026-09-07T05:41:17.439119Z
NA000105,PH000002,0.0005,0,0.0001,2026-09-07T05:41:17.439127Z
NA000106,P000002,0.0091,0.0204,0.0016,2026-09-07T05:41:17.439135Z
NA000107,PH000003,0.0005,0,0.0002,2026-09-07T05:41:17.439143Z
NA000108,PH000004,0.0005,0,0.0002,2026-09-07T05:41:17.439152Z
NA000109,P000003,0.0075,0.0108,0.0013,2026-09-07T05:41:17.439159Z
NA000110,PH000005,0.0005,0,0.0002,2026-09-07T05:41:17.439168Z
NA000111,PH000006,0.0005,0,0.0002,2026-09-07T05:41:17.439176Z
NA000112,P000004,0.0166,0.0115,0.0032,2026-09-07T05:41:17.439185Z
NA000113,PH000007,0.0005,0,0.0001,2026-09-07T05:41:17.439193Z
NA000114,PH000008,0.0005,0,0.0001,2026-09-07T05:41:17.439201Z
NA000115,P000006,0.0172,0.0166,0.0029,2026-09-07T05:41:17.439210Z
NA000116,PH000009,0.0005,0,0.0001,2026-09-07T05:41:17.439218Z
NA000117,P000007,0.007,0.0063,0.0011,2026-09-07T05:41:17.439227Z
NA000118,PH000010,0.0005,0,0.0002,2026-09-07T05:41:17.439234Z
NA000119,P000008,0.0086,0.004,0.0015,2026-09-07T05:41:17.439242Z
NA000120,PH000011,0.0005,0,0.0002,2026-09-07T05:41:17.439251Z
NA000121,PH000012,0.0005,0,0.0002,2026-09-07T05:41:17.439275Z
NA000122,P000009,0.0064,0.0024,0.0012,2026-09-07T05:41:17.439283Z
NA000123,PH000013,0.0005,0,0.0002,2026-09-07T05:41:17.439292Z
NA000124,P000010,0.0059,0.0031,0.0012,2026-09-07T05:41:17.439301Z
NA000125,PH000014,0.0005,0,0.0002,2026-09-07T05:41:17.439309Z
NA000126,PH000015,0.0005,0,0.0002,2026-09-07T05:41:17.439318Z
NA000127,P000011,0.0086,0.0086,0.0016,2026-09-07T05:41:17.439327Z
NA000128,PH000016,0.0005,0,0.0002,2026-09-07T05:41:17.439335Z
NA000129,PH000017,0.0005,0,0.0002,2026-09-07T05:41:17.439343Z
NA000130,P000012,0.0081,0.0044,0.0013,2026-09-07T05:41:17.439353Z
NA000131,PH000018,0.0005,0,0.0001,2026-09-07T05:41:17.439361Z
NA000132,P000013,0.007,0.0056,0.0013,2026-09-07T05:41:17.439369Z
NA000133,PH000019,0.0005,0,0.0001,2026-09-07T05:41:17.439378Z
NA000134,P000014,0.0075,0.0031,0.0015,2026-09-07T05:41:17.439387Z
NA000135,PH000020,0.0005,0,0.0002,2026-09-07T05:41:17.439395Z
NA000136,P000015,0.0075,0.0042,0.0012,2026-09-07T05:41:17.439404Z
NA000137,PH000021,0.0005,0,0.0001,2026-09-07T05:41:17.439412Z
NA000138,P000016,0.0064,0.0031,0.0012,2026-09-07T05:41:17.439421Z
NA000139,PH000022,0.0005,0,0.0001,2026-09-07T05:41:17.439429Z
NA000140,P000017,0.0064,0.0026,0.0011,2026-09-07T05:41:17.439437Z
NA000141,PH000023,0.0005,0,0.0002,2026-09-07T05:41:17.439446Z
NA000142,P000018,0.0086,0.0144,0.0015,2026-09-07T05:41:17.439455Z
NA000143,PH000024,0.0005,0,0.0002,2026-09-07T05:41:17.439463Z
NA000144,PH000025,0.0005,0,0.0002,2026-09-07T05:41:17.439471Z
NA000145,PH000027,0.0005,0,0.0001,2026-09-07T05:41:17.439480Z
NA000146,P000020,0.0097,0.0128,0.0016,2026-09-07T05:41:17.439488Z
NA000147,PH000028,0.0005,0,0.0001,2026-09-07T05:41:17.439497Z
NA000148,P000021,0.0081,0.0038,0.0014,2026-09-07T05:41:17.439505Z
NA000149,PH000029,0.0005,0,0.0002,2026-09-07T05:41:17.439514Z
NA000150,P000022,0.015,0.0205,0.0026,2026-09-07T05:41:17.439523Z
NA000151,PH000030,0.0005,0,0.0001,2026-09-07T05:41:17.439531Z
NA000152,P000023,0.0166,0.0131,0.0028,2026-09-07T05:41:17.439539Z
NA000153,PH000031,0.0005,0,0.0001,2026-09-07T05:41:17.439547Z
NA000154,P000024,0.0156,0.0116,0.003,2026-09-07T05:41:17.439554Z
NA000155,PH000032,0.0005,0,0.0001,2026-09-07T05:41:17.439561Z
NA000156,PH000033,0.0005,0,0.0001,2026-09-07T05:41:17.439569Z
NA000157,P000026,0.0075,0.0025,0.0015,2026-09-07T05:41:17.439577Z
NA000158,PH000034,0.0005,0,0.0001,2026-09-07T05:41:17.439584Z
NA000159,PH000035,0.0005,0,0.0001,2026-09-07T05:41:17.439592Z
NA000160,P000027,0.0097,0.0076,0.0017,2026-09-07T05:41:17.439600Z
NA000161,PH000036,0.0005,0,0.0001,2026-09-07T05:41:17.439607Z
NA000162,P000028,0.0097,0.0037,0.0019,2026-09-07T05:41:17.439615Z
NA000163,PH000037,0.0005,0,0.0001,2026-09-07T05:41:17.439622Z
NA000164,P000029,0.0102,0.0045,0.0018,2026-09-07T05:41:17.439630Z
NA000165,PH000038,0.0005,0,0.0001,2026-09-07T05:41:17.439638Z
NA000166,PH000039,0.0005,0,0.0001,2026-09-07T05:41:17.439646Z
NA000167,P000030,0.007,0.0029,0.0014,2026-09-07T05:41:17.439655Z
NA000168,PH000040,0.0005,0,0.0001,2026-09-07T05:41:17.439663Z
NA000169,P000031,0.0086,0.0031,0.0015,2026-09-07T05:41:17.439672Z
NA000170,PH000041,0.0005,0,0.0001,2026-09-07T05:41:17.439681Z
NA000171,PH000043,0.0005,0,0.0001,2026-09-07T05:41:17.439689Z
NA000172,P000033,0.0064,0.0029,0.0012,2026-09-07T05:41:17.439698Z
NA000173,PH000044,0.0005,0,0.0002,2026-09-07T05:41:17.439706Z
NA000174,PH000045,0.0005,0,0.0002,2026-09-07T05:41:17.439715Z
NA000175,P000034,0.0086,0.0121,0.0017,2026-09-07T05:41:17.439724Z
NA000176,PH000046,0.0005,0,0.0002,2026-09-07T05:41:17.439732Z
NA000177,P000035,0.015,0.0103,0.0033,2026-09-07T05:41:17.439741Z
NA000178,PH000047,0.0005,0,0.0001,2026-09-07T05:41:17.439750Z
NA000179,PH000048,0.0005,0,0.0001,2026-09-07T05:41:17.439758Z
NA000180,P000036,0.0118,0.0068,0.0027,2026-09-07T05:41:17.439766Z
NA000181,PH000049,0.0005,0,0.0001,2026-09-07T05:41:17.439775Z
NA000182,P000037,0.0075,0.0034,0.0016,2026-09-07T05:41:17.439784Z
NA000183,PH000050,0.0005,0,0.0001,2026-09-07T05:41:17.439792Z
NA000184,P000038,0.0081,0.0033,0.0016,2026-09-07T05:41:17.439799Z
NA000185,PH000051,0.0005,0,0.0001,2026-09-07T05:41:17.439807Z
NA000186,P000039,0.0075,0.0037,0.0014,2026-09-07T05:41:17.439815Z
NA000187,PH000052,0.0005,0,0.0001,2026-09-07T05:41:17.439824Z
NA000188,P000040,0.0097,0.0043,0.0017,2026-09-07T05:41:17.439833Z
NA000189,PH000053,0.0005,0,0.0001,2026-09-07T05:41:17.439841Z
NA000190,P000041,0.0086,0.0031,0.0018,2026-09-07T05:41:17.439850Z
NA000191,PH000054,0.0005,0,0.0001,2026-09-07T05:41:17.439858Z
NA000192,PH000055,0.0005,0,0.0001,2026-09-07T05:41:17.439867Z
NA000193,P000043,0.0075,0.0056,0.0014,2026-09-07T05:41:17.439876Z
NA000194,PH000056,0.0005,0,0.0001,2026-09-07T05:41:17.439885Z
NA000195,PH000058,0.0005,0,0.0001,2026-09-07T05:41:17.439893Z
NA000196,P000045,0.0075,0.0022,0.0013,2026-09-07T05:41:17.439902Z
NA000197,PH000059,0.0005,0,0.0001,2026-09-07T05:41:17.439910Z
NA000198,P000046,0.0166,0.0151,0.0027,2026-09-07T05:41:17.439919Z
NA000199,PH000060,0.0005,0,0.0001,2026-09-07T05:41:17.439927Z
NA000200,P000047,0.0183,0.0115,0.0028,2026-09-07T05:41:17.439936Z
NA000201,PH000061,0.0005,0,0.0001,2026-09-07T05:41:17.439945Z
NA000202,PH000062,0.0005,0,0.0001,2026-09-07T05:41:17.439953Z
NA000203,P000049,0.0086,0.0028,0.0015,2026-09-07T05:41:17.439962Z
NA000204,PH000063,0.0005,0,0.0001,2026-09-07T05:41:17.439970Z
NA000205,PH000064,0.0005,0,0.0001,2026-09-07T05:41:17.439979Z
NA000206,P000050,0.0081,0.0043,0.0014,2026-09-07T05:41:17.439987Z
NA000207,PH000065,0.0005,0,0.0002,2026-09-07T05:41:17.439996Z
NA000208,P000051,0.0166,0.0088,0.0029,2026-09-07T05:41:17.440005Z
NA000209,PH000066,0.0005,0,0.0001,2026-09-07T05:41:17.440013Z
NA000210,P000052,0.0145,0.0051,0.0026,2026-09-07T05:41:17.440022Z
NA000211,PH000067,0.0005,0,0.0001,2026-09-07T05:41:17.440029Z
NA000212,P000053,0.0081,0.0045,0.0015,2026-09-07T05:41:17.440037Z
NA000213,PH000068,0.0005,0,0.0001,2026-09-07T05:41:17.440045Z
NA000214,P000054,0.0097,0.0048,0.0019,2026-09-07T05:41:17.440052Z
NA000215,PH000069,0.0005,0,0.0001,2026-09-07T05:41:17.440061Z
NA000216,PH000070,0.0005,0,0.0001,2026-09-07T05:41:17.440069Z
NA000217,P000055,0.0193,0.0187,0.0033,2026-09-07T05:41:17.440078Z
NA000218,PH000071,0.0005,0,0.0001,2026-09-07T05:41:17.440086Z
NA000219,P000056,0.0081,0.0035,0.0013,2026-09-07T05:41:17.440095Z
NA000220,PH000072,0.0005,0,0.0001,2026-09-07T05:41:17.440103Z
NA000221,P000057,0.0161,0.0089,0.0029,2026-09-07T05:41:17.440112Z
NA000222,PH000073,0.0005,0,0.0001,2026-09-07T05:41:17.440120Z
NA000223,PH000074,0.0005,0,0.0002,2026-09-07T05:41:17.440129Z
NA000224,P000059,0.0091,0.0089,0.0014,2026-09-07T05:41:17.440137Z
NA000225,PH000075,0.0005,0,0.0001,2026-09-07T05:41:17.440145Z
NA000226,P000060,0.0107,0.0047,0.0017,2026-09-07T05:41:17.440154Z
NA000227,PH000076,0.0005,0,0.0001,2026-09-07T05:41:17.440162Z
NA000228,P000061,0.0097,0.0049,0.0017,2026-09-07T05:41:17.440170Z
NA000229,PH000077,0.0005,0,0.0001,2026-09-07T05:41:17.440178Z
NA000230,PH000078,0.0005,0,0.0001,2026-09-07T05:41:17.440186Z
NA000231,PH000079,0.0005,0,0.0001,2026-09-07T05:41:17.440195Z
NA000232,PH000080,0.0005,0,0.0001,2026-09-07T05:41:17.440203Z
NA000233,PH000081,0.0005,0,0.0001,2026-09-07T05:41:17.440212Z
NA000234,P000064,0.0075,0.0042,0.0014,2026-09-07T05:41:17.440222Z
NA000235,PH000082,0.0005,0,0.0001,2026-09-07T05:41:17.440265Z
NA000236,P000065,0.007,0.0023,0.0012,2026-09-07T05:41:17.440284Z
NA000237,PH000083,0.0005,0,0.0001,2026-09-07T05:41:17.440292Z
NA000238,P000066,0.0081,0.0032,0.0013,2026-09-07T05:41:17.440339Z
NA000239,PH000084,0.0005,0,0.0001,2026-09-07T05:41:17.440348Z
NA000240,P000067,0.007,0.0029,0.0013,2026-09-07T05:41:17.440357Z
NA000241,PH000085,0.0005,0,0.0002,2026-09-07T05:41:17.440366Z
NA000242,PH000086,0.0005,0,0.0002,2026-09-07T05:41:17.440374Z
NA000243,P000068,0.0086,0.0024,0.0017,2026-09-07T05:41:17.440382Z
NA000244,PH000087,0.0005,0,0.0001,2026-09-07T05:41:17.440390Z
NA000245,P000069,0.0091,0.005,0.0015,2026-09-07T05:41:17.440399Z
NA000246,PH000088,0.0005,0,0.0002,2026-09-07T05:41:17.440407Z
NA000247,P000070,0.0075,0.0117,0.0013,2026-09-07T05:41:17.440415Z
NA000248,PH000089,0.0005,0,0.0001,2026-09-07T05:41:17.440424Z
NA000249,PH000091,0.0005,0,0.0001,2026-09-07T05:41:17.440432Z
NA000250,P000072,0.0081,0.0064,0.0012,2026-09-07T05:41:17.440440Z
NA000251,PH000092,0.0005,0,0.0002,2026-09-07T05:41:17.440448Z
NA000252,P000073,0.0236,0.0273,0.0037,2026-09-07T05:41:17.440457Z
NA000253,PH000093,0.0005,0,0.0001,2026-09-07T05:41:17.440464Z
NA000254,P000074,0.0156,0.0092,0.0027,2026-09-07T05:41:17.440473Z
NA000255,PH000094,0.0005,0,0.0001,2026-09-07T05:41:17.440481Z
NA000256,P000075,0.0161,0.0225,0.0026,2026-09-07T05:41:17.440489Z
NA000257,PH000095,0.0005,0,0.0001,2026-09-07T05:41:17.440499Z
NA000258,P000076,0.0091,0.0042,0.0017,2026-09-07T05:41:17.440507Z
NA000259,PH000096,0.0005,0,0.0001,2026-09-07T05:41:17.440521Z
NA000260,P000077,0.0097,0.0082,0.0014,2026-09-07T05:41:17.440530Z
NA000261,PH000097,0.0005,0,0.0001,2026-09-07T05:41:17.440539Z
NA000262,P000078,0.0199,0.0151,0.0035,2026-09-07T05:41:17.440547Z
NA000263,PH000098,0.0005,0,0.0001,2026-09-07T05:41:17.440555Z
NA000264,P000079,0.0172,0.0134,0.0033,2026-09-07T05:41:17.440564Z
NA000265,PH000099,0.0005,0,0.0001,2026-09-07T05:41:17.440572Z
NA000266,PH000100,0.0005,0,0.0001,2026-09-07T05:41:17.440580Z
NA000267,P000080,0.007,0.0083,0.0014,2026-09-07T05:41:17.440588Z
NA000268,PH000101,0.0005,0,0.0002,2026-09-07T05:41:17.440596Z
NA000269,PH000102,0.0005,0,0.0002,2026-09-07T05:41:17.440605Z
NA000270,P000081,0.0064,0.0022,0.0012,2026-09-07T05:41:17.440616Z
NA000271,PH000103,0.0005,0,0.0001,2026-09-07T05:41:17.440624Z
NA000272,P000082,0.0086,0.0034,0.0013,2026-09-07T05:41:17.440632Z
NA000273,PH000104,0.0005,0,0.0001,2026-09-07T05:41:17.440640Z
NA000274,PH000105,0.0005,0,0.0001,2026-09-07T05:41:17.440649Z
NA000275,P000084,0.0091,0.0039,0.0015,2026-09-07T05:41:17.440658Z
NA000276,PH000106,0.0005,0,0.0002,2026-09-07T05:41:17.440666Z
NA000277,PH000107,0.0005,0,0.0002,2026-09-07T05:41:17.440674Z
NA000278,P000085,0.0097,0.0048,0.0017,2026-09-07T05:41:17.440683Z
NA000279,PH000108,0.0005,0,0.0001,2026-09-07T05:41:17.440691Z
NA000280,PH000109,0.0005,0,0.0001,2026-09-07T05:41:17.440699Z
NA000281,P000086,0.0091,0.0066,0.0015,2026-09-07T05:41:17.440708Z
NA000282,PH000110,0.0005,0,0.0001,2026-09-07T05:41:17.440716Z
NA000283,PH000111,0.0005,0,0.0001,2026-09-07T05:41:17.440724Z
NA000284,P000087,0.0097,0.0033,0.0017,2026-09-07T05:41:17.440733Z
NA000285,PH000112,0.0005,0,0.0001,2026-09-07T05:41:17.440741Z
NA000286,P000088,0.0086,0.0046,0.0014,2026-09-07T05:41:17.440749Z
NA000287,PH000113,0.0005,0,0.0001,2026-09-07T05:41:17.440757Z
NA000288,P000089,0.0081,0.0047,0.0013,2026-09-07T05:41:17.440765Z
NA000289,PH000114,0.0005,0,0.0001,2026-09-07T05:41:17.440774Z
NA000290,P000090,0.0081,0.0031,0.0014,2026-09-07T05:41:17.440782Z
NA000291,PH000115,0.0005,0,0.0001,2026-09-07T05:41:17.440790Z
NA000292,PH000116,0.0005,0,0.0001,2026-09-07T05:41:17.440798Z
NA000293,P000091,0.0107,0.0072,0.0016,2026-09-07T05:41:17.440806Z
NA000294,PH000117,0.0005,0,0.0001,2026-09-07T05:41:17.440814Z
NA000295,PH000118,0.0005,0,0.0001,2026-09-07T05:41:17.440822Z
NA000296,P000092,0.0204,0.0302,0.003,2026-09-07T05:41:17.440831Z
NA000297,PH000119,0.0005,0,0.0001,2026-09-07T05:41:17.440839Z
NA000298,P000093,0.0081,0.0065,0.0014,2026-09-07T05:41:17.440847Z
NA000299,PH000120,0.0005,0,0.0001,2026-09-07T05:41:17.440856Z
NA000300,P000094,0.0064,0.0025,0.0012,2026-09-07T05:41:17.440864Z
NA000301,PH000121,0.0005,0,0.0001,2026-09-07T05:41:17.440872Z
NA000302,PH000122,0.0005,0,0.0001,2026-09-07T05:41:17.440880Z
NA000303,P000095,0.0113,0.0067,0.0018,2026-09-07T05:41:17.440888Z
NA000304,PH000123,0.0005,0,0.0001,2026-09-07T05:41:17.440896Z
NA000305,PH000125,0.0005,0,0.0001,2026-09-07T05:41:17.440905Z
NA000306,P000097,0.0156,0.0107,0.0029,2026-09-07T05:41:17.440913Z
NA000307,PH000126,0.0005,0,0.0001,2026-09-07T05:41:17.440921Z
NA000308,P000098,0.0086,0.0094,0.0016,2026-09-07T05:41:17.440930Z
NA000309,PH000127,0.0005,0,0.0002,2026-09-07T05:41:17.440938Z
NA000310,P000099,0.0081,0.0097,0.0017,2026-09-07T05:41:17.440947Z
NA000311,PH000128,0.0005,0,0.0001,2026-09-07T05:41:17.440955Z
NA000312,P000100,0.007,0.0033,0.0014,2026-09-07T05:41:17.440963Z
NA000313,PH000129,0.0005,0,0.0001,2026-09-07T05:41:17.440971Z
NA000314,PH000130,0.0005,0,0.0001,2026-09-07T05:41:17.440980Z
NA000315,P000101,0.0086,0.0053,0.0013,2026-09-07T05:41:17.440989Z
NA000316,PH000131,0.0005,0,0.0001,2026-09-07T05:41:17.440997Z
NA000317,P000102,0.007,0.0034,0.0012,2026-09-07T05:41:17.441005Z
NA000318,PH000132,0.0005,0,0.0002,2026-09-07T05:41:17.441013Z
NA000319,P000103,0.0064,0.0037,0.0011,2026-09-07T05:41:17.441021Z
NA000320,PH000133,0.0005,0,0.0001,2026-09-07T05:41:17.441029Z
NA000321,P000104,0.0086,0.0049,0.0015,2026-09-07T05:41:17.441038Z
NA000322,PH000134,0.0005,0,0.0001,2026-09-07T05:41:17.441046Z
NA000323,P000105,0.0156,0.0083,0.0029,2026-09-07T05:41:17.441055Z
NA000324,PH000135,0.0005,0,0.0001,2026-09-07T05:41:17.441063Z
NA000325,P000106,0.007,0.0021,0.0014,2026-09-07T05:41:17.441071Z
NA000326,PH000136,0.0005,0,0.0002,2026-09-07T05:41:17.441079Z
NA000327,PH000137,0.0005,0,0.0002,2026-09-07T05:41:17.441087Z
NA000328,P000108,0.0086,0.0039,0.0015,2026-09-07T05:41:17.441096Z
NA000329,PH000138,0.0005,0,0.0001,2026-09-07T05:41:17.441104Z
NA000330,PH000140,0.0005,0,0.0001,2026-09-07T05:41:17.441112Z
NA000331,PH000141,0.0005,0,0.0001,2026-09-07T05:41:17.441120Z
NA000332,P000111,0.0091,0.0077,0.0017,2026-09-07T05:41:17.441128Z
NA000333,PH000142,0.0005,0,0.0001,2026-09-07T05:41:17.441136Z
NA000334,P000112,0.0161,0.0094,0.0033,2026-09-07T05:41:17.441144Z
NA000335,PH000143,0.0005,0,0.0001,2026-09-07T05:41:17.441152Z
NA000336,P000113,0.0075,0.0027,0.0017,2026-09-07T05:41:17.441160Z
NA000337,PH000144,0.0005,0,0.0001,2026-09-07T05:41:17.441167Z
NA000338,PH000145,0.0005,0,0.0001,2026-09-07T05:41:17.441175Z
NA000339,P000114,0.0129,0.0068,0.0026,2026-09-07T05:41:17.441183Z
NA000340,PH000146,0.0005,0,0.0001,2026-09-07T05:41:17.441193Z
NA000341,P000115,0.0123,0.0058,0.0022,2026-09-07T05:41:17.441202Z
NA000342,PH000147,0.0005,0,0.0001,2026-09-07T05:41:17.441210Z
NA000343,P000116,0.0064,0.0083,0.0014,2026-09-07T05:41:17.441218Z
NA000344,PH000148,0.0005,0,0.0001,2026-09-07T05:41:17.441229Z
NA000345,P000117,0.0102,0.0115,0.0017,2026-09-07T05:41:17.441237Z
NA000346,PH000149,0.0005,0,0.0001,2026-09-07T05:41:17.441245Z
NA000347,PH000150,0.0005,0,0.0001,2026-09-07T05:41:17.441253Z
NA000348,P000119,0.0064,0.0022,0.0014,2026-09-07T05:41:17.441261Z
NA000349,PH000151,0.0005,0,0.0001,2026-09-07T05:41:17.441269Z
NA000350,PH000153,0.0005,0,0.0001,2026-09-07T05:41:17.441278Z
NA000351,P000121,0.0097,0.0087,0.0017,2026-09-07T05:41:17.441286Z
NA000352,PH000154,0.0005,0,0.0001,2026-09-07T05:41:17.441294Z
NA000353,P000122,0.0091,0.0067,0.0015,2026-09-07T05:41:17.441303Z
NA000354,PH000155,0.0005,0,0.0002,2026-09-07T05:41:17.441313Z
NA000355,P000123,0.0097,0.0098,0.0015,2026-09-07T05:41:17.441322Z
NA000356,PH000156,0.0005,0,0.0001,2026-09-07T05:41:17.441330Z
NA000357,PH000157,0.0005,0,0.0001,2026-09-07T05:41:17.441337Z
NA000358,P000124,0.0075,0.0039,0.0016,2026-09-07T05:41:17.441346Z
NA000359,PH000158,0.0005,0,0.0001,2026-09-07T05:41:17.441356Z
NA000360,P000125,0.0075,0.008,0.0016,2026-09-07T05:41:17.441364Z
NA000361,PH000159,0.0005,0,0.0001,2026-09-07T05:41:17.441373Z
NA000362,P000126,0.0048,0.0017,0.0008,2026-09-07T05:41:17.441382Z
NA000363,PH000160,0.0005,0,0.0002,2026-09-07T05:41:17.441389Z
NA000364,P000127,0.0097,0.0045,0.0015,2026-09-07T05:41:17.441397Z
NA000365,PH000161,0.0005,0,0.0001,2026-09-07T05:41:17.441405Z
NA000366,P000128,0.0193,0.0186,0.0034,2026-09-07T05:41:17.441413Z
NA000367,PH000162,0.0005,0,0.0001,2026-09-07T05:41:17.441421Z
NA000368,PH000163,0.0005,0,0.0001,2026-09-07T05:41:17.441429Z
NA000369,PH000164,0.0005,0,0.0002,2026-09-07T05:41:17.441439Z
NA000370,P000130,0.007,0.0023,0.0014,2026-09-07T05:41:17.441447Z
NA000371,PH000165,0.0005,0,0.0002,2026-09-07T05:41:17.441455Z
NA000372,P000131,0.0086,0.0032,0.0015,2026-09-07T05:41:17.441463Z
NA000373,PH000166,0.0005,0,0.0002,2026-09-07T05:41:17.441472Z
NA000374,PH000167,0.0005,0,0.0002,2026-09-07T05:41:17.441482Z
NA000375,P000132,0.0086,0.0136,0.0015,2026-09-07T05:41:17.441490Z
NA000376,PH000168,0.0005,0,0.0001,2026-09-07T05:41:17.441499Z
NA000377,P000133,0.0075,0.0082,0.0014,2026-09-07T05:41:17.441506Z
NA000378,PH000169,0.0005,0,0.0002,2026-09-07T05:41:17.441514Z
NA000379,PH000170,0.0005,0,0.0002,2026-09-07T05:41:17.441522Z
NA000380,P000134,0.0113,0.0055,0.0018,2026-09-07T05:41:17.441530Z
NA000381,PH000171,0.0005,0,0.0001,2026-09-07T05:41:17.441538Z
NA000382,PH000172,0.0005,0,0.0001,2026-09-07T05:41:17.441546Z
NA000383,P000135,0.0059,0.0071,0.001,2026-09-07T05:41:17.441554Z
NA000384,PH000173,0.0005,0,0.0002,2026-09-07T05:41:17.441562Z
NA000385,P000136,0.0091,0.0073,0.0015,2026-09-07T05:41:17.441570Z
NA000386,PH000174,0.0005,0,0.0002,2026-09-07T05:41:17.441577Z
NA000387,P000137,0.0059,0.005,0.001,2026-09-07T05:41:17.441586Z
NA000388,PH000175,0.0005,0,0.0002,2026-09-07T05:41:17.441593Z
NA000389,PH000177,0.0005,0,0.0001,2026-09-07T05:41:17.441602Z
NA000390,P000139,0.0161,0.0168,0.0033,2026-09-07T05:41:17.441610Z
NA000391,PH000178,0.0005,0,0.0001,2026-09-07T05:41:17.441618Z
NA000392,P000140,0.0172,0.0105,0.0032,2026-09-07T05:41:17.441626Z
NA000393,PH000179,0.0005,0,0.0001,2026-09-07T05:41:17.441634Z
NA000394,P000141,0.0097,0.0043,0.0017,2026-09-07T05:41:17.441643Z
NA000395,PH000180,0.0005,0,0.0001,2026-09-07T05:41:17.441651Z
NA000396,P000142,0.0172,0.0153,0.0033,2026-09-07T05:41:17.441660Z
NA000397,PH000181,0.0005,0,0.0001,2026-09-07T05:41:17.441668Z
NA000398,P000143,0.0081,0.008,0.0018,2026-09-07T05:41:17.441676Z
NA000399,PH000182,0.0005,0,0.0001,2026-09-07T05:41:17.441685Z
NA000400,P000144,0.0081,0.0022,0.0014,2026-09-07T05:41:17.441693Z
NA000401,PH000183,0.0005,0,0.0001,2026-09-07T05:41:17.441704Z
NA000402,P000145,0.0081,0.0022,0.0016,2026-09-07T05:41:17.441714Z
NA000403,PH000184,0.0005,0,0.0001,2026-09-07T05:41:17.441723Z
NA000404,PH000185,0.0005,0,0.0001,2026-09-07T05:41:17.441731Z
NA000405,P000147,0.0134,0.0113,0.0022,2026-09-07T05:41:17.441739Z
NA000406,PH000186,0.0005,0,0.0001,2026-09-07T05:41:17.441748Z
NA000407,PH000187,0.0005,0,0.0001,2026-09-07T05:41:17.441756Z
NA000408,P000148,0.0086,0.0036,0.0015,2026-09-07T05:41:17.441764Z
NA000409,PH000188,0.0005,0,0.0001,2026-09-07T05:41:17.441772Z
NA000410,P000149,0.0075,0.0033,0.0013,2026-09-07T05:41:17.441781Z
NA000411,PH000189,0.0005,0,0.0001,2026-09-07T05:41:17.441789Z
NA000412,P000150,0.0075,0.0033,0.0014,2026-09-07T05:41:17.441798Z
NA000413,PH000190,0.0005,0,0.0001,2026-09-07T05:41:17.441806Z
NA000414,P000151,0.0086,0.0029,0.0016,2026-09-07T05:41:17.441814Z
NA000415,PH000191,0.0005,0,0.0001,2026-09-07T05:41:17.441822Z
NA000416,P000152,0.0102,0.0046,0.002,2026-09-07T05:41:17.441831Z
NA000417,PH000192,0.0005,0,0.0001,2026-09-07T05:41:17.441839Z
NA000418,PH000193,0.0005,0,0.0001,2026-09-07T05:41:17.441847Z
NA000419,PH000195,0.0005,0,0.0001,2026-09-07T05:41:17.441855Z
NA000420,P000155,0.0097,0.009,0.0017,2026-09-07T05:41:17.441863Z
NA000421,PH000196,0.0005,0,0.0001,2026-09-07T05:41:17.441871Z
NA000422,P000156,0.0172,0.0189,0.0026,2026-09-07T05:41:17.441880Z
NA000423,PH000197,0.0005,0,0.0001,2026-09-07T05:41:17.441889Z
NA000424,P000157,0.0145,0.0176,0.0025,2026-09-07T05:41:17.441897Z
NA000425,PH000198,0.0005,0,0.0001,2026-09-07T05:41:17.441905Z
NA000426,PH000199,0.0005,0,0.0001,2026-09-07T05:41:17.441913Z
NA000427,P000158,0.0102,0.0117,0.0016,2026-09-07T05:41:17.441921Z
NA000428,PH000200,0.0005,0,0.0001,2026-09-07T05:41:17.441929Z
NA000429,P000159,0.014,0.0067,0.0025,2026-09-07T05:41:17.441938Z
NA000430,PH000201,0.0005,0,0.0001,2026-09-07T05:41:17.441947Z
NA000431,P000160,0.0091,0.0057,0.0015,2026-09-07T05:41:17.441967Z
NA000432,PH000202,0.0005,0,0.0002,2026-09-07T05:41:17.441978Z
NA000433,P000161,0.0075,0.0081,0.0014,2026-09-07T05:41:17.441986Z
NA000434,PH000203,0.0005,0,0.0001,2026-09-07T05:41:17.441994Z
NA000435,PH000204,0.0005,0,0.0001,2026-09-07T05:41:17.442002Z
NA000436,P000163,0.0075,0.0111,0.0013,2026-09-07T05:41:17.442010Z
NA000437,PH000205,0.0005,0,0.0002,2026-09-07T05:41:17.442019Z
NA000438,P000164,0.0091,0.0058,0.0014,2026-09-07T05:41:17.442027Z
NA000439,PH000206,0.0005,0,0.0001,2026-09-07T05:41:17.442035Z
NA000440,P000165,0.0086,0.0081,0.0015,2026-09-07T05:41:17.442044Z
NA000441,PH000207,0.0005,0,0.0002,2026-09-07T05:41:17.442052Z
NA000442,PH000208,0.0005,0,0.0002,2026-09-07T05:41:17.442061Z
NA000443,P000166,0.0075,0.0028,0.0014,2026-09-07T05:41:17.442069Z
NA000444,PH000209,0.0005,0,0.0001,2026-09-07T05:41:17.442077Z
NA000445,PH000210,0.0005,0,0.0002,2026-09-07T05:41:17.442086Z
NA000446,P000168,0.0102,0.0112,0.0016,2026-09-07T05:41:17.442094Z
NA000447,PH000211,0.0005,0,0.0001,2026-09-07T05:41:17.442102Z
NA000448,PH000213,0.0005,0,0.0001,2026-09-07T05:41:17.442110Z
NA000449,P000170,0.0075,0.0091,0.0014,2026-09-07T05:41:17.442118Z
NA000450,PH000214,0.0005,0,0.0002,2026-09-07T05:41:17.442126Z
NA000451,PH000215,0.0005,0,0.0002,2026-09-07T05:41:17.442134Z
NA000452,P000171,0.0059,0.0032,0.001,2026-09-07T05:41:17.442143Z
NA000453,PH000216,0.0005,0,0.0002,2026-09-07T05:41:17.442151Z
NA000454,P000172,0.0081,0.0036,0.0013,2026-09-07T05:41:17.442159Z
NA000455,PH000217,0.0005,0,0.0002,2026-09-07T05:41:17.442167Z
NA000456,P000173,0.0123,0.0092,0.0021,2026-09-07T05:41:17.442176Z
NA000457,PH000218,0.0005,0,0.0002,2026-09-07T05:41:17.442184Z
NA000458,PH000219,0.0005,0,0.0002,2026-09-07T05:41:17.442194Z
NA000459,P000174,0.0091,0.0047,0.0016,2026-09-07T05:41:17.442202Z
NA000460,PH000220,0.0005,0,0.0002,2026-09-07T05:41:17.442210Z
NA000461,P000175,0.0102,0.0041,0.0019,2026-09-07T05:41:17.442219Z
NA000462,PH000221,0.0005,0,0.0001,2026-09-07T05:41:17.442227Z
NA000463,P000176,0.0081,0.0038,0.0014,2026-09-07T05:41:17.442236Z
NA000464,PH000222,0.0005,0,0.0002,2026-09-07T05:41:17.442244Z
NA000465,P000177,0.0075,0.0136,0.0013,2026-09-07T05:41:17.442252Z
NA000466,PH000223,0.0005,0,0.0002,2026-09-07T05:41:17.442260Z
NA000467,P000178,0.0097,0.0077,0.0016,2026-09-07T05:41:17.442269Z
NA000468,PH000224,0.0005,0,0.0001,2026-09-07T05:41:17.442277Z
NA000469,PH000225,0.0005,0,0.0002,2026-09-07T05:41:17.442286Z
NA000470,PH000226,0.0005,0,0.0002,2026-09-07T05:41:17.442294Z
NA000471,P000180,0.0054,0.0023,0.001,2026-09-07T05:41:17.442303Z
NA000472,PH000227,0.0005,0,0.0002,2026-09-07T05:41:17.442311Z
NA000473,P000181,0.0075,0.0038,0.0012,2026-09-07T05:41:17.442319Z
NA000474,PH000228,0.0005,0,0.0002,2026-09-07T05:41:17.442328Z
NA000475,PH000229,0.0005,0,0.0001,2026-09-07T05:41:17.442336Z
NA000476,P000183,0.0064,0.002,0.0011,2026-09-07T05:41:17.442345Z
NA000477,PH000230,0.0005,0,0.0002,2026-09-07T05:41:17.442353Z
NA000478,P000184,0.0075,0.0056,0.0013,2026-09-07T05:41:17.442362Z
NA000479,PH000231,0.0005,0,0.0002,2026-09-07T05:41:17.442370Z
NA000480,P000185,0.0048,0.0015,0.0009,2026-09-07T05:41:17.442379Z
NA000481,PH000232,0.0005,0,0.0002,2026-09-07T05:41:17.442387Z
NA000482,P000186,0.0059,0.0132,0.0012,2026-09-07T05:41:17.442395Z
NA000483,PH000233,0.0005,0,0.0002,2026-09-07T05:41:17.442403Z
NA000484,P000187,0.0075,0.0049,0.0012,2026-09-07T05:41:17.442412Z
NA000485,PH000234,0.0005,0,0.0002,2026-09-07T05:41:17.442420Z
NA000486,P000188,0.0075,0.0065,0.0013,2026-09-07T05:41:17.442429Z
NA000487,PH000235,0.0005,0,0.0002,2026-09-07T05:41:17.442437Z
NA000488,P000189,0.0059,0.0127,0.0011,2026-09-07T05:41:17.442446Z
NA000489,PH000236,0.0005,0,0.0002,2026-09-07T05:41:17.442455Z
NA000490,P000190,0.0075,0.0041,0.0014,2026-09-07T05:41:17.442463Z
NA000491,PH000237,0.0005,0,0.0002,2026-09-07T05:41:17.442471Z
NA000492,P000191,0.0059,0.0015,0.0011,2026-09-07T05:41:17.442480Z
NA000493,PH000238,0.0005,0,0.0002,2026-09-07T05:41:17.442488Z
NA000494,P000192,0.0064,0.0027,0.0011,2026-09-07T05:41:17.442496Z
NA000495,PH000239,0.0005,0,0.0002,2026-09-07T05:41:17.442504Z
NA000496,P000193,0.0081,0.0045,0.0014,2026-09-07T05:41:17.442513Z
NA000497,PH000240,0.0005,0,0.0002,2026-09-07T05:41:17.442521Z
NA000498,P000194,0.007,0.0034,0.0012,2026-09-07T05:41:17.442530Z
NA000499,PH000241,0.0005,0,0.0002,2026-09-07T05:41:17.442538Z
NA000500,P000195,0.0059,0.0132,0.0011,2026-09-07T05:41:17.442546Z
NA000501,PH000242,0.0005,0,0.0002,2026-09-07T05:41:17.442555Z
NA000502,P000196,0.0086,0.0113,0.0013,2026-09-07T05:41:17.442563Z
NA000503,PH000243,0.0005,0,0.0002,2026-09-07T05:41:17.442572Z
NA000504,PH000245,0.0005,0,0.0001,2026-09-07T05:41:17.442580Z
NA000505,P000198,0.0086,0.0093,0.0017,2026-09-07T05:41:17.442589Z
NA000506,PH000246,0.0005,0,0.0002,2026-09-07T05:41:17.442597Z
NA000507,P000199,0.0086,0.0089,0.0016,2026-09-07T05:41:17.442606Z
NA000508,PH000247,0.0005,0,0.0001,2026-09-07T05:41:17.442614Z
NA000509,P000200,0.007,0.0027,0.0015,2026-09-07T05:41:17.442623Z
NA000510,PH000248,0.0005,0,0.0002,2026-09-07T05:41:17.442630Z
NA000511,PH000249,0.0005,0,0.0001,2026-09-07T05:41:17.442639Z
NA000512,P000202,0.0059,0.0022,0.0012,2026-09-07T05:41:17.442648Z
NA000513,PH000250,0.0005,0,0.0002,2026-09-07T05:41:17.442656Z
NA000514,P000203,0.0059,0.0074,0.0013,2026-09-07T05:41:17.442664Z
NA000515,PH000251,0.0005,0,0.0002,2026-09-07T05:41:17.442672Z
NA000516,P000204,0.0075,0.0095,0.0016,2026-09-07T05:41:17.442682Z
NA000517,PH000252,0.0005,0,0.0001,2026-09-07T05:41:17.442690Z
NA000518,P000206,0.0043,0.0029,0.0008,2026-09-07T05:41:17.442698Z
NA000519,PH000253,0.0005,0,0.0002,2026-09-07T05:41:17.442707Z
NA000520,PH000254,0.0005,0,0.0002,2026-09-07T05:41:17.442715Z
NA000521,P000208,0.0027,0.0012,0.0006,2026-09-07T05:41:17.442723Z
NA000522,PH000255,0.0005,0,0.0002,2026-09-07T05:41:17.442733Z
NA000523,P000209,0.0043,0.0026,0.0009,2026-09-07T05:41:17.442742Z
NA000524,PH000256,0.0005,0,0.0002,2026-09-07T05:41:17.442750Z
NA000525,P000210,0.0048,0.0022,0.0007,2026-09-07T05:41:17.442759Z
NA000526,PH000257,0.0005,0,0.0001,2026-09-07T05:41:17.442767Z
NA000527,P000212,0.0032,0.0063,0.0006,2026-09-07T05:41:17.442775Z
NA000528,PH000258,0.0005,0,0.0002,2026-09-07T05:41:17.442783Z
NA000529,P000213,0.0043,0.0022,0.0007,2026-09-07T05:41:17.442792Z
NA000530,PH000259,0.0005,0,0.0002,2026-09-07T05:41:17.442799Z
NA000531,P000215,0.0059,0.0024,0.001,2026-09-07T05:41:17.442808Z
NA000532,PH000260,0.0005,0,0.0002,2026-09-07T05:41:17.442817Z
NA000533,P000218,0.0054,0.009,0.0009,2026-09-07T05:41:17.442825Z
NA000534,PH000261,0.0005,0,0.0002,2026-09-07T05:41:17.442833Z
NA000535,P000219,0.0059,0.0051,0.0009,2026-09-07T05:41:17.442842Z
NA000536,PH000262,0.0005,0,0.0001,2026-09-07T05:41:17.442851Z
NA000537,P000220,0.0048,0.0065,0.0008,2026-09-07T05:41:17.442860Z
NA000538,PH000263,0.0005,0,0.0002,2026-09-07T05:41:17.442868Z
NA000539,P000221,0.0021,0.0011,0.0006,2026-09-07T05:41:17.442876Z
NA000540,PH000264,0.0005,0,0.0002,2026-09-07T05:41:17.442885Z
NA000541,P000224,0.0064,0.0072,0.001,2026-09-07T05:41:17.442893Z
NA000542,PH000265,0.0005,0,0.0001,2026-09-07T05:41:17.442901Z
NA000543,P000225,0.0043,0.0019,0.0008,2026-09-07T05:41:17.442910Z
NA000544,PH000266,0.0005,0,0.0002,2026-09-07T05:41:17.442918Z
NA000545,P000226,0.0038,0.0012,0.0007,2026-09-07T05:41:17.442926Z
NA000546,PH000267,0.0005,0,0.0002,2026-09-07T05:41:17.442934Z
NA000547,PH000268,0.0005,0,0.0002,2026-09-07T05:41:17.442943Z
NA000548,P000231,0.0043,0.0019,0.0007,2026-09-07T05:41:17.442951Z
NA000549,PH000269,0.0005,0,0.0002,2026-09-07T05:41:17.442960Z
NA000550,P000233,0.0032,0.0067,0.0006,2026-09-07T05:41:17.442968Z
NA000551,PH000270,0.0005,0,0.0002,2026-09-07T05:41:17.442976Z
NA000552,P000236,0.0038,0.0021,0.0007,2026-09-07T05:41:17.442985Z
NA000553,PH000271,0.0005,0,0.0002,2026-09-07T05:41:17.442993Z
NA000554,P000237,0.0064,0.0093,0.001,2026-09-07T05:41:17.443001Z
NA000555,PH000272,0.0005,0,0.0001,2026-09-07T05:41:17.443009Z
NA000556,P000238,0.0038,0.001,0.0006,2026-09-07T05:41:17.443018Z
NA000557,PH000273,0.0005,0,0.0002,2026-09-07T05:41:17.443026Z
NA000558,P000240,0.0016,0.0006,0.0004,2026-09-07T05:41:17.443035Z
NA000559,PH000274,0.0005,0,0.0002,2026-09-07T05:41:17.443043Z
NA000560,P000241,0.0032,0.0016,0.0006,2026-09-07T05:41:17.443051Z
NA000561,PH000275,0.0005,0,0.0002,2026-09-07T05:41:17.443060Z
NA000562,PH000276,0.0005,0,0.0002,2026-09-07T05:41:17.443068Z
NA000563,P000245,0.0027,0.0012,0.0007,2026-09-07T05:41:17.443076Z
NA000564,PH000277,0.0005,0,0.0002,2026-09-07T05:41:17.443085Z
NA000565,P000247,0.0048,0.0034,0.0008,2026-09-07T05:41:17.443093Z
NA000566,PH000278,0.0005,0,0.0002,2026-09-07T05:41:17.443101Z
NA000567,P000248,0.0048,0.0028,0.0007,2026-09-07T05:41:17.443109Z
NA000568,PH000279,0.0005,0,0.0002,2026-09-07T05:41:17.443117Z
NA000569,PH000280,0.0005,0,0.0002,2026-09-07T05:41:17.443126Z
NA000570,PH000281,0.0005,0,0.0002,2026-09-07T05:41:17.443134Z
NA000571,P000257,0.0048,0.0032,0.0008,2026-09-07T05:41:17.443142Z
NA000572,PH000282,0.0005,0,0.0002,2026-09-07T05:41:17.443151Z
NA000573,P000261,0.0032,0.0012,0.0007,2026-09-07T05:41:17.443159Z
NA000574,PH000283,0.0005,0,0.0002,2026-09-07T05:41:17.443168Z
NA000575,P000264,0.0032,0.0011,0.0006,2026-09-07T05:41:17.443176Z
NA000576,PH000284,0.0005,0,0.0002,2026-09-07T05:41:17.443184Z
NA000577,P000265,0.0027,0.0058,0.0005,2026-09-07T05:41:17.443192Z
NA000578,PH000285,0.0005,0,0.0002,2026-09-07T05:41:17.443200Z
NA000579,P000266,0.0038,0.0019,0.0006,2026-09-07T05:41:17.443209Z
NA000580,PH000286,0.0005,0,0.0002,2026-09-07T05:41:17.443217Z
NA000581,P000267,0.0032,0.0019,0.0005,2026-09-07T05:41:17.443225Z
NA000582,PH000287,0.0005,0,0.0002,2026-09-07T05:41:17.443233Z
NA000583,P000270,0.0027,0.001,0.0005,2026-09-07T05:41:17.443242Z
NA000584,PH000288,0.0005,0,0.0002,2026-09-07T05:41:17.443250Z
NA000585,P000271,0.0048,0.0026,0.0007,2026-09-07T05:41:17.443259Z
NA000586,PH000289,0.0005,0,0.0002,2026-09-07T05:41:17.443268Z
NA000587,P000272,0.0038,0.0023,0.0006,2026-09-07T05:41:17.443276Z
NA000588,PH000290,0.0005,0,0.0002,2026-09-07T05:41:17.443285Z
NA000589,P000273,0.0032,0.0011,0.0006,2026-09-07T05:41:17.443293Z
NA000590,PH000291,0.0005,0,0.0002,2026-09-07T05:41:17.443301Z
NA000591,P000276,0.0043,0.008,0.0008,2026-09-07T05:41:17.443310Z
NA000592,PH000292,0.0005,0,0.0002,2026-09-07T05:41:17.443318Z
NA000593,P000279,0.0032,0.0008,0.0006,2026-09-07T05:41:17.443326Z
NA000594,PH000293,0.0005,0,0.0002,2026-09-07T05:41:17.443336Z
NA000595,P000280,0.0043,0.0071,0.0008,2026-09-07T05:41:17.443345Z
NA000596,PH000294,0.0005,0,0.0002,2026-09-07T05:41:17.443354Z
NA000597,P000281,0.0032,0.0013,0.0007,2026-09-07T05:41:17.443362Z
NA000598,PH000295,0.0005,0,0.0002,2026-09-07T05:41:17.443371Z
NA000599,P000282,0.0043,0.0024,0.0009,2026-09-07T05:41:17.443379Z
NA000600,PH000296,0.0005,0,0.0002,2026-09-07T05:41:17.443387Z
NA000601,P000287,0.0032,0.0012,0.0005,2026-09-07T05:41:17.443395Z
NA000602,PH000297,0.0005,0,0.0002,2026-09-07T05:41:17.443404Z
NA000603,P000289,0.0027,0.0013,0.0005,2026-09-07T05:41:17.443412Z
NA000604,PH000298,0.0005,0,0.0002,2026-09-07T05:41:17.443420Z
NA000605,P000294,0.0043,0.0018,0.0007,2026-09-07T05:41:17.443429Z
NA000606,PH000299,0.0005,0,0.0002,2026-09-07T05:41:17.443437Z
NA000607,P000295,0.0021,0.0006,0.0004,2026-09-07T05:41:17.443445Z
NA000608,PH000300,0.0005,0,0.0002,2026-09-07T05:41:17.443453Z
NA000609,P000299,0.0032,0.0018,0.0008,2026-09-07T05:41:17.443462Z
NA000610,PH000301,0.0005,0,0.0002,2026-09-07T05:41:17.443470Z
NA000611,P000301,0.0064,0.0043,0.001,2026-09-07T05:41:17.443479Z
NA000612,PH000302,0.0005,0,0.0002,2026-09-07T05:41:17.443487Z
NA000613,P000302,0.0032,0.0008,0.0006,2026-09-07T05:41:17.443495Z
NA000614,PH000303,0.0005,0,0.0002,2026-09-07T05:41:17.443504Z
NA000615,P000304,0.0054,0.0026,0.0009,2026-09-07T05:41:17.443513Z
NA000616,PH000304,0.0005,0,0.0002,2026-09-07T05:41:17.443521Z
NA000617,P000305,0.0038,0.0012,0.0006,2026-09-07T05:41:17.443530Z
NA000618,PH000305,0.0005,0,0.0002,2026-09-07T05:41:17.443538Z
NA000619,P000307,0.0043,0.0023,0.0007,2026-09-07T05:41:17.443546Z
NA000620,PH000306,0.0005,0,0.0002,2026-09-07T05:41:17.443555Z
NA000621,P000309,0.0027,0.0011,0.0006,2026-09-07T05:41:17.443564Z
NA000622,PH000307,0.0005,0,0.0002,2026-09-07T05:41:17.443572Z
NA000623,P000311,0.0097,0.0054,0.0015,2026-09-07T05:41:17.443581Z
NA000624,PH000308,0.0005,0,0.0001,2026-09-07T05:41:17.443589Z
NA000625,P000313,0.0059,0.0024,0.0009,2026-09-07T05:41:17.443597Z
NA000626,PH000309,0.0005,0,0.0002,2026-09-07T05:41:17.443605Z
NA000627,P000314,0.0032,0.0079,0.0006,2026-09-07T05:41:17.443614Z
NA000628,PH000310,0.0005,0,0.0002,2026-09-07T05:41:17.443622Z
NA000629,P000315,0.0032,0.0024,0.0007,2026-09-07T05:41:17.443630Z
NA000630,PH000311,0.0005,0,0.0002,2026-09-07T05:41:17.443638Z
NA000631,P000319,0.0021,0.0006,0.0004,2026-09-07T05:41:17.443647Z
NA000632,PH000312,0.0005,0,0.0002,2026-09-07T05:41:17.443656Z
NA000633,P000321,0.0043,0.002,0.0009,2026-09-07T05:41:17.443665Z
NA000634,PH000313,0.0005,0,0.0002,2026-09-07T05:41:17.443673Z
NA000635,P000322,0.0086,0.0042,0.0013,2026-09-07T05:41:17.443681Z
NA000636,PH000314,0.0005,0,0.0001,2026-09-07T05:41:17.443689Z
NA000637,P000324,0.0027,0.0012,0.0005,2026-09-07T05:41:17.443697Z
NA000638,PH000315,0.0005,0,0.0002,2026-09-07T05:41:17.443705Z
NA000639,P000326,0.0038,0.002,0.0006,2026-09-07T05:41:17.443714Z
NA000640,PH000316,0.0005,0,0.0002,2026-09-07T05:41:17.443723Z
NA000641,P000333,0.0129,0.0119,0.0019,2026-09-07T05:41:17.443731Z
NA000642,PH000317,0.0005,0,0.0001,2026-09-07T05:41:17.443740Z
NA000643,P000334,0.0021,0.0018,0.0005,2026-09-07T05:41:17.443747Z
NA000644,PH000318,0.0005,0,0.0002,2026-09-07T05:41:17.443754Z
NA000645,PH000319,0.0005,0,0.0002,2026-09-07T05:41:17.443761Z
NA000646,P000339,0.0038,0.0015,0.0007,2026-09-07T05:41:17.443769Z
NA000647,PH000320,0.0005,0,0.0002,2026-09-07T05:41:17.443776Z
NA000648,P000341,0.0038,0.001,0.0007,2026-09-07T05:41:17.443784Z
NA000649,PH000321,0.0005,0,0.0002,2026-09-07T05:41:17.443791Z
NA000650,P000342,0.0021,0.0007,0.0004,2026-09-07T05:41:17.443798Z
NA000651,PH000322,0.0005,0,0.0002,2026-09-07T05:41:17.443805Z
NA000652,P000343,0.0048,0.0022,0.0008,2026-09-07T05:41:17.443813Z
NA000653,PH000323,0.0005,0,0.0002,2026-09-07T05:41:17.443820Z
NA000654,P000344,0.0043,0.0027,0.0008,2026-09-07T05:41:17.443829Z
NA000655,PH000324,0.0005,0,0.0002,2026-09-07T05:41:17.443836Z
NA000656,P000346,0.0059,0.0029,0.001,2026-09-07T05:41:17.443843Z
NA000657,PH000325,0.0005,0,0.0002,2026-09-07T05:41:17.443851Z
NA000658,P000349,0.0048,0.0024,0.0007,2026-09-07T05:41:17.443860Z
NA000659,PH000326,0.0005,0,0.0001,2026-09-07T05:41:17.443867Z
NA000660,P000350,0.0059,0.0032,0.0009,2026-09-07T05:41:17.443875Z
NA000661,PH000327,0.0005,0,0.0002,2026-09-07T05:41:17.443882Z
NA000662,PH000328,0.0005,0,0.0002,2026-09-07T05:41:17.443889Z
NA000663,P000356,0.0043,0.0009,0.0007,2026-09-07T05:41:17.443897Z
NA000664,PH000329,0.0005,0,0.0002,2026-09-07T05:41:17.443906Z
NA000665,P000357,0.0027,0.0061,0.0005,2026-09-07T05:41:17.443914Z
NA000666,PH000330,0.0005,0,0.0002,2026-09-07T05:41:17.443923Z
NA000667,P000358,0.0043,0.0021,0.0007,2026-09-07T05:41:17.443931Z
NA000668,PH000331,0.0005,0,0.0002,2026-09-07T05:41:17.443938Z
NA000669,PH000332,0.0005,0,0.0002,2026-09-07T05:41:17.443945Z
NA000670,P000361,0.0043,0.0014,0.0007,2026-09-07T05:41:17.443952Z
NA000671,PH000333,0.0005,0,0.0002,2026-09-07T05:41:17.443960Z
NA000672,P000367,0.0038,0.0124,0.0008,2026-09-07T05:41:17.444028Z
NA000673,PH000334,0.0005,0,0.0002,2026-09-07T05:41:17.444043Z
NA000674,P000369,0.0043,0.0014,0.0007,2026-09-07T05:41:17.444056Z
NA000675,PH000335,0.0005,0,0.0002,2026-09-07T05:41:17.444064Z
NA000676,P000370,0.0027,0.001,0.0005,2026-09-07T05:41:17.444074Z
NA000677,PH000336,0.0005,0,0.0002,2026-09-07T05:41:17.444082Z
NA000678,P000373,0.0038,0.0013,0.0007,2026-09-07T05:41:17.444090Z
NA000679,PH000337,0.0005,0,0.0002,2026-09-07T05:41:17.444098Z
NA000680,P000374,0.0038,0.0017,0.0007,2026-09-07T05:41:17.444106Z
NA000681,PH000338,0.0005,0,0.0002,2026-09-07T05:41:17.444114Z
NA000682,P000375,0.0032,0.0013,0.0006,2026-09-07T05:41:17.444123Z
NA000683,PH000339,0.0005,0,0.0002,2026-09-07T05:41:17.444132Z
NA000684,P000378,0.0038,0.0013,0.0006,2026-09-07T05:41:17.444140Z
NA000685,PH000340,0.0005,0,0.0002,2026-09-07T05:41:17.444148Z
NA000686,PH000341,0.0005,0,0.0002,2026-09-07T05:41:17.444156Z
NA000687,P000390,0.0027,0.001,0.0005,2026-09-07T05:41:17.444165Z
NA000688,PH000342,0.0005,0,0.0002,2026-09-07T05:41:17.444173Z
NA000689,PH000343,0.0005,0,0.0002,2026-09-07T05:41:17.444182Z
NA000690,P000395,0.0038,0.0011,0.0006,2026-09-07T05:41:17.444190Z
NA000691,PH000344,0.0005,0,0.0002,2026-09-07T05:41:17.444198Z
NA000692,P000396,0.0043,0.0016,0.0007,2026-09-07T05:41:17.444208Z
NA000693,PH000345,0.0005,0,0.0002,2026-09-07T05:41:17.444216Z
NA000694,P000399,0.0048,0.0045,0.0008,2026-09-07T05:41:17.444225Z
NA000695,PH000346,0.0005,0,0.0002,2026-09-07T05:41:17.444233Z
NA000696,P000400,0.0043,0.0021,0.0008,2026-09-07T05:41:17.444241Z
NA000697,PH000347,0.0005,0,0.0002,2026-09-07T05:41:17.444249Z
NA000698,P000401,0.0021,0.0007,0.0004,2026-09-07T05:41:17.444257Z
NA000699,PH000348,0.0005,0,0.0002,2026-09-07T05:41:17.444266Z
NA000700,PH000349,0.0005,0,0.0002,2026-09-07T05:41:17.444308Z
NA000701,P000403,0.0048,0.0088,0.0008,2026-09-07T05:41:17.444335Z
NA000702,PH000350,0.0005,0,0.0002,2026-09-07T05:41:17.444343Z
NA000703,P000404,0.0021,0.0008,0.0004,2026-09-07T05:41:17.444348Z
NA000704,PH000351,0.0005,0,0.0002,2026-09-07T05:41:17.444353Z
NA000705,P000406,0.0054,0.0036,0.0008,2026-09-07T05:41:17.444359Z
NA000706,PH000352,0.0005,0,0.0001,2026-09-07T05:41:17.444365Z
NA000707,P000407,0.0043,0.0016,0.0007,2026-09-07T05:41:17.444370Z
NA000708,PH000353,0.0005,0,0.0002,2026-09-07T05:41:17.444375Z
NA000709,P000408,0.0038,0.0017,0.0007,2026-09-07T05:41:17.444379Z
NA000710,PH000354,0.0005,0,0.0002,2026-09-07T05:41:17.444384Z
NA000711,P000410,0.0043,0.0016,0.0008,2026-09-07T05:41:17.444389Z
NA000712,PH000355,0.0005,0,0.0002,2026-09-07T05:41:17.444394Z
NA000713,P000411,0.0043,0.0015,0.0007,2026-09-07T05:41:17.444398Z
NA000714,PH000356,0.0005,0,0.0002,2026-09-07T05:41:17.444403Z
NA000715,P000412,0.0038,0.0016,0.0006,2026-09-07T05:41:17.444407Z
NA000716,PH000357,0.0005,0,0.0002,2026-09-07T05:41:17.444412Z
NA000717,P000415,0.0043,0.002,0.0007,2026-09-07T05:41:17.444417Z
NA000718,PH000358,0.0005,0,0.0002,2026-09-07T05:41:17.444421Z
NA000719,P000417,0.0032,0.0014,0.0006,2026-09-07T05:41:17.444426Z
NA000720,PH000359,0.0005,0,0.0002,2026-09-07T05:41:17.444431Z
NA000721,P000418,0.0043,0.001,0.0007,2026-09-07T05:41:17.444436Z
NA000722,PH000360,0.0005,0,0.0002,2026-09-07T05:41:17.444441Z
NA000723,P000420,0.0048,0.0026,0.0008,2026-09-07T05:41:17.444446Z
NA000724,PH000361,0.0005,0,0.0002,2026-09-07T05:41:17.444450Z
NA000725,P000421,0.0043,0.0022,0.0007,2026-09-07T05:41:17.444456Z
NA000726,PH000362,0.0005,0,0.0002,2026-09-07T05:41:17.444461Z
NA000727,P000424,0.0032,0.0022,0.0006,2026-09-07T05:41:17.444465Z
NA000728,PH000363,0.0005,0,0.0002,2026-09-07T05:41:17.444470Z
NA000729,P000426,0.0027,0.0015,0.0005,2026-09-07T05:41:17.444474Z
NA000730,PH000364,0.0005,0,0.0002,2026-09-07T05:41:17.444479Z
NA000731,P000427,0.0043,0.0018,0.0008,2026-09-07T05:41:17.444483Z
NA000732,PH000365,0.0005,0,0.0002,2026-09-07T05:41:17.444488Z
NA000733,PH000366,0.0005,0,0.0002,2026-09-07T05:41:17.444493Z
NA000734,P000432,0.0043,0.0021,0.0007,2026-09-07T05:41:17.444497Z
NA000735,PH000367,0.0005,0,0.0002,2026-09-07T05:41:17.444501Z
NA000736,P000433,0.0021,0.0056,0.0004,2026-09-07T05:41:17.444506Z
NA000737,PH000368,0.0005,0,0.0002,2026-09-07T05:41:17.444511Z
NA000738,P000434,0.0032,0.0011,0.0006,2026-09-07T05:41:17.444515Z
NA000739,PH000369,0.0005,0,0.0002,2026-09-07T05:41:17.444520Z
NA000740,P000435,0.0043,0.002,0.0007,2026-09-07T05:41:17.444525Z
NA000741,PH000370,0.0005,0,0.0002,2026-09-07T05:41:17.444532Z
NA000742,P000438,0.0032,0.0012,0.0006,2026-09-07T05:41:17.444537Z
NA000743,PH000371,0.0005,0,0.0002,2026-09-07T05:41:17.444542Z
NA000744,P000439,0.0043,0.0019,0.0008,2026-09-07T05:41:17.444546Z
NA000745,PH000372,0.0005,0,0.0002,2026-09-07T05:41:17.444551Z
NA000746,P000440,0.0032,0.0013,0.0007,2026-09-07T05:41:17.444555Z
NA000747,PH000373,0.0005,0,0.0002,2026-09-07T05:41:17.444559Z
NA000748,PH000374,0.0005,0,0.0002,2026-09-07T05:41:17.444565Z
NA000749,P000455,0.0032,0.0013,0.0007,2026-09-07T05:41:17.444571Z
NA000750,PH000375,0.0005,0,0.0002,2026-09-07T05:41:17.444575Z
NA000751,P000456,0.0021,0.0007,0.0004,2026-09-07T05:41:17.444581Z
NA000752,PH000376,0.0005,0,0.0002,2026-09-07T05:41:17.444586Z
NA000753,P000462,0.0021,0.0007,0.0005,2026-09-07T05:41:17.444590Z
NA000754,PH000377,0.0005,0,0.0002,2026-09-07T05:41:17.444594Z
NA000755,P000467,0.0021,0.0007,0.0004,2026-09-07T05:41:17.444599Z
NA000756,PH000378,0.0005,0,0.0002,2026-09-07T05:41:17.444604Z
NA000757,P000469,0.0021,0.0007,0.0005,2026-09-07T05:41:17.444608Z
NA000758,PH000379,0.0005,0,0.0002,2026-09-07T05:41:17.444614Z
NA000759,P000471,0.0021,0.0006,0.0005,2026-09-07T05:41:17.444619Z
NA000760,PH000380,0.0005,0,0.0002,2026-09-07T05:41:17.444624Z
NA000761,P000474,0.0016,0.0006,0.0004,2026-09-07T05:41:17.444629Z
NA000762,PH000381,0.0005,0,0.0002,2026-09-07T05:41:17.444637Z
NA000763,P000475,0.0027,0.0012,0.0006,2026-09-07T05:41:17.444642Z
NA000764,PH000382,0.0005,0,0.0002,2026-09-07T05:41:17.444646Z
NA000765,P000478,0.0016,0.0007,0.0004,2026-09-07T05:41:17.444652Z
NA000766,PH000383,0.0005,0,0.0002,2026-09-07T05:41:17.444656Z
NA000767,P000479,0.0043,0.0022,0.0009,2026-09-07T05:41:17.444661Z
NA000768,PH000384,0.0005,0,0.0002,2026-09-07T05:41:17.444665Z
NA000769,P000480,0.0016,0.0007,0.0004,2026-09-07T05:41:17.444670Z
NA000770,PH000385,0.0005,0,0.0002,2026-09-07T05:41:17.444675Z
NA000771,P000482,0.0016,0.0007,0.0004,2026-09-07T05:41:17.444680Z
NA000772,PH000386,0.0005,0,0.0002,2026-09-07T05:41:17.444685Z
NA000773,P000489,0.0021,0.0007,0.0005,2026-09-07T05:41:17.444689Z
NA000774,PH000387,0.0005,0,0.0002,2026-09-07T05:41:17.444694Z
NA000775,P000497,0.0021,0.0057,0.0005,2026-09-07T05:41:17.444698Z
NA000776,PH000388,0.0005,0,0.0002,2026-09-07T05:41:17.444703Z
NA000777,P000503,0.0016,0.0056,0.0004,2026-09-07T05:41:17.444707Z
NA000778,PH000389,0.0005,0,0.0002,2026-09-07T05:41:17.444712Z
NA000779,P000506,0.0021,0.0006,0.0005,2026-09-07T05:41:17.444717Z
NA000780,PH000390,0.0005,0,0.0002,2026-09-07T05:41:17.444722Z
NA000781,P000517,0.0032,0.0008,0.0006,2026-09-07T05:41:17.444727Z
NA000782,PH000391,0.0005,0,0.0002,2026-09-07T05:41:17.444731Z
NA000783,P000525,0.0021,0.0007,0.0005,2026-09-07T05:41:17.444736Z
NA000784,PH000392,0.0005,0,0.0002,2026-09-07T05:41:17.444741Z
NA000785,P000526,0.0016,0.0006,0.0004,2026-09-07T05:41:17.444745Z
NA000786,PH000393,0.0005,0,0.0002,2026-09-07T05:41:17.444749Z
NA000787,P000529,0.0032,0.0067,0.0009,2026-09-07T05:41:17.444754Z
NA000788,PH000394,0.0005,0,0.0002,2026-09-07T05:41:17.444758Z
NA000789,P000530,0.0021,0.0006,0.0005,2026-09-07T05:41:17.444762Z
NA000790,PH000395,0.0005,0,0.0002,2026-09-07T05:41:17.444767Z
NA000791,P000544,0.0027,0.0011,0.0006,2026-09-07T05:41:17.444772Z
NA000792,PH000396,0.0005,0,0.0002,2026-09-07T05:41:17.444776Z
NA000793,P000547,0.0021,0.0008,0.0005,2026-09-07T05:41:17.444781Z
NA000794,PH000397,0.0005,0,0.0002,2026-09-07T05:41:17.444787Z
NA000795,P000548,0.0021,0.0007,0.0005,2026-09-07T05:41:17.444791Z
NA000796,PH000398,0.0005,0,0.0002,2026-09-07T05:41:17.444795Z
NA000797,P000549,0.0016,0.0006,0.0004,2026-09-07T05:41:17.444800Z
NA000798,PH000399,0.0005,0,0.0002,2026-09-07T05:41:17.444804Z
NA000799,P000550,0.0027,0.0008,0.0005,2026-09-07T05:41:17.444809Z
NA000800,PH000400,0.0005,0,0.0002,2026-09-07T05:41:17.444814Z
NA000801,P000551,0.0027,0.0011,0.0007,2026-09-07T05:41:17.444818Z
NA000802,PH000401,0.0005,0,0.0002,2026-09-07T05:41:17.444822Z
NA000803,P000552,0.0021,0.0009,0.0005,2026-09-07T05:41:17.444827Z
NA000804,PH000402,0.0005,0,0.0002,2026-09-07T05:41:17.444831Z
NA000805,P000553,0.0027,0.0012,0.0006,2026-09-07T05:41:17.444836Z
NA000806,PH000403,0.0005,0,0.0002,2026-09-07T05:41:17.444841Z
NA000807,P000558,0.0032,0.0014,0.0007,2026-09-07T05:41:17.444846Z
NA000808,PH000404,0.0005,0,0.0002,2026-09-07T05:41:17.444850Z
NA000809,P000565,0.0038,0.0014,0.0007,2026-09-07T05:41:17.444855Z
NA000810,PH000405,0.0005,0,0.0002,2026-09-07T05:41:17.444859Z
NA000811,P000569,0.0016,0.0006,0.0004,2026-09-07T05:41:17.444865Z
NA000812,PH000406,0.0005,0,0.0002,2026-09-07T05:41:17.444869Z
NA000813,P000570,0.0021,0.0011,0.0006,2026-09-07T05:41:17.444874Z
NA000814,PH000407,0.0005,0,0.0002,2026-09-07T05:41:17.444878Z
NA000815,P000573,0.0011,0.0005,0.0003,2026-09-07T05:41:17.444883Z
NA000816,PH000408,0.0005,0,0.0002,2026-09-07T05:41:17.444889Z
NA000817,P000574,0.0021,0.0011,0.0006,2026-09-07T05:41:17.444894Z
NA000818,PH000409,0.0005,0,0.0002,2026-09-07T05:41:17.444898Z
NA000819,P000575,0.0027,0.0067,0.0007,2026-09-07T05:41:17.444903Z
NA000820,PH000410,0.0005,0,0.0002,2026-09-07T05:41:17.444907Z
NA000821,P000587,0.0016,0.0056,0.0004,2026-09-07T05:41:17.444912Z
NA000822,PH000411,0.0005,0,0.0002,2026-09-07T05:41:17.444916Z
NA000823,P000594,0.0021,0.0057,0.0004,2026-09-07T05:41:17.444921Z
NA000824,PH000412,0.0005,0,0.0002,2026-09-07T05:41:17.444926Z
NA000825,P000596,0.0038,0.0064,0.0006,2026-09-07T05:41:17.444930Z
NA000826,PH000413,0.0005,0,0.0002,2026-09-07T05:41:17.444935Z
NA000827,P000599,0.0016,0.0006,0.0004,2026-09-07T05:41:17.444940Z
NA000828,PH000414,0.0005,0,0.0002,2026-09-07T05:41:17.444944Z
NA000829,P000603,0.0021,0.0006,0.0004,2026-09-07T05:41:17.444949Z
NA000830,PH000415,0.0005,0,0.0002,2026-09-07T05:41:17.444953Z
NA000831,P000607,0.0021,0.0006,0.0004,2026-09-07T05:41:17.444958Z
NA000832,PH000416,0.0005,0,0.0002,2026-09-07T05:41:17.444963Z
NA000833,P000609,0.0043,0.0014,0.0008,2026-09-07T05:41:17.444967Z
NA000834,PH000417,0.0005,0,0.0002,2026-09-07T05:41:17.444972Z
NA000835,P000613,0.0021,0.0007,0.0004,2026-09-07T05:41:17.444976Z
NA000836,PH000418,0.0005,0,0.0002,2026-09-07T05:41:17.444981Z
NA000837,P000617,0.0016,0.0006,0.0004,2026-09-07T05:41:17.444985Z
NA000838,PH000419,0.0005,0,0.0002,2026-09-07T05:41:17.444990Z
NA000839,P000618,0.0038,0.0009,0.0006,2026-09-07T05:41:17.444994Z
NA000840,PH000420,0.0005,0,0.0002,2026-09-07T05:41:17.444998Z
NA000841,P000621,0.0032,0.0064,0.0006,2026-09-07T05:41:17.445003Z
NA000842,PH000421,0.0005,0,0.0002,2026-09-07T05:41:17.445007Z
NA000843,P000622,0.0032,0.001,0.0006,2026-09-07T05:41:17.445011Z
NA000844,PH000422,0.0005,0,0.0002,2026-09-07T05:41:17.445016Z
NA000845,PH000423,0.0005,0,0.0001,2026-09-07T05:41:17.445020Z
NA000846,PH000424,0.0005,0,0.0002,2026-09-07T05:41:17.445025Z
NA000847,PH000425,0.0005,0,0.0001,2026-09-07T05:41:17.445029Z
NA000848,PH000426,0.0005,0,0.0001,2026-09-07T05:41:17.445033Z
NA000849,PH000427,0.0005,0,0.0002,2026-09-07T05:41:17.445118Z
NA000850,PH000428,0.0005,0,0.0001,2026-09-07T05:41:17.445137Z
NA000851,PH000429,0.0005,0,0.0001,2026-09-07T05:41:17.445147Z
NA000852,PH000430,0.0005,0,0.0002,2026-09-07T05:41:17.445157Z
NA000853,PH000431,0.0005,0,0.0001,2026-09-07T05:41:17.445165Z
NA000854,PH000432,0.0005,0,0.0001,2026-09-07T05:41:17.445174Z
NA000855,PH000433,0.0005,0,0.0001,2026-09-07T05:41:17.445183Z
NA000856,VH000002,0.0005,0,0.0002,2026-09-07T05:41:17.445191Z
NA000857,VH000003,0.0005,0,0.0002,2026-09-07T05:41:17.445200Z
NA000858,VH000004,0.0005,0,0.0001,2026-09-07T05:41:17.445208Z
NA000859,VH000005,0.0005,0,0.0001,2026-09-07T05:41:17.445217Z
NA000860,VH000006,0.0005,0,0.0002,2026-09-07T05:41:17.445225Z
NA000861,VH000007,0.0005,0,0.0002,2026-09-07T05:41:17.445234Z
NA000862,VH000008,0.0005,0,0.0002,2026-09-07T05:41:17.445249Z
NA000863,VH000009,0.0005,0,0.0002,2026-09-07T05:41:17.445257Z
NA000864,VH000010,0.0005,0,0.0002,2026-09-07T05:41:17.445266Z
NA000865,VH000011,0.0005,0,0.0002,2026-09-07T05:41:17.445274Z
NA000866,VH000013,0.0005,0,0.0001,2026-09-07T05:41:17.445282Z
NA000867,VH000014,0.0005,0,0.0002,2026-09-07T05:41:17.445292Z
NA000868,VH000015,0.0005,0,0.0001,2026-09-07T05:41:17.445300Z
NA000869,VH000016,0.0005,0,0.0001,2026-09-07T05:41:17.445309Z
NA000870,VH000017,0.0005,0,0.0001,2026-09-07T05:41:17.445318Z
NA000871,VH000018,0.0005,0,0.0001,2026-09-07T05:41:17.445326Z
NA000872,VH000019,0.0005,0,0.0001,2026-09-07T05:41:17.445334Z
NA000873,VH000020,0.0005,0,0.0001,2026-09-07T05:41:17.445343Z
NA000874,VH000021,0.0005,0,0.0001,2026-09-07T05:41:17.445351Z
NA000875,VH000023,0.0005,0,0.0002,2026-09-07T05:41:17.445360Z
NA000876,VH000024,0.0005,0,0.0001,2026-09-07T05:41:17.445369Z
NA000877,VH000025,0.0005,0,0.0001,2026-09-07T05:41:17.445377Z
NA000878,VH000026,0.0005,0,0.0001,2026-09-07T05:41:17.445385Z
NA000879,VH000027,0.0005,0,0.0001,2026-09-07T05:41:17.445394Z
NA000880,VH000028,0.0005,0,0.0001,2026-09-07T05:41:17.445402Z
NA000881,VH000029,0.0005,0,0.0001,2026-09-07T05:41:17.445410Z
NA000882,VH000030,0.0005,0,0.0001,2026-09-07T05:41:17.445418Z
NA000883,VH000032,0.0005,0,0.0001,2026-09-07T05:41:17.445426Z
NA000884,VH000033,0.0005,0,0.0002,2026-09-07T05:41:17.445435Z
NA000885,VH000034,0.0005,0,0.0001,2026-09-07T05:41:17.445444Z
NA000886,VH000035,0.0005,0,0.0001,2026-09-07T05:41:17.445452Z
NA000887,VH000036,0.0005,0,0.0001,2026-09-07T05:41:17.445461Z
NA000888,VH000037,0.0005,0,0.0001,2026-09-07T05:41:17.445470Z
NA000889,VH000038,0.0005,0,0.0002,2026-09-07T05:41:17.445478Z
NA000890,VH000039,0.0005,0,0.0001,2026-09-07T05:41:17.445487Z
NA000891,VH000040,0.0005,0,0.0001,2026-09-07T05:41:17.445495Z
NA000892,VH000041,0.0005,0,0.0001,2026-09-07T05:41:17.445503Z
NA000893,VH000042,0.0005,0,0.0001,2026-09-07T05:41:17.445511Z
NA000894,VH000043,0.0005,0,0.0001,2026-09-07T05:41:17.445519Z
NA000895,VH000044,0.0005,0,0.0002,2026-09-07T05:41:17.445528Z
NA000896,VH000045,0.0005,0,0.0001,2026-09-07T05:41:17.445536Z
NA000897,VH000046,0.0005,0,0.0002,2026-09-07T05:41:17.445544Z
NA000898,VH000047,0.0005,0,0.0001,2026-09-07T05:41:17.445553Z
NA000899,VH000049,0.0005,0,0.0001,2026-09-07T05:41:17.445561Z
NA000900,VH000050,0.0005,0,0.0001,2026-09-07T05:41:17.445569Z
NA000901,VH000051,0.0005,0,0.0001,2026-09-07T05:41:17.445577Z
NA000902,VH000052,0.0005,0,0.0001,2026-09-07T05:41:17.445585Z
NA000903,VH000053,0.0005,0,0.0002,2026-09-07T05:41:17.445594Z
NA000904,VH000054,0.0005,0,0.0001,2026-09-07T05:41:17.445602Z
NA000905,VH000055,0.0005,0,0.0001,2026-09-07T05:41:17.445611Z
NA000906,VH000056,0.0005,0,0.0002,2026-09-07T05:41:17.445619Z
NA000907,VH000057,0.0005,0,0.0001,2026-09-07T05:41:17.445628Z
NA000908,VH000058,0.0005,0,0.0001,2026-09-07T05:41:17.445636Z
NA000909,VH000059,0.0005,0,0.0001,2026-09-07T05:41:17.445644Z
NA000910,VH000060,0.0005,0,0.0001,2026-09-07T05:41:17.445653Z
NA000911,VH000061,0.0005,0,0.0001,2026-09-07T05:41:17.445661Z
NA000912,VH000062,0.0005,0,0.0001,2026-09-07T05:41:17.445670Z
NA000913,VH000063,0.0005,0,0.0001,2026-09-07T05:41:17.445677Z
NA000914,VH000065,0.0005,0,0.0001,2026-09-07T05:41:17.445684Z
NA000915,VH000066,0.0005,0,0.0002,2026-09-07T05:41:17.445692Z
NA000916,VH000067,0.0005,0,0.0001,2026-09-07T05:41:17.445699Z
NA000917,VH000068,0.0005,0,0.0002,2026-09-07T05:41:17.445707Z
NA000918,VH000069,0.0005,0,0.0001,2026-09-07T05:41:17.445714Z
NA000919,VH000070,0.0005,0,0.0001,2026-09-07T05:41:17.445723Z
NA000920,VH000071,0.0005,0,0.0002,2026-09-07T05:41:17.445731Z
NA000921,VH000072,0.0005,0,0.0002,2026-09-07T05:41:17.445739Z
NA000922,VH000073,0.0005,0,0.0001,2026-09-07T05:41:17.445747Z
NA000923,VH000075,0.0005,0,0.0001,2026-09-07T05:41:17.445756Z
NA000924,VH000076,0.0005,0,0.0001,2026-09-07T05:41:17.445765Z
NA000925,VH000077,0.0005,0,0.0001,2026-09-07T05:41:17.445774Z
NA000926,VH000078,0.0005,0,0.0001,2026-09-07T05:41:17.445782Z
NA000927,VH000079,0.0005,0,0.0001,2026-09-07T05:41:17.445790Z
NA000928,VH000080,0.0005,0,0.0001,2026-09-07T05:41:17.445798Z
NA000929,VH000081,0.0005,0,0.0001,2026-09-07T05:41:17.445806Z
NA000930,VH000083,0.0005,0,0.0001,2026-09-07T05:41:17.445815Z
NA000931,VH000084,0.0005,0,0.0001,2026-09-07T05:41:17.445823Z
NA000932,VH000085,0.0005,0,0.0001,2026-09-07T05:41:17.445831Z
NA000933,VH000086,0.0005,0,0.0002,2026-09-07T05:41:17.445840Z
NA000934,VH000087,0.0005,0,0.0002,2026-09-07T05:41:17.445848Z
NA000935,VH000088,0.0005,0,0.0002,2026-09-07T05:41:17.445857Z
NA000936,VH000089,0.0005,0,0.0002,2026-09-07T05:41:17.445865Z
NA000937,VH000090,0.0005,0,0.0002,2026-09-07T05:41:17.445873Z
NA000938,VH000091,0.0005,0,0.0002,2026-09-07T05:41:17.445882Z
NA000939,VH000093,0.0005,0,0.0001,2026-09-07T05:41:17.445890Z
NA000940,VH000094,0.0005,0,0.0001,2026-09-07T05:41:17.445898Z
NA000941,VH000095,0.0005,0,0.0001,2026-09-07T05:41:17.445906Z
NA000942,VH000096,0.0005,0,0.0001,2026-09-07T05:41:17.445914Z
NA000943,VH000097,0.0005,0,0.0001,2026-09-07T05:41:17.445923Z
NA000944,VH000098,0.0005,0,0.0001,2026-09-07T05:41:17.445932Z
NA000945,VH000099,0.0005,0,0.0001,2026-09-07T05:41:17.445940Z
NA000946,VH000100,0.0005,0,0.0001,2026-09-07T05:41:17.445948Z
NA000947,VH000101,0.0005,0,0.0001,2026-09-07T05:41:17.445957Z
NA000948,VH000102,0.0005,0,0.0001,2026-09-07T05:41:17.445965Z
NA000949,VH000103,0.0005,0,0.0001,2026-09-07T05:41:17.445973Z
NA000950,VH000104,0.0005,0,0.0001,2026-09-07T05:41:17.445981Z
NA000951,VH000106,0.0005,0,0.0001,2026-09-07T05:41:17.445989Z
NA000952,VH000107,0.0005,0,0.0002,2026-09-07T05:41:17.445998Z
NA000953,VH000108,0.0005,0,0.0001,2026-09-07T05:41:17.446006Z
NA000954,VH000109,0.0005,0,0.0002,2026-09-07T05:41:17.446016Z
NA000955,VH000110,0.0005,0,0.0001,2026-09-07T05:41:17.446025Z
NA000956,VH000111,0.0005,0,0.0002,2026-09-07T05:41:17.446033Z
NA000957,VH000112,0.0005,0,0.0002,2026-09-07T05:41:17.446041Z
NA000958,VH000113,0.0005,0,0.0001,2026-09-07T05:41:17.446049Z
NA000959,VH000115,0.0005,0,0.0002,2026-09-07T05:41:17.446058Z
NA000960,VH000116,0.0005,0,0.0002,2026-09-07T05:41:17.446067Z
NA000961,VH000117,0.0005,0,0.0002,2026-09-07T05:41:17.446075Z
NA000962,VH000118,0.0005,0,0.0002,2026-09-07T05:41:17.446083Z
NA000963,VH000119,0.0005,0,0.0001,2026-09-07T05:41:17.446092Z
NA000964,VH000120,0.0005,0,0.0002,2026-09-07T05:41:17.446100Z
NA000965,VH000121,0.0005,0,0.0001,2026-09-07T05:41:17.446108Z
NA000966,VH000122,0.0005,0,0.0002,2026-09-07T05:41:17.446117Z
NA000967,VH000123,0.0005,0,0.0002,2026-09-07T05:41:17.446125Z
NA000968,VH000124,0.0005,0,0.0002,2026-09-07T05:41:17.446133Z
NA000969,VH000125,0.0005,0,0.0002,2026-09-07T05:41:17.446142Z
NA000970,VH000126,0.0005,0,0.0002,2026-09-07T05:41:17.446150Z
NA000971,VH000127,0.0005,0,0.0002,2026-09-07T05:41:17.446158Z
NA000972,VH000128,0.0005,0,0.0002,2026-09-07T05:41:17.446166Z
NA000973,VH000129,0.0005,0,0.0002,2026-09-07T05:41:17.446175Z
NA000974,VH000130,0.0005,0,0.0002,2026-09-07T05:41:17.446186Z
NA000975,VH000131,0.0005,0,0.0002,2026-09-07T05:41:17.446194Z
NA000976,VH000133,0.0005,0,0.0002,2026-09-07T05:41:17.446202Z
NA000977,VH000134,0.0005,0,0.0001,2026-09-07T05:41:17.446210Z
NA000978,VH000135,0.0005,0,0.0002,2026-09-07T05:41:17.446219Z
NA000979,VH000136,0.0005,0,0.0002,2026-09-07T05:41:17.446227Z
NA000980,VH000137,0.0005,0,0.0002,2026-09-07T05:41:17.446235Z
NA000981,VH000138,0.0005,0,0.0001,2026-09-07T05:41:17.446243Z
NA000982,VH000139,0.0005,0,0.0002,2026-09-07T05:41:17.446251Z
NA000983,VH000140,0.0005,0,0.0002,2026-09-07T05:41:17.446259Z
NA000984,P000211,0.0043,0.0018,0.0007,2026-09-07T05:41:17.446268Z
NA000985,VH000141,0.0005,0,0.0002,2026-09-07T05:41:17.446283Z
NA000986,P000214,0.0043,0.0015,0.0007,2026-09-07T05:41:17.446292Z
NA000987,VH000142,0.0005,0,0.0002,2026-09-07T05:41:17.446300Z
NA000988,VH000143,0.0005,0,0.0002,2026-09-07T05:41:17.446308Z
NA000989,VH000144,0.0005,0,0.0002,2026-09-07T05:41:17.446316Z
NA000990,P000222,0.0048,0.0024,0.0007,2026-09-07T05:41:17.446325Z
NA000991,VH000145,0.0005,0,0.0002,2026-09-07T05:41:17.446333Z
NA000992,VH000146,0.0005,0,0.0002,2026-09-07T05:41:17.446341Z
NA000993,P000229,0.0021,0.0058,0.0004,2026-09-07T05:41:17.446350Z
NA000994,VH000147,0.0005,0,0.0002,2026-09-07T05:41:17.446358Z
NA000995,VH000148,0.0005,0,0.0001,2026-09-07T05:41:17.446392Z
NA000996,P000239,0.0038,0.0017,0.0006,2026-09-07T05:41:17.446400Z
NA000997,VH000149,0.0005,0,0.0002,2026-09-07T05:41:17.446412Z
NA000998,P000242,0.0038,0.0013,0.0006,2026-09-07T05:41:17.446417Z
NA000999,VH000150,0.0005,0,0.0002,2026-09-07T05:41:17.446422Z
NA001000,VH000151,0.0005,0,0.0002,2026-09-07T05:41:17.446427Z
NA001001,VH000152,0.0005,0,0.0002,2026-09-07T05:41:17.446433Z
NA001002,P000253,0.0027,0.0009,0.0005,2026-09-07T05:41:17.446437Z
NA001003,VH000153,0.0005,0,0.0002,2026-09-07T05:41:17.446442Z
NA001004,VH000154,0.0005,0,0.0002,2026-09-07T05:41:17.446449Z
NA001005,VH000155,0.0005,0,0.0002,2026-09-07T05:41:17.446454Z
NA001006,P000262,0.0011,0.0005,0.0003,2026-09-07T05:41:17.446459Z
NA001007,VH000156,0.0005,0,0.0002,2026-09-07T05:41:17.446463Z
NA001008,P000277,0.0032,0.0014,0.0006,2026-09-07T05:41:17.446468Z
NA001009,VH000157,0.0005,0,0.0002,2026-09-07T05:41:17.446472Z
NA001010,P000278,0.0054,0.0023,0.0009,2026-09-07T05:41:17.446477Z
NA001011,VH000158,0.0005,0,0.0001,2026-09-07T05:41:17.446509Z
NA001012,VH000159,0.0005,0,0.0002,2026-09-07T05:41:17.446525Z
NA001013,VH000160,0.0005,0,0.0002,2026-09-07T05:41:17.446534Z
NA001014,VH000161,0.0005,0,0.0002,2026-09-07T05:41:17.446542Z
NA001015,P000284,0.0021,0.0015,0.0005,2026-09-07T05:41:17.446551Z
NA001016,VH000162,0.0005,0,0.0002,2026-09-07T05:41:17.446559Z
NA001017,VH000163,0.0005,0,0.0002,2026-09-07T05:41:17.446567Z
NA001018,P000290,0.0048,0.0077,0.0008,2026-09-07T05:41:17.446576Z
NA001019,VH000164,0.0005,0,0.0002,2026-09-07T05:41:17.446584Z
NA001020,P000291,0.0038,0.0015,0.0007,2026-09-07T05:41:17.446593Z
NA001021,VH000165,0.0005,0,0.0002,2026-09-07T05:41:17.446601Z
NA001022,P000293,0.0027,0.0009,0.0005,2026-09-07T05:41:17.446610Z
NA001023,VH000166,0.0005,0,0.0002,2026-09-07T05:41:17.446618Z
NA001024,VH000167,0.0005,0,0.0002,2026-09-07T05:41:17.446629Z
NA001025,P000297,0.0021,0.0007,0.0004,2026-09-07T05:41:17.446638Z
NA001026,VH000168,0.0005,0,0.0002,2026-09-07T05:41:17.446646Z
NA001027,VH000169,0.0005,0,0.0002,2026-09-07T05:41:17.446654Z
NA001028,P000300,0.0048,0.0032,0.0008,2026-09-07T05:41:17.446663Z
NA001029,VH000170,0.0005,0,0.0002,2026-09-07T05:41:17.446672Z
NA001030,VH000171,0.0005,0,0.0002,2026-09-07T05:41:17.446680Z
NA001031,VH000172,0.0005,0,0.0002,2026-09-07T05:41:17.446687Z
NA001032,P000310,0.0059,0.0049,0.0009,2026-09-07T05:41:17.446695Z
NA001033,VH000173,0.0005,0,0.0001,2026-09-07T05:41:17.446702Z
NA001034,VH000174,0.0005,0,0.0002,2026-09-07T05:41:17.446709Z
NA001035,VH000175,0.0005,0,0.0002,2026-09-07T05:41:17.446730Z
NA001036,P000328,0.0048,0.0077,0.0007,2026-09-07T05:41:17.446737Z
NA001037,VH000176,0.0005,0,0.0001,2026-09-07T05:41:17.446742Z
NA001038,VH000177,0.0005,0,0.0002,2026-09-07T05:41:17.446747Z
NA001039,P000335,0.0032,0.0063,0.0005,2026-09-07T05:41:17.446752Z
NA001040,VH000178,0.0005,0,0.0002,2026-09-07T05:41:17.446756Z
NA001041,VH000179,0.0005,0,0.0002,2026-09-07T05:41:17.446760Z
NA001042,VH000180,0.0005,0,0.0002,2026-09-07T05:41:17.446765Z
NA001043,VH000181,0.0005,0,0.0002,2026-09-07T05:41:17.446771Z
NA001044,P000345,0.0097,0.0061,0.0015,2026-09-07T05:41:17.446777Z
NA001045,VH000182,0.0005,0,0.0002,2026-09-07T05:41:17.446781Z
NA001046,VH000183,0.0005,0,0.0002,2026-09-07T05:41:17.446786Z
NA001047,VH000184,0.0005,0,0.0002,2026-09-07T05:41:17.446791Z
NA001048,VH000185,0.0005,0,0.0002,2026-09-07T05:41:17.446795Z
NA001049,P000368,0.0032,0.0013,0.0006,2026-09-07T05:41:17.446799Z
NA001050,VH000186,0.0005,0,0.0002,2026-09-07T05:41:17.446805Z
NA001051,VH000187,0.0005,0,0.0002,2026-09-07T05:41:17.446809Z
NA001052,VH000188,0.0005,0,0.0002,2026-09-07T05:41:17.446814Z
NA001053,P000381,0.014,0.0137,0.002,2026-09-07T05:41:17.446819Z
NA001054,VH000189,0.0005,0,0.0001,2026-09-07T05:41:17.446823Z
NA001055,P000382,0.0027,0.0008,0.0005,2026-09-07T05:41:17.446828Z
NA001056,VH000190,0.0005,0,0.0002,2026-09-07T05:41:17.446832Z
NA001057,P000385,0.0032,0.0061,0.0005,2026-09-07T05:41:17.446837Z
NA001058,VH000191,0.0005,0,0.0002,2026-09-07T05:41:17.446842Z
NA001059,P000386,0.0102,0.0067,0.0015,2026-09-07T05:41:17.446847Z
NA001060,VH000192,0.0005,0,0.0001,2026-09-07T05:41:17.446851Z
NA001061,VH000193,0.0005,0,0.0002,2026-09-07T05:41:17.446857Z
NA001062,P000393,0.0048,0.0066,0.0008,2026-09-07T05:41:17.446862Z
NA001063,VH000194,0.0005,0,0.0002,2026-09-07T05:41:17.446869Z
NA001064,VH000195,0.0005,0,0.0002,2026-09-07T05:41:17.446874Z
NA001065,P000419,0.007,0.0034,0.001,2026-09-07T05:41:17.446879Z
NA001066,VH000196,0.0005,0,0.0001,2026-09-07T05:41:17.446883Z
NA001067,VH000197,0.0005,0,0.0002,2026-09-07T05:41:17.446888Z
NA001068,P000425,0.0123,0.0126,0.0017,2026-09-07T05:41:17.446893Z
NA001069,VH000198,0.0005,0,0.0001,2026-09-07T05:41:17.446897Z
NA001070,VH000199,0.0005,0,0.0002,2026-09-07T05:41:17.446902Z
NA001071,VH000200,0.0005,0,0.0002,2026-09-07T05:41:17.446906Z
NA001072,VH000201,0.0005,0,0.0002,2026-09-07T05:41:17.446911Z
NA001073,VH000202,0.0005,0,0.0002,2026-09-07T05:41:17.446915Z
NA001074,P000442,0.0032,0.0013,0.0005,2026-09-07T05:41:17.446920Z
NA001075,VH000203,0.0005,0,0.0002,2026-09-07T05:41:17.446925Z
NA001076,VH000204,0.0005,0,0.0002,2026-09-07T05:41:17.446929Z
NA001077,P000445,0.0021,0.001,0.0005,2026-09-07T05:41:17.446933Z
NA001078,VH000205,0.0005,0,0.0002,2026-09-07T05:41:17.446938Z
NA001079,VH000206,0.0005,0,0.0002,2026-09-07T05:41:17.446943Z
NA001080,P000457,0.0032,0.0014,0.0006,2026-09-07T05:41:17.446947Z
NA001081,VH000207,0.0005,0,0.0002,2026-09-07T05:41:17.446951Z
NA001082,P000473,0.0043,0.0017,0.0008,2026-09-07T05:41:17.446958Z
NA001083,VH000208,0.0005,0,0.0002,2026-09-07T05:41:17.446963Z
NA001084,VH000209,0.0005,0,0.0002,2026-09-07T05:41:17.446967Z
NA001085,P000508,0.0011,0.0005,0.0003,2026-09-07T05:41:17.446972Z
NA001086,VH000210,0.0005,0,0.0002,2026-09-07T05:41:17.446976Z
NA001087,P000519,0.0027,0.0008,0.0005,2026-09-07T05:41:17.446981Z
NA001088,VH000211,0.0005,0,0.0002,2026-09-07T05:41:17.446986Z
NA001089,P000520,0.0021,0.0009,0.0005,2026-09-07T05:41:17.446991Z
NA001090,VH000212,0.0005,0,0.0002,2026-09-07T05:41:17.446995Z
NA001091,P000523,0.0016,0.0006,0.0004,2026-09-07T05:41:17.447000Z
NA001092,VH000213,0.0005,0,0.0002,2026-09-07T05:41:17.447005Z
NA001093,P000528,0.0011,0.0005,0.0004,2026-09-07T05:41:17.447011Z
NA001094,VH000214,0.0005,0,0.0002,2026-09-07T05:41:17.447016Z
NA001095,VH000215,0.0005,0,0.0002,2026-09-07T05:41:17.447020Z
NA001096,P000538,0.0021,0.0009,0.0004,2026-09-07T05:41:17.447024Z
NA001097,VH000216,0.0005,0,0.0002,2026-09-07T05:41:17.447029Z
NA001098,P000542,0.0027,0.0007,0.0005,2026-09-07T05:41:17.447033Z
NA001099,VH000217,0.0005,0,0.0002,2026-09-07T05:41:17.447051Z
NA001100,P000543,0.0021,0.0008,0.0005,2026-09-07T05:41:17.447073Z
NA001101,VH000218,0.0005,0,0.0002,2026-09-07T05:41:17.447084Z
NA001102,P000546,0.0021,0.0006,0.0005,2026-09-07T05:41:17.447099Z
NA001103,VH000219,0.0005,0,0.0002,2026-09-07T05:41:17.447108Z
NA001104,VH000220,0.0005,0,0.0002,2026-09-07T05:41:17.447117Z
NA001105,P000555,0.0027,0.0013,0.0006,2026-09-07T05:41:17.447126Z
NA001106,VH000221,0.0005,0,0.0002,2026-09-07T05:41:17.447134Z
NA001107,VH000222,0.0005,0,0.0002,2026-09-07T05:41:17.447143Z
NA001108,VH000223,0.0005,0,0.0002,2026-09-07T05:41:17.447151Z
NA001109,VH000224,0.0005,0,0.0002,2026-09-07T05:41:17.447159Z
NA001110,P000571,0.0021,0.0009,0.0004,2026-09-07T05:41:17.447171Z
NA001111,VH000225,0.0005,0,0.0002,2026-09-07T05:41:17.447180Z
NA001112,VH000226,0.0005,0,0.0002,2026-09-07T05:41:17.447188Z
NA001113,VH000227,0.0005,0,0.0002,2026-09-07T05:41:17.447196Z
NA001114,P000577,0.0032,0.0013,0.0005,2026-09-07T05:41:17.447205Z
NA001115,VH000228,0.0005,0,0.0002,2026-09-07T05:41:17.447213Z
NA001116,P000582,0.0027,0.0014,0.0005,2026-09-07T05:41:17.447222Z
NA001117,VH000229,0.0005,0,0.0002,2026-09-07T05:41:17.447230Z
NA001118,P000583,0.0032,0.0012,0.0006,2026-09-07T05:41:17.447239Z
NA001119,VH000230,0.0005,0,0.0002,2026-09-07T05:41:17.447247Z
NA001120,P000588,0.0038,0.0011,0.0007,2026-09-07T05:41:17.447256Z
NA001121,VH000231,0.0005,0,0.0002,2026-09-07T05:41:17.447266Z
NA001122,VH000232,0.0005,0,0.0002,2026-09-07T05:41:17.447274Z
NA001123,P000615,0.0016,0.0057,0.0004,2026-09-07T05:41:17.447283Z
NA001124,VH000233,0.0005,0,0.0002,2026-09-07T05:41:17.447294Z
NA001125,VH000234,0.0005,0,0.0002,2026-09-07T05:41:17.447305Z
NA001126,AC000002,0.0005,0,0.0001,2026-09-07T05:41:17.447326Z
NA001127,AC000003,0.0274,0.0205,0.0049,2026-09-07T05:41:17.447336Z
NA001128,AC000004,0.0279,0.0312,0.0049,2026-09-07T05:41:17.447345Z
NA001129,AC000005,0.0016,0.0014,0.0003,2026-09-07T05:41:17.447353Z
NA001130,AC000006,0.0005,0,0.0001,2026-09-07T05:41:17.447362Z
NA001131,AC000007,0.0005,0,0.0001,2026-09-07T05:41:17.447370Z
NA001132,AC000008,0.0011,0.0003,0.0002,2026-09-07T05:41:17.447379Z
NA001133,AC000009,0.0005,0,0.0002,2026-09-07T05:41:17.447388Z
NA001134,AC000010,0.0005,0,0.0002,2026-09-07T05:41:17.447396Z
NA001135,AC000011,0.0005,0,0.0002,2026-09-07T05:41:17.447405Z
NA001136,AC000012,0.0005,0,0.0002,2026-09-07T05:41:17.447413Z
NA001137,AC000013,0.0005,0,0.0002,2026-09-07T05:41:17.447451Z
NA001138,AC000014,0.0016,0.0009,0.0003,2026-09-07T05:41:17.447457Z
NA001139,AC000015,0.0011,0.0002,0.0002,2026-09-07T05:41:17.447463Z
NA001140,AC000016,0.0005,0,0.0002,2026-09-07T05:41:17.447468Z
NA001141,AC000017,0.0011,0.0002,0.0002,2026-09-07T05:41:17.447476Z
NA001142,AC000018,0.0005,0,0.0001,2026-09-07T05:41:17.447481Z
NA001143,AC000019,0.0005,0,0.0002,2026-09-07T05:41:17.447486Z
NA001144,AC000020,0.0005,0,0.0002,2026-09-07T05:41:17.447491Z
NA001145,AC000021,0.0005,0,0.0001,2026-09-07T05:41:17.447496Z
NA001146,AC000022,0.0011,0.0007,0.0002,2026-09-07T05:41:17.447500Z
NA001147,AC000023,0.0413,0.0488,0.0072,2026-09-07T05:41:17.447505Z
NA001148,AC000024,0.0301,0.0216,0.0054,2026-09-07T05:41:17.447510Z
NA001149,AC000025,0.0021,0.0006,0.0004,2026-09-07T05:41:17.447515Z
NA001150,AC000026,0.0011,0.0001,0.0003,2026-09-07T05:41:17.447531Z
NA001151,AC000027,0.0011,0.0001,0.0003,2026-09-07T05:41:17.447539Z
NA001152,AC000028,0.0011,0.0004,0.0002,2026-09-07T05:41:17.447545Z
NA001153,AC000029,0.0011,0.0004,0.0002,2026-09-07T05:41:17.447549Z
NA001154,AC000030,0.0011,0.0006,0.0002,2026-09-07T05:41:17.447554Z
NA001155,AC000031,0.0021,0.0014,0.0004,2026-09-07T05:41:17.447559Z
NA001156,AC000032,0.0016,0.0003,0.0003,2026-09-07T05:41:17.447566Z
NA001157,AC000033,0.0016,0.0008,0.0003,2026-09-07T05:41:17.447571Z
NA001158,AC000034,0.0005,0,0.0001,2026-09-07T05:41:17.447576Z
NA001159,AC000035,0.0005,0,0.0001,2026-09-07T05:41:17.447581Z
NA001160,AC000036,0.0005,0,0.0001,2026-09-07T05:41:17.447587Z
NA001161,AC000037,0.0011,0.0002,0.0002,2026-09-07T05:41:17.447592Z
NA001162,AC000039,0.0011,0.0003,0.0002,2026-09-07T05:41:17.447613Z
NA001163,AC000040,0.0021,0.0006,0.0004,2026-09-07T05:41:17.447623Z
NA001164,AC000041,0.0011,0.0001,0.0003,2026-09-07T05:41:17.447628Z
NA001165,AC000042,0.0021,0.0007,0.0004,2026-09-07T05:41:17.447633Z
NA001166,AC000043,0.0016,0.0022,0.0003,2026-09-07T05:41:17.447639Z
NA001167,AC000044,0.0011,0.0005,0.0002,2026-09-07T05:41:17.447644Z
NA001168,AC000045,0.0005,0,0.0001,2026-09-07T05:41:17.447649Z
NA001169,AC000046,0.0021,0.0007,0.0004,2026-09-07T05:41:17.447654Z
NA001170,AC000047,0.0016,0.001,0.0003,2026-09-07T05:41:17.447659Z
NA001171,AC000048,0.0016,0.0006,0.0003,2026-09-07T05:41:17.447664Z
NA001172,AC000049,0.0011,0.0004,0.0002,2026-09-07T05:41:17.447668Z
NA001173,AC000050,0.0005,0,0.0001,2026-09-07T05:41:17.447673Z
NA001174,AC000051,0.0011,0.0002,0.0002,2026-09-07T05:41:17.447678Z
NA001175,AC000052,0.0021,0.0012,0.0004,2026-09-07T05:41:17.447682Z
NA001176,AC000053,0.0005,0,0.0001,2026-09-07T05:41:17.447687Z
NA001177,AC000054,0.0011,0.0009,0.0002,2026-09-07T05:41:17.447692Z
NA001178,AC000055,0.0027,0.0011,0.0005,2026-09-07T05:41:17.447696Z
NA001179,AC000056,0.0016,0.0003,0.0004,2026-09-07T05:41:17.447701Z
NA001180,AC000057,0.0016,0.0006,0.0004,2026-09-07T05:41:17.447707Z
NA001181,AC000058,0.0016,0.0007,0.0004,2026-09-07T05:41:17.447712Z
NA001182,AC000059,0.0005,0,0.0001,2026-09-07T05:41:17.447717Z
NA001183,AC000060,0.0005,0,0.0001,2026-09-07T05:41:17.447722Z
NA001184,AC000061,0.0005,0,0.0001,2026-09-07T05:41:17.447726Z
NA001185,AC000062,0.0005,0,0.0002,2026-09-07T05:41:17.447731Z
NA001186,AC000063,0.0011,0.0004,0.0002,2026-09-07T05:41:17.447735Z
NA001187,AC000064,0.0011,0.0002,0.0002,2026-09-07T05:41:17.447740Z
NA001188,AC000065,0.0005,0,0.0001,2026-09-07T05:41:17.447746Z
NA001189,AC000066,0.0005,0,0.0001,2026-09-07T05:41:17.447751Z
NA001190,AC000067,0.0016,0.0014,0.0003,2026-09-07T05:41:17.447756Z
NA001191,AC000068,0.0011,0.0003,0.0002,2026-09-07T05:41:17.447761Z
NA001192,AC000069,0.0005,0,0.0001,2026-09-07T05:41:17.447766Z
NA001193,AC000070,0.0005,0,0.0002,2026-09-07T05:41:17.447770Z
NA001194,AC000071,0.0011,0.0003,0.0002,2026-09-07T05:41:17.447776Z
NA001195,AC000072,0.0005,0,0.0001,2026-09-07T05:41:17.447781Z
NA001196,AC000073,0.0005,0,0.0001,2026-09-07T05:41:17.447786Z
NA001197,AC000074,0.0005,0,0.0001,2026-09-07T05:41:17.447790Z
NA001198,AC000075,0.0005,0,0.0001,2026-09-07T05:41:17.447795Z
NA001199,AC000076,0.0011,0.0003,0.0002,2026-09-07T05:41:17.447801Z
NA001200,AC000077,0.0011,0.0001,0.0002,2026-09-07T05:41:17.447805Z
NA001201,AC000078,0.0011,0.0001,0.0002,2026-09-07T05:41:17.447810Z
NA001202,AC000079,0.0011,0.0002,0.0002,2026-09-07T05:41:17.447815Z
NA001203,AC000080,0.0011,0.0002,0.0002,2026-09-07T05:41:17.447820Z
NA001204,AC000081,0.0005,0,0.0002,2026-09-07T05:41:17.447824Z
NA001205,AC000082,0.0011,0.0006,0.0002,2026-09-07T05:41:17.447829Z
NA001206,AC000084,0.0011,0.0004,0.0002,2026-09-07T05:41:17.447834Z
NA001207,AC000085,0.0011,0.0001,0.0003,2026-09-07T05:41:17.447839Z
NA001208,AC000086,0.0021,0.0021,0.0004,2026-09-07T05:41:17.447843Z
NA001209,AC000087,0.0011,0.0007,0.0002,2026-09-07T05:41:17.447849Z
NA001210,AC000088,0.0016,0.0005,0.0003,2026-09-07T05:41:17.447854Z
NA001211,AC000089,0.0016,0.0007,0.0003,2026-09-07T05:41:17.447859Z
NA001212,AC000090,0.0005,0,0.0001,2026-09-07T05:41:17.447864Z
NA001213,AC000091,0.0005,0,0.0001,2026-09-07T05:41:17.447868Z
NA001214,AC000092,0.0005,0,0.0001,2026-09-07T05:41:17.447873Z
NA001215,AC000093,0.0011,0.0001,0.0002,2026-09-07T05:41:17.447878Z
NA001216,AC000094,0.0011,0.0006,0.0002,2026-09-07T05:41:17.447883Z
NA001217,AC000095,0.0005,0,0.0001,2026-09-07T05:41:17.447887Z
NA001218,AC000096,0.0016,0.0008,0.0003,2026-09-07T05:41:17.447892Z
NA001219,AC000097,0.0011,0.0002,0.0002,2026-09-07T05:41:17.447898Z
NA001220,AC000098,0.0011,0.0002,0.0002,2026-09-07T05:41:17.447904Z
NA001221,AC000099,0.0011,0.0002,0.0002,2026-09-07T05:41:17.447909Z
NA001222,AC000100,0.0005,0,0.0002,2026-09-07T05:41:17.447914Z
NA001223,AC000101,0.0011,0.0006,0.0002,2026-09-07T05:41:17.447918Z
NA001224,AC000102,0.0016,0.0007,0.0003,2026-09-07T05:41:17.447924Z
NA001225,AC000103,0.0005,0,0.0001,2026-09-07T05:41:17.447928Z
NA001226,AC000104,0.0011,0.0001,0.0002,2026-09-07T05:41:17.447933Z
NA001227,AC000105,0.0005,0,0.0001,2026-09-07T05:41:17.447938Z
NA001228,AC000106,0.0005,0,0.0001,2026-09-07T05:41:17.447942Z
NA001229,AC000107,0.0005,0,0.0001,2026-09-07T05:41:17.447946Z
NA001230,AC000108,0.0011,0.001,0.0002,2026-09-07T05:41:17.447951Z
NA001231,AC000109,0.0011,0.0001,0.0002,2026-09-07T05:41:17.447956Z
NA001232,AC000110,0.0011,0.0001,0.0002,2026-09-07T05:41:17.447960Z
NA001233,AC000111,0.0005,0,0.0001,2026-09-07T05:41:17.447965Z
NA001234,AC000112,0.0005,0,0.0001,2026-09-07T05:41:17.447969Z
NA001235,AC000113,0.0011,0.0006,0.0002,2026-09-07T05:41:17.447974Z
NA001236,AC000114,0.0011,0.0001,0.0002,2026-09-07T05:41:17.447979Z
NA001237,AC000115,0.0016,0.0003,0.0003,2026-09-07T05:41:17.447983Z
NA001238,AC000116,0.0021,0.0014,0.0005,2026-09-07T05:41:17.447990Z
NA001239,AC000117,0.0016,0.0008,0.0003,2026-09-07T05:41:17.447995Z
NA001240,AC000118,0.0016,0.0012,0.0003,2026-09-07T05:41:17.448000Z
NA001241,AC000119,0.0011,0.0006,0.0002,2026-09-07T05:41:17.448004Z
NA001242,AC000120,0.0005,0,0.0001,2026-09-07T05:41:17.448010Z
NA001243,AC000121,0.0005,0,0.0001,2026-09-07T05:41:17.448014Z
NA001244,AC000122,0.0011,0.0003,0.0002,2026-09-07T05:41:17.448019Z
NA001245,AC000123,0.0011,0.0004,0.0002,2026-09-07T05:41:17.448023Z
NA001246,AC000124,0.0005,0,0.0001,2026-09-07T05:41:17.448031Z
NA001247,AC000125,0.0005,0,0.0001,2026-09-07T05:41:17.448035Z
NA001248,AC000126,0.0005,0,0.0002,2026-09-07T05:41:17.448040Z
NA001249,AC000127,0.0005,0,0.0002,2026-09-07T05:41:17.448044Z
NA001250,AC000128,0.0011,0.0002,0.0002,2026-09-07T05:41:17.448048Z
NA001251,AC000130,0.0005,0,0.0001,2026-09-07T05:41:17.448055Z
NA001252,AC000131,0.0027,0.0007,0.0005,2026-09-07T05:41:17.448061Z
NA001253,AC000132,0.0011,0.0001,0.0002,2026-09-07T05:41:17.448066Z
NA001254,AC000133,0.0016,0.0002,0.0004,2026-09-07T05:41:17.448071Z
NA001255,AC000134,0.0011,0.0004,0.0002,2026-09-07T05:41:17.448076Z
NA001256,AC000135,0.0005,0,0.0001,2026-09-07T05:41:17.448080Z
NA001257,AC000136,0.0005,0,0.0001,2026-09-07T05:41:17.448085Z
NA001258,AC000137,0.0005,0,0.0001,2026-09-07T05:41:17.448091Z
NA001259,AC000138,0.0005,0,0.0001,2026-09-07T05:41:17.448096Z
NA001260,AC000139,0.0011,0.0006,0.0002,2026-09-07T05:41:17.448100Z
NA001261,AC000140,0.0005,0,0.0001,2026-09-07T05:41:17.448105Z
NA001262,AC000141,0.0011,0.0004,0.0002,2026-09-07T05:41:17.448110Z
NA001263,AC000142,0.0005,0,0.0001,2026-09-07T05:41:17.448114Z
NA001264,AC000143,0.0005,0,0.0001,2026-09-07T05:41:17.448119Z
NA001265,AC000144,0.0016,0.0009,0.0003,2026-09-07T05:41:17.448123Z
NA001266,AC000145,0.0021,0.0005,0.0004,2026-09-07T05:41:17.448128Z
NA001267,AC000146,0.0016,0.0006,0.0003,2026-09-07T05:41:17.448133Z
NA001268,AC000147,0.0016,0.0005,0.0004,2026-09-07T05:41:17.448137Z
NA001269,AC000148,0.0011,0.0001,0.0003,2026-09-07T05:41:17.448142Z
NA001270,AC000149,0.0016,0.0007,0.0003,2026-09-07T05:41:17.448146Z
NA001271,AC000150,0.0011,0.0002,0.0003,2026-09-07T05:41:17.448150Z
NA001272,AC000151,0.0011,0.0004,0.0002,2026-09-07T05:41:17.448155Z
NA001273,AC000152,0.0011,0.0003,0.0002,2026-09-07T05:41:17.448159Z
NA001274,AC000153,0.0005,0,0.0001,2026-09-07T05:41:17.448163Z
NA001275,AC000154,0.0005,0,0.0002,2026-09-07T05:41:17.448168Z
NA001276,AC000155,0.0005,0,0.0001,2026-09-07T05:41:17.448172Z
NA001277,AC000156,0.0011,0.0007,0.0002,2026-09-07T05:41:17.448179Z
NA001278,AC000157,0.0005,0,0.0002,2026-09-07T05:41:17.448183Z
NA001279,AC000158,0.0011,0.0001,0.0002,2026-09-07T05:41:17.448189Z
NA001280,AC000159,0.0016,0.0005,0.0003,2026-09-07T05:41:17.448194Z
NA001281,AC000160,0.0005,0,0.0001,2026-09-07T05:41:17.448198Z
NA001282,AC000161,0.0005,0,0.0002,2026-09-07T05:41:17.448203Z
NA001283,AC000162,0.0005,0,0.0001,2026-09-07T05:41:17.448207Z
NA001284,AC000163,0.0005,0,0.0002,2026-09-07T05:41:17.448213Z
NA001285,AC000164,0.0016,0.0011,0.0003,2026-09-07T05:41:17.448218Z
NA001286,AC000165,0.0011,0.0004,0.0002,2026-09-07T05:41:17.448223Z
NA001287,AC000167,0.0011,0.0006,0.0002,2026-09-07T05:41:17.448228Z
NA001288,AC000168,0.0016,0.0004,0.0004,2026-09-07T05:41:17.448233Z
NA001289,AC000169,0.0011,0.0002,0.0002,2026-09-07T05:41:17.448238Z
NA001290,AC000170,0.0005,0,0.0001,2026-09-07T05:41:17.448242Z
NA001291,AC000171,0.0005,0,0.0001,2026-09-07T05:41:17.448246Z
NA001292,AC000172,0.0005,0,0.0001,2026-09-07T05:41:17.448251Z
NA001293,AC000173,0.0005,0,0.0001,2026-09-07T05:41:17.448256Z
NA001294,AC000174,0.0005,0,0.0001,2026-09-07T05:41:17.448262Z
NA001295,AC000175,0.0011,0.0005,0.0002,2026-09-07T05:41:17.448267Z
NA001296,AC000176,0.0005,0,0.0001,2026-09-07T05:41:17.448272Z
NA001297,AC000177,0.0011,0.0004,0.0002,2026-09-07T05:41:17.448278Z
NA001298,AC000178,0.0011,0.0006,0.0002,2026-09-07T05:41:17.448283Z
NA001299,AC000179,0.0011,0.0003,0.0002,2026-09-07T05:41:17.448288Z
NA001300,AC000180,0.0011,0.0001,0.0002,2026-09-07T05:41:17.448292Z
NA001301,AC000181,0.0011,0.0002,0.0002,2026-09-07T05:41:17.448297Z
NA001302,AC000182,0.0011,0.0003,0.0002,2026-09-07T05:41:17.448302Z
NA001303,AC000183,0.0005,0,0.0001,2026-09-07T05:41:17.448306Z
NA001304,AC000184,0.0005,0,0.0001,2026-09-07T05:41:17.448311Z
NA001305,AC000185,0.0011,0.0005,0.0002,2026-09-07T05:41:17.448315Z
NA001306,AC000186,0.0005,0,0.0001,2026-09-07T05:41:17.448320Z
NA001307,AC000187,0.0016,0.0009,0.0003,2026-09-07T05:41:17.448325Z
NA001308,AC000188,0.0011,0.0002,0.0003,2026-09-07T05:41:17.448329Z
NA001309,AC000189,0.0005,0,0.0001,2026-09-07T05:41:17.448333Z
NA001310,AC000190,0.0011,0.0006,0.0002,2026-09-07T05:41:17.448338Z
NA001311,AC000191,0.0005,0,0.0001,2026-09-07T05:41:17.448342Z
NA001312,AC000192,0.0011,0.0004,0.0002,2026-09-07T05:41:17.448347Z
NA001313,AC000193,0.0016,0.0009,0.0003,2026-09-07T05:41:17.448351Z
NA001314,AC000194,0.0005,0,0.0002,2026-09-07T05:41:17.448356Z
NA001315,AC000195,0.0011,0.0003,0.0002,2026-09-07T05:41:17.448360Z
NA001316,AC000196,0.0011,0.0004,0.0002,2026-09-07T05:41:17.448367Z
NA001317,AC000197,0.0011,0.0006,0.0002,2026-09-07T05:41:17.448372Z
NA001318,AC000198,0.0016,0.0006,0.0003,2026-09-07T05:41:17.448376Z
NA001319,AC000199,0.0011,0.0004,0.0002,2026-09-07T05:41:17.448381Z
NA001320,AC000200,0.0016,0.0005,0.0003,2026-09-07T05:41:17.448385Z
NA001321,AC000201,0.0005,0,0.0002,2026-09-07T05:41:17.448390Z
NA001322,AC000202,0.0011,0.0007,0.0002,2026-09-07T05:41:17.448394Z
NA001323,AC000204,0.0005,0,0.0001,2026-09-07T05:41:17.448399Z
NA001324,AC000205,0.0005,0,0.0002,2026-09-07T05:41:17.448403Z
NA001325,AC000206,0.0005,0,0.0002,2026-09-07T05:41:17.448408Z
NA001326,AC000207,0.0011,0.0005,0.0002,2026-09-07T05:41:17.448412Z
NA001327,AC000208,0.0011,0.0005,0.0002,2026-09-07T05:41:17.448417Z
NA001328,AC000209,0.0005,0,0.0002,2026-09-07T05:41:17.448421Z
NA001329,AC000210,0.0005,0,0.0002,2026-09-07T05:41:17.448426Z
NA001330,AC000211,0.0011,0.0004,0.0002,2026-09-07T05:41:17.448430Z
NA001331,AC000212,0.0005,0,0.0002,2026-09-07T05:41:17.448434Z
NA001332,AC000213,0.0005,0,0.0002,2026-09-07T05:41:17.448439Z
NA001333,AC000214,0.0011,0.0003,0.0002,2026-09-07T05:41:17.448443Z
NA001334,AC000215,0.0005,0,0.0002,2026-09-07T05:41:17.448447Z
NA001335,AC000216,0.0005,0,0.0002,2026-09-07T05:41:17.448452Z
NA001336,AC000217,0.0005,0,0.0002,2026-09-07T05:41:17.448459Z
NA001337,AC000218,0.0011,0.0004,0.0002,2026-09-07T05:41:17.448464Z
NA001338,AC000219,0.0005,0,0.0002,2026-09-07T05:41:17.448469Z
NA001339,AC000220,0.0016,0.0008,0.0003,2026-09-07T05:41:17.448473Z
NA001340,AC000221,0.0005,0,0.0002,2026-09-07T05:41:17.448477Z
NA001341,AC000222,0.0005,0,0.0002,2026-09-07T05:41:17.448482Z
NA001342,AC000223,0.0011,0.0003,0.0002,2026-09-07T05:41:17.448487Z
NA001343,AC000224,0.0011,0.0004,0.0002,2026-09-07T05:41:17.448491Z
NA001344,AC000225,0.0005,0,0.0002,2026-09-07T05:41:17.448496Z
NA001345,AC000226,0.0011,0.0005,0.0002,2026-09-07T05:41:17.448500Z
NA001346,AC000227,0.0011,0.0001,0.0002,2026-09-07T05:41:17.448504Z
NA001347,AC000228,0.0011,0.0002,0.0002,2026-09-07T05:41:17.448509Z
NA001348,AC000229,0.0005,0,0.0002,2026-09-07T05:41:17.448515Z
NA001349,AC000230,0.0011,0.0003,0.0002,2026-09-07T05:41:17.448520Z
NA001350,AC000231,0.0005,0,0.0002,2026-09-07T05:41:17.448524Z
NA001351,AC000232,0.0005,0,0.0002,2026-09-07T05:41:17.448529Z
NA001352,AC000233,0.0011,0.0007,0.0002,2026-09-07T05:41:17.448533Z
NA001353,AC000234,0.0011,0.0006,0.0002,2026-09-07T05:41:17.448538Z
NA001354,AC000235,0.0005,0,0.0002,2026-09-07T05:41:17.448542Z
NA001355,AC000236,0.0011,0.0006,0.0002,2026-09-07T05:41:17.448549Z
NA001356,AC000237,0.0011,0.0006,0.0002,2026-09-07T05:41:17.448553Z
NA001357,AC000238,0.0011,0.0003,0.0002,2026-09-07T05:41:17.448558Z
NA001358,AC000239,0.0016,0.0005,0.0003,2026-09-07T05:41:17.448562Z
NA001359,AC000240,0.0011,0.0003,0.0002,2026-09-07T05:41:17.448567Z
NA001360,AC000241,0.0005,0,0.0002,2026-09-07T05:41:17.448572Z
NA001361,AC000242,0.0011,0.0007,0.0002,2026-09-07T05:41:17.448576Z
NA001362,AC000243,0.0011,0.0005,0.0002,2026-09-07T05:41:17.448581Z
NA001363,AC000244,0.0005,0,0.0002,2026-09-07T05:41:17.448585Z
NA001364,AC000245,0.0016,0.0004,0.0003,2026-09-07T05:41:17.448591Z
NA001365,AC000246,0.0005,0,0.0002,2026-09-07T05:41:17.448596Z
NA001366,AC000247,0.0011,0.0002,0.0002,2026-09-07T05:41:17.448600Z
NA001367,P000216,0.0043,0.0028,0.0007,2026-09-07T05:41:17.448605Z
NA001368,AC000248,0.0011,0.0001,0.0002,2026-09-07T05:41:17.448609Z
NA001369,P000217,0.0043,0.0019,0.0007,2026-09-07T05:41:17.448614Z
NA001370,AC000249,0.0011,0.0004,0.0002,2026-09-07T05:41:17.448618Z
NA001371,AC000250,0.0005,0,0.0002,2026-09-07T05:41:17.448623Z
NA001372,P000223,0.0048,0.0018,0.0007,2026-09-07T05:41:17.448627Z
NA001373,AC000251,0.0005,0,0.0002,2026-09-07T05:41:17.448632Z
NA001374,AC000252,0.0011,0.0001,0.0002,2026-09-07T05:41:17.448636Z
NA001375,AC000253,0.0011,0.0002,0.0002,2026-09-07T05:41:17.448643Z
NA001376,P000232,0.0032,0.0009,0.0006,2026-09-07T05:41:17.448647Z
NA001377,AC000254,0.0011,0.0001,0.0002,2026-09-07T05:41:17.448652Z
NA001378,AC000255,0.0005,0,0.0002,2026-09-07T05:41:17.448656Z
NA001379,AC000256,0.0011,0.0001,0.0002,2026-09-07T05:41:17.448663Z
NA001380,AC000257,0.0005,0,0.0002,2026-09-07T05:41:17.448669Z
NA001381,P000259,0.0032,0.001,0.0005,2026-09-07T05:41:17.448673Z
NA001382,AC000258,0.0016,0.0002,0.0003,2026-09-07T05:41:17.448678Z
NA001383,P000260,0.0027,0.0009,0.0005,2026-09-07T05:41:17.448682Z
NA001384,AC000259,0.0005,0,0.0002,2026-09-07T05:41:17.448687Z
NA001385,AC000260,0.0016,0.0003,0.0003,2026-09-07T05:41:17.448691Z
NA001386,AC000261,0.0011,0.0001,0.0002,2026-09-07T05:41:17.448696Z
NA001387,AC000262,0.0005,0,0.0002,2026-09-07T05:41:17.448700Z
NA001388,AC000263,0.0005,0,0.0002,2026-09-07T05:41:17.448705Z
NA001389,AC000264,0.0011,0.0006,0.0002,2026-09-07T05:41:17.448709Z
NA001390,P000285,0.0059,0.0066,0.0009,2026-09-07T05:41:17.448714Z
NA001391,AC000265,0.0011,0.0003,0.0002,2026-09-07T05:41:17.448718Z
NA001392,P000288,0.0032,0.0009,0.0005,2026-09-07T05:41:17.448722Z
NA001393,AC000266,0.0005,0,0.0002,2026-09-07T05:41:17.448727Z
NA001394,AC000267,0.0005,0,0.0002,2026-09-07T05:41:17.448733Z
NA001395,P000292,0.0032,0.0024,0.0005,2026-09-07T05:41:17.448738Z
NA001396,AC000268,0.0016,0.0002,0.0003,2026-09-07T05:41:17.448742Z
NA001397,AC000269,0.0011,0.0001,0.0003,2026-09-07T05:41:17.448747Z
NA001398,AC000270,0.0005,0,0.0002,2026-09-07T05:41:17.448751Z
NA001399,P000306,0.0075,0.0049,0.0011,2026-09-07T05:41:17.448756Z
NA001400,AC000271,0.0005,0,0.0001,2026-09-07T05:41:17.448760Z
NA001401,P000312,0.0032,0.0011,0.0006,2026-09-07T05:41:17.448765Z
NA001402,AC000272,0.0005,0,0.0002,2026-09-07T05:41:17.448770Z
NA001403,AC000273,0.0011,0.0002,0.0002,2026-09-07T05:41:17.448774Z
NA001404,AC000274,0.0005,0,0.0002,2026-09-07T05:41:17.448779Z
NA001405,AC000275,0.0005,0,0.0002,2026-09-07T05:41:17.448783Z
NA001406,P000330,0.0021,0.0008,0.0004,2026-09-07T05:41:17.448790Z
NA001407,AC000276,0.0005,0,0.0002,2026-09-07T05:41:17.448794Z
NA001408,AC000277,0.0005,0,0.0002,2026-09-07T05:41:17.448799Z
NA001409,P000332,0.007,0.0055,0.001,2026-09-07T05:41:17.448804Z
NA001410,AC000278,0.0005,0,0.0001,2026-09-07T05:41:17.448808Z
NA001411,P000336,0.0032,0.0004,0.0005,2026-09-07T05:41:17.448815Z
NA001412,AC000279,0.0016,0.0001,0.0003,2026-09-07T05:41:17.448820Z
NA001413,AC000280,0.0005,0,0.0002,2026-09-07T05:41:17.448824Z
NA001414,P000347,0.0032,0.0062,0.0005,2026-09-07T05:41:17.448831Z
NA001415,AC000281,0.0005,0,0.0002,2026-09-07T05:41:17.448835Z
NA001416,AC000282,0.0011,0.0004,0.0002,2026-09-07T05:41:17.448840Z
NA001417,AC000283,0.0011,0.0001,0.0002,2026-09-07T05:41:17.448844Z
NA001418,P000362,0.0048,0.0033,0.0007,2026-09-07T05:41:17.448849Z
NA001419,AC000284,0.0011,0.0006,0.0002,2026-09-07T05:41:17.448854Z
NA001420,P000363,0.0097,0.0086,0.0014,2026-09-07T05:41:17.448858Z
NA001421,AC000285,0.0011,0.0003,0.0002,2026-09-07T05:41:17.448864Z
NA001422,P000365,0.0038,0.002,0.0006,2026-09-07T05:41:17.448869Z
NA001423,AC000286,0.0005,0,0.0002,2026-09-07T05:41:17.448873Z
NA001424,P000366,0.0032,0.001,0.0006,2026-09-07T05:41:17.448878Z
NA001425,AC000287,0.0005,0,0.0002,2026-09-07T05:41:17.448883Z
NA001426,AC000288,0.0011,0.0008,0.0003,2026-09-07T05:41:17.448888Z
NA001427,AC000289,0.0011,0.0002,0.0002,2026-09-07T05:41:17.448892Z
NA001428,AC000290,0.0005,0,0.0002,2026-09-07T05:41:17.448896Z
NA001429,P000372,0.0043,0.0026,0.0007,2026-09-07T05:41:17.448901Z
NA001430,AC000291,0.0005,0,0.0002,2026-09-07T05:41:17.448906Z
NA001431,P000380,0.0054,0.0073,0.0008,2026-09-07T05:41:17.448910Z
NA001432,AC000292,0.0005,0,0.0001,2026-09-07T05:41:17.448914Z
NA001433,AC000293,0.0011,0.0007,0.0002,2026-09-07T05:41:17.448920Z
NA001434,AC000294,0.0005,0,0.0002,2026-09-07T05:41:17.448925Z
NA001435,P000388,0.0032,0.0015,0.0006,2026-09-07T05:41:17.448929Z
NA001436,AC000295,0.0005,0,0.0002,2026-09-07T05:41:17.448934Z
NA001437,P000392,0.0038,0.0022,0.0007,2026-09-07T05:41:17.448938Z
NA001438,AC000296,0.0005,0,0.0002,2026-09-07T05:41:17.448943Z
NA001439,AC000297,0.0005,0,0.0002,2026-09-07T05:41:17.448947Z
NA001440,AC000298,0.0011,0.0002,0.0002,2026-09-07T05:41:17.448952Z
NA001441,AC000299,0.0005,0,0.0002,2026-09-07T05:41:17.448956Z
NA001442,AC000300,0.0005,0,0.0002,2026-09-07T05:41:17.448960Z
NA001443,AC000301,0.0011,0.0005,0.0002,2026-09-07T05:41:17.448967Z
NA001444,AC000302,0.0005,0,0.0002,2026-09-07T05:41:17.448971Z
NA001445,AC000303,0.0005,0,0.0002,2026-09-07T05:41:17.448976Z
NA001446,P000414,0.007,0.0053,0.0009,2026-09-07T05:41:17.448981Z
NA001447,AC000304,0.0016,0.0005,0.0003,2026-09-07T05:41:17.448985Z
NA001448,P000422,0.0032,0.0011,0.0005,2026-09-07T05:41:17.448990Z
NA001449,AC000305,0.0011,0.0001,0.0002,2026-09-07T05:41:17.448995Z
NA001450,AC000306,0.0011,0.0002,0.0002,2026-09-07T05:41:17.449002Z
NA001451,AC000307,0.0011,0.0005,0.0002,2026-09-07T05:41:17.449008Z
NA001452,P000436,0.007,0.01,0.001,2026-09-07T05:41:17.449012Z
NA001453,AC000308,0.0005,0,0.0001,2026-09-07T05:41:17.449018Z
NA001454,AC000309,0.0011,0.0001,0.0002,2026-09-07T05:41:17.449024Z
NA001455,AC000310,0.0005,0,0.0002,2026-09-07T05:41:17.449028Z
NA001456,AC000311,0.0011,0.0002,0.0003,2026-09-07T05:41:17.449033Z
NA001457,P000447,0.0016,0.0007,0.0004,2026-09-07T05:41:17.449037Z
NA001458,AC000312,0.0005,0,0.0002,2026-09-07T05:41:17.449042Z
NA001459,P000450,0.0011,0.0005,0.0003,2026-09-07T05:41:17.449046Z
NA001460,AC000313,0.0005,0,0.0002,2026-09-07T05:41:17.449051Z
NA001461,P000451,0.0011,0.0001,0.0003,2026-09-07T05:41:17.449055Z
NA001462,AC000314,0.0016,0.0003,0.0004,2026-09-07T05:41:17.449060Z
NA001463,P000463,0.0021,0.0056,0.0005,2026-09-07T05:41:17.449065Z
NA001464,AC000315,0.0005,0,0.0002,2026-09-07T05:41:17.449071Z
NA001465,AC000316,0.0005,0,0.0002,2026-09-07T05:41:17.449076Z
NA001466,AC000317,0.0005,0,0.0002,2026-09-07T05:41:17.449080Z
NA001467,P000476,0.0027,0.0006,0.0005,2026-09-07T05:41:17.449085Z
NA001468,AC000318,0.0005,0,0.0002,2026-09-07T05:41:17.449089Z
NA001469,AC000319,0.0005,0,0.0002,2026-09-07T05:41:17.449093Z
NA001470,P000484,0.0016,0.0006,0.0004,2026-09-07T05:41:17.449098Z
NA001471,AC000320,0.0005,0,0.0002,2026-09-07T05:41:17.449102Z
NA001472,P000486,0.0021,0.0015,0.0004,2026-09-07T05:41:17.449109Z
NA001473,AC000321,0.0011,0.0001,0.0003,2026-09-07T05:41:17.449113Z
NA001474,P000487,0.0032,0.0006,0.0006,2026-09-07T05:41:17.449118Z
NA001475,AC000322,0.0011,0.0001,0.0002,2026-09-07T05:41:17.449124Z
NA001476,AC000323,0.0016,0.0002,0.0003,2026-09-07T05:41:17.449128Z
NA001477,P000492,0.0021,0.0003,0.0004,2026-09-07T05:41:17.449133Z
NA001478,AC000324,0.0016,0.0002,0.0003,2026-09-07T05:41:17.449137Z
NA001479,AC000325,0.0011,0.0012,0.0003,2026-09-07T05:41:17.449142Z
NA001480,P000504,0.0027,0.0007,0.0005,2026-09-07T05:41:17.449146Z
NA001481,AC000326,0.0005,0,0.0002,2026-09-07T05:41:17.449151Z
NA001482,P000509,0.0016,0.0002,0.0003,2026-09-07T05:41:17.449155Z
NA001483,AC000327,0.0016,0.0002,0.0003,2026-09-07T05:41:17.449160Z
NA001484,P000514,0.0027,0.0003,0.0005,2026-09-07T05:41:17.449164Z
NA001485,AC000328,0.0011,0.0001,0.0002,2026-09-07T05:41:17.449191Z
NA001486,P000515,0.0027,0.0006,0.0005,2026-09-07T05:41:17.449197Z
NA001487,AC000329,0.0011,0,0.0002,2026-09-07T05:41:17.449202Z
NA001488,AC000330,0.0011,0.0001,0.0003,2026-09-07T05:41:17.449206Z
NA001489,AC000331,0.0016,0.0003,0.0003,2026-09-07T05:41:17.449211Z
NA001490,AC000332,0.0011,0.0002,0.0003,2026-09-07T05:41:17.449216Z
NA001491,P000527,0.0021,0.0007,0.0004,2026-09-07T05:41:17.449220Z
NA001492,AC000333,0.0005,0,0.0002,2026-09-07T05:41:17.449226Z
NA001493,AC000334,0.0005,0,0.0002,2026-09-07T05:41:17.449231Z
NA001494,P000531,0.0021,0.0057,0.0004,2026-09-07T05:41:17.449235Z
NA001495,AC000335,0.0005,0,0.0002,2026-09-07T05:41:17.449240Z
NA001496,P000534,0.0016,0.0005,0.0004,2026-09-07T05:41:17.449245Z
NA001497,AC000336,0.0005,0,0.0002,2026-09-07T05:41:17.449249Z
NA001498,P000535,0.0027,0.0007,0.0005,2026-09-07T05:41:17.449254Z
NA001499,AC000337,0.0005,0,0.0002,2026-09-07T05:41:17.449259Z
NA001500,P000537,0.0021,0.0006,0.0004,2026-09-07T05:41:17.449264Z
NA001501,AC000338,0.0005,0,0.0002,2026-09-07T05:41:17.449269Z
NA001502,P000539,0.0021,0.0003,0.0004,2026-09-07T05:41:17.449273Z
NA001503,AC000339,0.0011,0.0001,0.0003,2026-09-07T05:41:17.449278Z
NA001504,AC000340,0.0016,0.0002,0.0003,2026-09-07T05:41:17.449282Z
NA001505,AC000341,0.0005,0,0.0002,2026-09-07T05:41:17.449286Z
NA001506,P000545,0.0016,0.0002,0.0003,2026-09-07T05:41:17.449293Z
NA001507,AC000342,0.0016,0.0002,0.0003,2026-09-07T05:41:17.449299Z
NA001508,AC000343,0.0011,0.0001,0.0003,2026-09-07T05:41:17.449304Z
NA001509,AC000344,0.0005,0,0.0002,2026-09-07T05:41:17.449309Z
NA001510,AC000345,0.0005,0,0.0002,2026-09-07T05:41:17.449313Z
NA001511,AC000346,0.0011,0.0002,0.0003,2026-09-07T05:41:17.449320Z
NA001512,P000559,0.0032,0.0011,0.0005,2026-09-07T05:41:17.449325Z
NA001513,AC000347,0.0011,0.0001,0.0002,2026-09-07T05:41:17.449329Z
NA001514,P000560,0.0027,0.0004,0.0005,2026-09-07T05:41:17.449334Z
NA001515,AC000348,0.0011,0,0.0002,2026-09-07T05:41:17.449339Z
NA001516,P000568,0.0027,0.0008,0.0006,2026-09-07T05:41:17.449343Z
NA001517,AC000349,0.0005,0,0.0002,2026-09-07T05:41:17.449348Z
NA001518,AC000350,0.0005,0,0.0002,2026-09-07T05:41:17.449352Z
NA001519,P000576,0.0027,0.0005,0.0005,2026-09-07T05:41:17.449357Z
NA001520,AC000351,0.0011,0.0001,0.0002,2026-09-07T05:41:17.449362Z
NA001521,P000578,0.0016,0.0007,0.0004,2026-09-07T05:41:17.449366Z
NA001522,AC000352,0.0005,0,0.0002,2026-09-07T05:41:17.449370Z
NA001523,AC000353,0.0011,0.0001,0.0003,2026-09-07T05:41:17.449375Z
NA001524,P000589,0.0021,0.0006,0.0004,2026-09-07T05:41:17.449380Z
NA001525,AC000354,0.0011,0.0001,0.0002,2026-09-07T05:41:17.449384Z
NA001526,P000591,0.0027,0.0007,0.0005,2026-09-07T05:41:17.449388Z
NA001527,AC000355,0.0005,0,0.0002,2026-09-07T05:41:17.449393Z
NA001528,P000592,0.0016,0.0005,0.0004,2026-09-07T05:41:17.449397Z
NA001529,AC000356,0.0005,0,0.0002,2026-09-07T05:41:17.449402Z
NA001530,P000597,0.0027,0.0031,0.0004,2026-09-07T05:41:17.449406Z
NA001531,AC000357,0.0011,0.0001,0.0002,2026-09-07T05:41:17.449413Z
NA001532,P000600,0.0032,0.0013,0.0005,2026-09-07T05:41:17.449418Z
NA001533,AC000358,0.0005,0,0.0002,2026-09-07T05:41:17.449422Z
NA001534,P000601,0.0021,0.0012,0.0004,2026-09-07T05:41:17.449428Z
NA001535,AC000359,0.0005,0,0.0002,2026-09-07T05:41:17.449433Z
NA001536,P000605,0.0011,0.0005,0.0003,2026-09-07T05:41:17.449438Z
NA001537,AC000360,0.0005,0,0.0002,2026-09-07T05:41:17.449442Z
NA001538,P000608,0.0032,0.0008,0.0005,2026-09-07T05:41:17.449447Z
NA001539,AC000361,0.0011,0.0004,0.0002,2026-09-07T05:41:17.449453Z
NA001540,P000612,0.0021,0.0006,0.0004,2026-09-07T05:41:17.449458Z
NA001541,AC000362,0.0005,0,0.0002,2026-09-07T05:41:17.449463Z
NA001542,AC000363,0.0016,0.0003,0.0003,2026-09-07T05:41:17.449467Z
NA001543,P000619,0.0038,0.0008,0.0006,2026-09-07T05:41:17.449472Z
NA001544,AC000364,0.0011,0.0001,0.0002,2026-09-07T05:41:17.449476Z
NA001545,ORG000024,0.0032,0.001,0.0007,2026-09-07T05:41:17.449481Z
NA001546,AC000365,0.0021,0.0003,0.0005,2026-09-07T05:41:17.449485Z
NA001547,ORG000016,0.0021,0.0018,0.0005,2026-09-07T05:41:17.449490Z
NA001548,AC000366,0.0005,0,0.0002,2026-09-07T05:41:17.449494Z
NA001549,ORG000023,0.0016,0.0001,0.0003,2026-09-07T05:41:17.449501Z
NA001550,AC000367,0.0021,0.0002,0.0005,2026-09-07T05:41:17.449507Z
NA001551,ORG000014,0.0016,0,0.0005,2026-09-07T05:41:17.449512Z
NA001552,AC000368,0.0011,0.0003,0.0003,2026-09-07T05:41:17.449517Z
NA001553,ORG000013,0.0043,0.0011,0.0009,2026-09-07T05:41:17.449521Z
NA001554,AC000369,0.0021,0.0003,0.0005,2026-09-07T05:41:17.449525Z
NA001555,ORG000021,0.0054,0.0015,0.0009,2026-09-07T05:41:17.449530Z
NA001556,AC000370,0.0021,0.0002,0.0005,2026-09-07T05:41:17.449534Z
NA001557,AC000371,0.0027,0.0009,0.0006,2026-09-07T05:41:17.449539Z
NA001558,AC000372,0.0005,0,0.0002,2026-09-07T05:41:17.449543Z
NA001559,AC000373,0.0016,0.0003,0.0004,2026-09-07T05:41:17.449547Z
NA001560,AC000374,0.0027,0.0006,0.0006,2026-09-07T05:41:17.449552Z
NA001561,AC000375,0.0005,0,0.0002,2026-09-07T05:41:17.449556Z
NA001562,ORG000017,0.0048,0.0016,0.0008,2026-09-07T05:41:17.449561Z
NA001563,AC000376,0.0016,0.0001,0.0003,2026-09-07T05:41:17.449565Z
NA001564,ORG000020,0.0038,0.0009,0.0008,2026-09-07T05:41:17.449569Z
NA001565,AC000377,0.0021,0.0002,0.0004,2026-09-07T05:41:17.449574Z
NA001566,AC000378,0.0011,0,0.0002,2026-09-07T05:41:17.449579Z
NA001567,AC000379,0.0016,0.0002,0.0004,2026-09-07T05:41:17.449583Z
NA001568,AC000380,0.0021,0.0005,0.0004,2026-09-07T05:41:17.449588Z
NA001569,AC000381,0.0011,0,0.0003,2026-09-07T05:41:17.449593Z
NA001570,AC000382,0.0011,0.0001,0.0003,2026-09-07T05:41:17.449599Z
NA001571,AC000383,0.0016,0.0001,0.0004,2026-09-07T05:41:17.449605Z
NA001572,AC000384,0.0027,0.0008,0.0005,2026-09-07T05:41:17.449610Z
NA001573,ORG000019,0.0027,0.0005,0.0005,2026-09-07T05:41:17.449615Z
NA001574,AC000385,0.0016,0.0001,0.0004,2026-09-07T05:41:17.449619Z
NA001575,AC000386,0.0011,0,0.0003,2026-09-07T05:41:17.449624Z
NA001576,ORG000022,0.0032,0.0006,0.0006,2026-09-07T05:41:17.449628Z
NA001577,AC000387,0.0011,0,0.0003,2026-09-07T05:41:17.449633Z
NA001578,AC000388,0.0011,0,0.0003,2026-09-07T05:41:17.449638Z
NA001579,AC000389,0.0027,0.0003,0.0005,2026-09-07T05:41:17.449642Z
NA001580,AC000390,0.0016,0.0002,0.0004,2026-09-07T05:41:17.449647Z
NA001581,AC000391,0.0016,0.0001,0.0004,2026-09-07T05:41:17.449652Z
NA001582,P000384,0.0027,0.0007,0.0004,2026-09-07T05:41:17.449657Z
NA001583,P000230,0.0054,0.0034,0.0008,2026-09-07T05:41:17.449662Z
NA001584,P000437,0.0021,0.0013,0.0004,2026-09-07T05:41:17.449666Z
NA001585,P000275,0.0043,0.0008,0.0006,2026-09-07T05:41:17.449671Z
NA001586,P000258,0.0021,0.0001,0.0003,2026-09-07T05:41:17.449677Z
NA001587,P000235,0.0032,0.0006,0.0005,2026-09-07T05:41:17.449682Z
NA001588,P000430,0.0038,0.001,0.0006,2026-09-07T05:41:17.449686Z
NA001589,P000243,0.0032,0.0008,0.0005,2026-09-07T05:41:17.449693Z
NA001590,P000360,0.0021,0.0004,0.0003,2026-09-07T05:41:17.449698Z
NA001591,P000329,0.0021,0.0008,0.0004,2026-09-07T05:41:17.449705Z
NA001592,P000327,0.0048,0.0033,0.0007,2026-09-07T05:41:17.449710Z
NA001593,P000254,0.0027,0.0006,0.0004,2026-09-07T05:41:17.449715Z
NA001594,P000340,0.0038,0.0018,0.0005,2026-09-07T05:41:17.449719Z
NA001595,P000444,0.0054,0.0023,0.0007,2026-09-07T05:41:17.449724Z
NA001596,P000409,0.0043,0.0013,0.0006,2026-09-07T05:41:17.449729Z
NA001597,P000397,0.0027,0.0002,0.0005,2026-09-07T05:41:17.449733Z
NA001598,P000416,0.0027,0.001,0.0004,2026-09-07T05:41:17.449738Z
NA001599,P000352,0.0032,0.0014,0.0005,2026-09-07T05:41:17.449742Z
NA001600,P000263,0.0021,0.0005,0.0004,2026-09-07T05:41:17.449747Z
NA001601,P000318,0.0011,0.0001,0.0002,2026-09-07T05:41:17.449752Z
NA001602,P000296,0.0027,0.0005,0.0004,2026-09-07T05:41:17.449756Z
NA001603,P000348,0.0016,0.0003,0.0003,2026-09-07T05:41:17.449763Z
NA001604,P000323,0.0027,0.0004,0.0004,2026-09-07T05:41:17.449767Z
NA001605,P000364,0.0027,0.0013,0.0004,2026-09-07T05:41:17.449772Z
NA001606,P000251,0.0038,0.0006,0.0005,2026-09-07T05:41:17.449776Z
NA001607,P000205,0.0021,0.0006,0.0003,2026-09-07T05:41:17.449781Z
NA001608,P000337,0.0032,0.001,0.0005,2026-09-07T05:41:17.449786Z
NA001609,P000325,0.0016,0.0001,0.0003,2026-09-07T05:41:17.449792Z
NA001610,P000351,0.0054,0.0038,0.0007,2026-09-07T05:41:17.449796Z
NA001611,P000249,0.0027,0.0009,0.0004,2026-09-07T05:41:17.449801Z
NA001612,P000320,0.0016,0.0004,0.0003,2026-09-07T05:41:17.449805Z
NA001613,P000354,0.0038,0.0019,0.0006,2026-09-07T05:41:17.449810Z
NA001614,P000379,0.0054,0.003,0.0007,2026-09-07T05:41:17.449814Z
NA001615,P000353,0.0027,0.0009,0.0004,2026-09-07T05:41:17.449819Z
NA001616,P000391,0.0038,0.0009,0.0006,2026-09-07T05:41:17.449823Z
NA001617,P000269,0.0032,0.001,0.0005,2026-09-07T05:41:17.449828Z
NA001618,ORG000015,0.0021,0.0004,0.0004,2026-09-07T05:41:17.449832Z
NA001619,P000405,0.0032,0.0014,0.0005,2026-09-07T05:41:17.449839Z
NA001620,P000283,0.0021,0.0003,0.0004,2026-09-07T05:41:17.449844Z
NA001621,P000274,0.0027,0.0008,0.0004,2026-09-07T05:41:17.449848Z
NA001622,P000308,0.0021,0.0006,0.0004,2026-09-07T05:41:17.449854Z
NA001623,P000431,0.0032,0.0012,0.0005,2026-09-07T05:41:17.449859Z
NA001624,ORG000018,0.0011,0,0.0003,2026-09-07T05:41:17.449863Z
NA001625,P000250,0.0016,0.0001,0.0003,2026-09-07T05:41:17.449868Z
NA001626,P000303,0.0016,0.0002,0.0003,2026-09-07T05:41:17.449872Z
NA001627,P000376,0.0027,0.0004,0.0004,2026-09-07T05:41:17.449877Z
NA001628,P000413,0.0027,0.0016,0.0004,2026-09-07T05:41:17.449883Z
NA001629,CS000001,0.0027,0.0011,0.0004,2026-09-07T05:41:17.449888Z
NA001630,CS000002,0.0032,0.0014,0.0005,2026-09-07T05:41:17.449892Z
NA001631,CS000003,0.0011,0,0.0002,2026-09-07T05:41:17.449897Z
NA001632,CS000004,0.0027,0.0005,0.0004,2026-09-07T05:41:17.449901Z
NA001633,CS000005,0.0032,0.0005,0.0005,2026-09-07T05:41:17.449906Z
NA001634,P000581,0.0021,0.0006,0.0004,2026-09-07T05:41:17.449913Z
NA001635,CS000006,0.0016,0,0.0003,2026-09-07T05:41:17.449919Z
NA001636,CS000007,0.0016,0.0001,0.0003,2026-09-07T05:41:17.449924Z
NA001637,CS000008,0.0016,0.0002,0.0003,2026-09-07T05:41:17.449929Z
NA001638,CS000009,0.0021,0.001,0.0004,2026-09-07T05:41:17.449933Z
NA001639,P000536,0.0021,0.0003,0.0004,2026-09-07T05:41:17.449938Z
NA001640,CS000010,0.0016,0.0001,0.0003,2026-09-07T05:41:17.449942Z
NA001641,P000491,0.0021,0.0007,0.0004,2026-09-07T05:41:17.449946Z
NA001642,CS000011,0.0021,0,0.0003,2026-09-07T05:41:17.449951Z
NA001643,CS000012,0.0032,0.0003,0.0005,2026-09-07T05:41:17.449956Z
NA001644,P000461,0.0016,0.0005,0.0003,2026-09-07T05:41:17.449961Z
NA001645,CS000013,0.0016,0.0001,0.0003,2026-09-07T05:41:17.449965Z
NA001646,CS000014,0.0011,0,0.0002,2026-09-07T05:41:17.449970Z
NA001647,CS000015,0.0011,0,0.0002,2026-09-07T05:41:17.449974Z
NA001648,CS000016,0.0027,0,0.0004,2026-09-07T05:41:17.449980Z
NA001649,CS000017,0.0027,0.0008,0.0004,2026-09-07T05:41:17.449985Z
NA001650,CS000018,0.0021,0.0002,0.0004,2026-09-07T05:41:17.449990Z
NA001651,CS000019,0.0011,0.0005,0.0003,2026-09-07T05:41:17.449995Z
NA001652,CS000020,0.0021,0.0002,0.0003,2026-09-07T05:41:17.449999Z
NA001653,P000554,0.0021,0.0002,0.0004,2026-09-07T05:41:17.450005Z
NA001654,CS000021,0.0038,0.0011,0.0006,2026-09-07T05:41:17.450009Z
NA001655,CS000022,0.0005,0,0.0002,2026-09-07T05:41:17.450014Z
NA001656,CS000023,0.0021,0.0003,0.0004,2026-09-07T05:41:17.450019Z
NA001657,CS000024,0.0027,0.0007,0.0005,2026-09-07T05:41:17.450074Z
NA001658,CS000025,0.0027,0.0001,0.0004,2026-09-07T05:41:17.450080Z
NA001659,CS000026,0.0016,0.0001,0.0003,2026-09-07T05:41:17.450084Z
NA001660,CS000027,0.0016,0.0001,0.0003,2026-09-07T05:41:17.450090Z
NA001661,CS000028,0.0027,0.0001,0.0004,2026-09-07T05:41:17.450094Z
NA001662,CS000029,0.0011,0.0001,0.0002,2026-09-07T05:41:17.450099Z
NA001663,CS000030,0.0016,0.0002,0.0003,2026-09-07T05:41:17.450103Z
NA001664,CS000031,0.0032,0.0005,0.0005,2026-09-07T05:41:17.450108Z
NA001665,CS000032,0.0027,0.0008,0.0004,2026-09-07T05:41:17.450112Z
NA001666,CS000033,0.0011,0.0001,0.0002,2026-09-07T05:41:17.450119Z
NA001667,CS000034,0.0005,0,0.0002,2026-09-07T05:41:17.450130Z
NA001668,CS000035,0.0021,0.0001,0.0004,2026-09-07T05:41:17.450134Z
NA001669,CS000036,0.0021,0.0003,0.0004,2026-09-07T05:41:17.450140Z
NA001670,P000452,0.0021,0.0002,0.0004,2026-09-07T05:41:17.450145Z
NA001671,CS000037,0.0005,0,0.0002,2026-09-07T05:41:17.450149Z
NA001672,CS000038,0.0027,0.0009,0.0004,2026-09-07T05:41:17.450154Z
NA001673,CS000039,0.0032,0.0024,0.0005,2026-09-07T05:41:17.450158Z
NA001674,CS000040,0.0011,0.0002,0.0002,2026-09-07T05:41:17.450163Z
NA001675,CS000041,0.0032,0.0011,0.0005,2026-09-07T05:41:17.450168Z
NA001676,CS000042,0.0021,0.0004,0.0004,2026-09-07T05:41:17.450174Z
NA001677,CS000043,0.0016,0.0006,0.0003,2026-09-07T05:41:17.450179Z
NA001678,CS000044,0.0016,0.0002,0.0003,2026-09-07T05:41:17.450184Z
NA001679,CS000045,0.0032,0.0008,0.0005,2026-09-07T05:41:17.450188Z
NA001680,CS000046,0.0027,0.0002,0.0004,2026-09-07T05:41:17.450194Z
NA001681,CS000047,0.0027,0.0003,0.0004,2026-09-07T05:41:17.450199Z
NA001682,CS000048,0.0005,0,0.0001,2026-09-07T05:41:17.450203Z
NA001683,CS000049,0.0027,0.0004,0.0004,2026-09-07T05:41:17.450208Z
NA001684,CS000050,0.0021,0.0002,0.0004,2026-09-07T05:41:17.450213Z
NA001685,CS000051,0.0021,0.0002,0.0004,2026-09-07T05:41:17.450217Z
NA001686,P000454,0.0016,0,0.0003,2026-09-07T05:41:17.450222Z
NA001687,CS000052,0.0016,0.0001,0.0003,2026-09-07T05:41:17.450232Z
NA001688,CS000053,0.0032,0.0007,0.0005,2026-09-07T05:41:17.450237Z
NA001689,CS000054,0.0011,0,0.0002,2026-09-07T05:41:17.450242Z
NA001690,CS000055,0.0016,0.0001,0.0003,2026-09-07T05:41:17.450247Z
NA001691,CS000056,0.0021,0.0002,0.0004,2026-09-07T05:41:17.450252Z
NA001692,CS000057,0.0027,0.0003,0.0004,2026-09-07T05:41:17.450257Z
NA001693,P000459,0.0011,0,0.0002,2026-09-07T05:41:17.450262Z
NA001694,CS000058,0.0032,0.0028,0.0005,2026-09-07T05:41:17.450266Z
NA001695,CS000059,0.0021,0.0007,0.0004,2026-09-07T05:41:17.450271Z
NA001696,CS000060,0.0016,0,0.0003,2026-09-07T05:41:17.450276Z
NA001697,CS000061,0.0038,0.0015,0.0006,2026-09-07T05:41:17.450280Z
NA001698,P000464,0.0021,0.0004,0.0004,2026-09-07T05:41:17.450287Z
NA001699,CS000062,0.0032,0.0007,0.0005,2026-09-07T05:41:17.450291Z
NA001700,P000488,0.0016,0.0002,0.0003,2026-09-07T05:41:17.450296Z
NA001701,CS000063,0.0021,0.0001,0.0003,2026-09-07T05:41:17.450301Z
NA001702,CS000064,0.0011,0.0002,0.0002,2026-09-07T05:41:17.450305Z
NA001703,CS000065,0.0027,0.0005,0.0004,2026-09-07T05:41:17.450310Z
NA001704,CS000066,0.0021,0.0002,0.0004,2026-09-07T05:41:17.450316Z
NA001705,P000493,0.0016,0.0004,0.0003,2026-09-07T05:41:17.450321Z
NA001706,CS000067,0.0032,0.0015,0.0005,2026-09-07T05:41:17.450327Z
NA001707,CS000068,0.0016,0.0001,0.0003,2026-09-07T05:41:17.450332Z
NA001708,CS000069,0.0027,0.0007,0.0005,2026-09-07T05:41:17.450337Z
NA001709,CS000070,0.0005,0,0.0001,2026-09-07T05:41:17.450342Z
NA001710,CS000071,0.0038,0.0015,0.0006,2026-09-07T05:41:17.450346Z
NA001711,P000470,0.0032,0.0004,0.0005,2026-09-07T05:41:17.450351Z
NA001712,CS000072,0.0021,0.0002,0.0004,2026-09-07T05:41:17.450355Z
NA001713,CS000073,0.0016,0.0002,0.0003,2026-09-07T05:41:17.450360Z
NA001714,CS000074,0.0011,0,0.0002,2026-09-07T05:41:17.450364Z
NA001715,CS000075,0.0021,0.0004,0.0004,2026-09-07T05:41:17.450369Z
NA001716,P000495,0.0032,0.0013,0.0005,2026-09-07T05:41:17.450373Z
NA001717,CS000076,0.0021,0.0002,0.0004,2026-09-07T05:41:17.450378Z
NA001718,P000510,0.0011,0,0.0002,2026-09-07T05:41:17.450382Z
NA001719,CS000077,0.0021,0.0003,0.0004,2026-09-07T05:41:17.450388Z
NA001720,P000496,0.0016,0.0001,0.0003,2026-09-07T05:41:17.450393Z
NA001721,CS000078,0.0005,0,0.0001,2026-09-07T05:41:17.450398Z
NA001722,CS000079,0.0021,0.0007,0.0003,2026-09-07T05:41:17.450402Z
NA001723,CS000080,0.0016,0.0001,0.0003,2026-09-07T05:41:17.450407Z
NA001724,CS000081,0.0032,0.0024,0.0005,2026-09-07T05:41:17.450412Z
NA001725,CS000082,0.0032,0.0004,0.0005,2026-09-07T05:41:17.450416Z
NA001726,CS000083,0.0016,0.0001,0.0003,2026-09-07T05:41:17.450423Z
NA001727,P000532,0.0021,0.0005,0.0004,2026-09-07T05:41:17.450427Z
NA001728,CS000084,0.0027,0.0007,0.0005,2026-09-07T05:41:17.450432Z
NA001729,CS000085,0.0027,0.0002,0.0004,2026-09-07T05:41:17.450436Z
NA001730,P000516,0.0032,0.0003,0.0005,2026-09-07T05:41:17.450445Z
NA001731,CS000086,0.0005,0,0.0001,2026-09-07T05:41:17.450450Z
NA001732,CS000087,0.0016,0,0.0003,2026-09-07T05:41:17.450455Z
NA001733,CS000088,0.0027,0.0005,0.0004,2026-09-07T05:41:17.450459Z
NA001734,CS000089,0.0005,0,0.0001,2026-09-07T05:41:17.450464Z
NA001735,CS000090,0.0016,0.0001,0.0003,2026-09-07T05:41:17.450469Z
NA001736,P000505,0.0021,0.0007,0.0004,2026-09-07T05:41:17.450474Z
NA001737,LOC000034,0.0064,0.0034,0.001,2026-09-07T05:41:17.450478Z
NA001738,LOC000038,0.0081,0.0034,0.0012,2026-09-07T05:41:17.450483Z
NA001739,LOC000015,0.0161,0.0124,0.0024,2026-09-07T05:41:17.450488Z
NA001740,LOC000061,0.0102,0.009,0.0017,2026-09-07T05:41:17.450493Z
NA001741,LOC000044,0.0097,0.0141,0.0015,2026-09-07T05:41:17.450497Z
NA001742,LOC000006,0.0075,0.0092,0.0011,2026-09-07T05:41:17.450502Z
NA001743,LOC000030,0.0177,0.0208,0.0026,2026-09-07T05:41:17.450507Z
NA001744,LOC000059,0.0075,0.0059,0.0011,2026-09-07T05:41:17.450512Z
NA001745,LOC000055,0.0102,0.0059,0.0016,2026-09-07T05:41:17.450519Z
NA001746,LOC000042,0.0134,0.0154,0.0021,2026-09-07T05:41:17.450524Z
NA001747,LOC000020,0.0145,0.0137,0.0021,2026-09-07T05:41:17.450529Z
NA001748,LOC000051,0.0091,0.0059,0.0013,2026-09-07T05:41:17.450534Z
NA001749,LOC000040,0.0097,0.0066,0.0015,2026-09-07T05:41:17.450538Z
NA001750,LOC000008,0.0113,0.0109,0.0018,2026-09-07T05:41:17.450543Z
NA001751,LOC000012,0.0161,0.0148,0.0023,2026-09-07T05:41:17.450548Z
NA001752,LOC000033,0.0097,0.0068,0.0014,2026-09-07T05:41:17.450570Z
NA001753,LOC000023,0.0204,0.0249,0.0031,2026-09-07T05:41:17.450607Z
NA001754,LOC000022,0.0145,0.0129,0.0024,2026-09-07T05:41:17.450617Z
NA001755,LOC000043,0.0032,0.0009,0.0006,2026-09-07T05:41:17.450626Z
NA001756,LOC000013,0.0113,0.0124,0.0016,2026-09-07T05:41:17.450634Z
NA001757,LOC000045,0.0081,0.0096,0.0013,2026-09-07T05:41:17.450642Z
NA001758,LOC000037,0.0059,0.0011,0.0009,2026-09-07T05:41:17.450650Z
NA001759,LOC000053,0.0145,0.0146,0.0024,2026-09-07T05:41:17.450658Z
NA001760,LOC000048,0.0081,0.0039,0.0013,2026-09-07T05:41:17.450665Z
NA001761,LOC000029,0.0048,0.0022,0.0008,2026-09-07T05:41:17.450705Z
NA001762,LOC000058,0.0129,0.0128,0.002,2026-09-07T05:41:17.450716Z
NA001763,LOC000014,0.0118,0.0064,0.0018,2026-09-07T05:41:17.450724Z
NA001764,LOC000011,0.0177,0.0257,0.0026,2026-09-07T05:41:17.450732Z
NA001765,LOC000028,0.0064,0.0038,0.001,2026-09-07T05:41:17.450747Z
NA001766,LOC000050,0.0123,0.0054,0.0019,2026-09-07T05:41:17.450755Z
NA001767,LOC000001,0.0081,0.0029,0.0012,2026-09-07T05:41:17.450763Z
NA001768,LOC000035,0.0102,0.008,0.0015,2026-09-07T05:41:17.450771Z
NA001769,LOC000005,0.015,0.0155,0.0024,2026-09-07T05:41:17.450779Z
NA001770,LOC000060,0.0043,0.0014,0.0008,2026-09-07T05:41:17.450786Z
NA001771,LOC000019,0.0113,0.0062,0.0016,2026-09-07T05:41:17.450795Z
NA001772,LOC000016,0.0097,0.0062,0.0014,2026-09-07T05:41:17.450804Z
NA001773,LOC000002,0.0134,0.0143,0.002,2026-09-07T05:41:17.450812Z
NA001774,LOC000039,0.0075,0.0036,0.0011,2026-09-07T05:41:17.450819Z
NA001775,LOC000018,0.0054,0.0035,0.0008,2026-09-07T05:41:17.450827Z
NA001776,LOC000041,0.0097,0.0058,0.0016,2026-09-07T05:41:17.450835Z
NA001777,LOC000025,0.0091,0.0045,0.0014,2026-09-07T05:41:17.450844Z
NA001778,LOC000031,0.0102,0.007,0.0016,2026-09-07T05:41:17.450852Z
NA001779,LOC000009,0.0188,0.0176,0.0028,2026-09-07T05:41:17.450860Z
NA001780,LOC000004,0.0048,0.0012,0.0008,2026-09-07T05:41:17.450868Z
NA001781,LOC000007,0.0081,0.0099,0.0013,2026-09-07T05:41:17.450875Z
NA001782,LOC000032,0.0048,0.0014,0.0008,2026-09-07T05:41:17.450883Z
NA001783,LOC000003,0.0129,0.0069,0.0019,2026-09-07T05:41:17.450890Z
NA001784,LOC000046,0.0097,0.0063,0.0014,2026-09-07T05:41:17.450900Z
NA001785,LOC000036,0.0097,0.01,0.0015,2026-09-07T05:41:17.450908Z
NA001786,LOC000057,0.0032,0.0034,0.0006,2026-09-07T05:41:17.450916Z
NA001787,LOC000024,0.0091,0.0056,0.0014,2026-09-07T05:41:17.450923Z
NA001788,LOC000026,0.0048,0.0027,0.0008,2026-09-07T05:41:17.450930Z
NA001789,LOC000027,0.0064,0.0032,0.001,2026-09-07T05:41:17.450938Z
NA001790,LOC000017,0.0054,0.0028,0.0008,2026-09-07T05:41:17.450957Z
NA001791,LOC000056,0.0027,0.0004,0.0005,2026-09-07T05:41:17.450966Z
NA001792,LOC000010,0.0059,0.0013,0.001,2026-09-07T05:41:17.450974Z
NA001793,LOC000021,0.0113,0.0072,0.0018,2026-09-07T05:41:17.450982Z
NA001794,LOC000049,0.0064,0.002,0.001,2026-09-07T05:41:17.450992Z
NA001795,LOC000052,0.0097,0.0082,0.0016,2026-09-07T05:41:17.450999Z
NA001796,LOC000054,0.0123,0.0079,0.0019,2026-09-07T05:41:17.451007Z
NA001797,P000228,0.0038,0.0022,0.0005,2026-09-07T05:41:17.451014Z
NA001798,P000234,0.0016,0.0003,0.0003,2026-09-07T05:41:17.451021Z
NA001799,P000255,0.0081,0.0057,0.0012,2026-09-07T05:41:17.451029Z
NA001800,P000268,0.0032,0.0007,0.0005,2026-09-07T05:41:17.451036Z
NA001801,P000298,0.0027,0.0006,0.0004,2026-09-07T05:41:17.451043Z
NA001802,LOC000047,0.0043,0.0008,0.0008,2026-09-07T05:41:17.451050Z
NA001803,P000389,0.0021,0.0005,0.0003,2026-09-07T05:41:17.451058Z
NA001804,P000423,0.0011,0.0002,0.0002,2026-09-07T05:41:17.451074Z
NA001805,P000446,0.0005,0,0.0002,2026-09-07T05:41:17.451083Z
NA001806,P000448,0.0016,0.0001,0.0003,2026-09-07T05:41:17.451091Z
NA001807,P000449,0.0011,0.0002,0.0002,2026-09-07T05:41:17.451098Z
NA001808,P000453,0.0021,0.0003,0.0004,2026-09-07T05:41:17.451105Z
NA001809,P000458,0.0011,0,0.0002,2026-09-07T05:41:17.451114Z
NA001810,P000460,0.0016,0.0003,0.0003,2026-09-07T05:41:17.451122Z
NA001811,P000465,0.0016,0.0002,0.0003,2026-09-07T05:41:17.451130Z
NA001812,P000466,0.0016,0.0003,0.0003,2026-09-07T05:41:17.451138Z
NA001813,P000468,0.0021,0.0002,0.0003,2026-09-07T05:41:17.451144Z
NA001814,P000472,0.0011,0.0001,0.0002,2026-09-07T05:41:17.451152Z
NA001815,P000477,0.0027,0.0006,0.0004,2026-09-07T05:41:17.451160Z
NA001816,P000481,0.0016,0.0002,0.0003,2026-09-07T05:41:17.451167Z
NA001817,P000483,0.0011,0.0002,0.0002,2026-09-07T05:41:17.451175Z
NA001818,P000485,0.0011,0.0001,0.0002,2026-09-07T05:41:17.451183Z
NA001819,P000490,0.0016,0.0001,0.0003,2026-09-07T05:41:17.451191Z
NA001820,P000494,0.0005,0,0.0002,2026-09-07T05:41:17.451199Z
NA001821,P000498,0.0016,0.0002,0.0003,2026-09-07T05:41:17.451207Z
NA001822,P000499,0.0016,0,0.0003,2026-09-07T05:41:17.451215Z
NA001823,P000500,0.0011,0.0001,0.0002,2026-09-07T05:41:17.451228Z
NA001824,P000501,0.0016,0.0001,0.0003,2026-09-07T05:41:17.451236Z
NA001825,P000502,0.0016,0.0002,0.0003,2026-09-07T05:41:17.451244Z
NA001826,P000507,0.0005,0,0.0002,2026-09-07T05:41:17.451254Z
NA001827,P000511,0.0011,0,0.0003,2026-09-07T05:41:17.451262Z
NA001828,P000512,0.0005,0,0.0002,2026-09-07T05:41:17.451270Z
NA001829,P000513,0.0011,0,0.0002,2026-09-07T05:41:17.451278Z
NA001830,P000518,0.0021,0.0006,0.0004,2026-09-07T05:41:17.451285Z
NA001831,P000521,0.0005,0,0.0002,2026-09-07T05:41:17.451294Z
NA001832,P000522,0.0011,0,0.0002,2026-09-07T05:41:17.451302Z
NA001833,P000524,0.0011,0.0001,0.0002,2026-09-07T05:41:17.451310Z
NA001834,P000533,0.0011,0,0.0003,2026-09-07T05:41:17.451317Z
NA001835,P000540,0.0011,0.0001,0.0002,2026-09-07T05:41:17.451326Z
NA001836,P000541,0.0021,0.0002,0.0004,2026-09-07T05:41:17.451334Z
NA001837,P000556,0.0021,0.0006,0.0004,2026-09-07T05:41:17.451341Z
NA001838,P000557,0.0021,0.0003,0.0004,2026-09-07T05:41:17.451350Z
NA001839,P000561,0.0011,0,0.0002,2026-09-07T05:41:17.451359Z
NA001840,P000562,0.0032,0.0008,0.0005,2026-09-07T05:41:17.451367Z
NA001841,P000563,0.0027,0.0003,0.0004,2026-09-07T05:41:17.451375Z
NA001842,P000564,0.0011,0,0.0003,2026-09-07T05:41:17.451381Z
NA001843,P000566,0.0011,0,0.0002,2026-09-07T05:41:17.451392Z
NA001844,P000567,0.0021,0.0005,0.0004,2026-09-07T05:41:17.451401Z
NA001845,P000572,0.0016,0.0001,0.0003,2026-09-07T05:41:17.451407Z
NA001846,P000579,0.0005,0,0.0002,2026-09-07T05:41:17.451417Z
NA001847,P000580,0.0011,0.0002,0.0002,2026-09-07T05:41:17.451426Z
NA001848,P000584,0.0005,0,0.0002,2026-09-07T05:41:17.451433Z
NA001849,P000585,0.0032,0.0015,0.0005,2026-09-07T05:41:17.451442Z
NA001850,P000586,0.0021,0.0012,0.0003,2026-09-07T05:41:17.451448Z
NA001851,P000590,0.0005,0,0.0002,2026-09-07T05:41:17.451456Z
NA001852,P000593,0.0016,0.0001,0.0003,2026-09-07T05:41:17.451464Z
NA001853,P000595,0.0021,0.0002,0.0004,2026-09-07T05:41:17.451473Z
NA001854,P000598,0.0011,0.0001,0.0002,2026-09-07T05:41:17.451481Z
NA001855,P000602,0.0011,0,0.0002,2026-09-07T05:41:17.451490Z
NA001856,P000604,0.0011,0.0001,0.0002,2026-09-07T05:41:17.451499Z
NA001857,P000606,0.0021,0.0001,0.0004,2026-09-07T05:41:17.451507Z
NA001858,P000610,0.0011,0,0.0002,2026-09-07T05:41:17.451518Z
NA001859,P000611,0.0021,0.0005,0.0004,2026-09-07T05:41:17.451527Z
NA001860,P000614,0.0016,0.0003,0.0003,2026-09-07T05:41:17.451535Z
NA001861,P000616,0.0016,0.0002,0.0003,2026-09-07T05:41:17.451543Z
NA001862,P000620,0.0021,0.0006,0.0003,2026-09-07T05:41:17.451553Z
NA001863,P000623,0.0027,0.0004,0.0004,2026-09-07T05:41:17.451560Z
NA001864,P000624,0.0021,0.0002,0.0003,2026-09-07T05:41:17.451568Z
