id,from_account_id,to_account_id,amount,txn_date,data_source,created_at
TX000001,AC000003,AC000367,900000,2024-02-04T11:14:19Z,SYNTHETIC,2026-09-07T05:41:13.868980Z
TX000002,AC000003,AC000367,2000000,2024-06-02T11:35:03Z,SYNTHETIC,2026-09-07T05:41:13.869142Z
TX000003,AC000003,AC000282,2300000,2024-07-02T07:48:00Z,SYNTHETIC,2026-09-07T05:41:13.869168Z
TX000004,AC000282,AC000367,2116000,2024-07-02T07:48:00Z,SYNTHETIC,2026-09-07T05:41:13.869174Z
TX000005,AC000003,AC000367,1100000,2025-01-27T07:42:49Z,SYNTHETIC,2026-09-07T05:41:13.869182Z
TX000006,AC000003,AC000367,900000,2025-03-07T04:36:06Z,SYNTHETIC,2026-09-07T05:41:13.869190Z
TX000007,AC000003,AC000367,600000,2025-04-08T07:06:56Z,SYNTHETIC,2026-09-07T05:41:13.869196Z
TX000008,AC000003,AC000367,2100000,2025-07-09T20:06:20Z,SYNTHETIC,2026-09-07T05:41:13.869202Z
TX000009,AC000003,AC000282,500000,2025-08-16T17:01:29Z,SYNTHETIC,2026-09-07T05:41:13.869209Z
TX000010,AC000282,AC000367,460000,2025-08-16T17:01:29Z,SYNTHETIC,2026-09-07T05:41:13.869214Z
TX000011,AC000003,AC000367,900000,2025-10-12T19:57:32Z,SYNTHETIC,2026-09-07T05:41:13.869221Z
TX000012,AC000003,AC000367,600000,2025-10-16T00:54:49Z,SYNTHETIC,2026-09-07T05:41:13.869227Z
TX000013,AC000003,AC000367,2700000,2025-10-29T12:21:39Z,SYNTHETIC,2026-09-07T05:41:13.869232Z
TX000014,AC000003,AC000282,800000,2026-01-20T10:07:50Z,SYNTHETIC,2026-09-07T05:41:13.869237Z
TX000015,AC000282,AC000367,736000,2026-01-20T10:07:50Z,SYNTHETIC,2026-09-07T05:41:13.869244Z
TX000016,AC000003,AC000367,1900000,2026-01-27T20:23:12Z,SYNTHETIC,2026-09-07T05:41:13.869251Z
TX000017,AC000003,AC000282,2900000,2026-02-27T18:53:04Z,SYNTHETIC,2026-09-07T05:41:13.869256Z
TX000018,AC000282,AC000367,2668000,2026-02-27T18:53:04Z,SYNTHETIC,2026-09-07T05:41:13.869259Z
TX000019,AC000003,AC000367,3000000,2026-03-03T03:41:10Z,SYNTHETIC,2026-09-07T05:41:13.869264Z
TX000020,AC000003,AC000282,1900000,2026-05-07T23:56:33Z,SYNTHETIC,2026-09-07T05:41:13.869268Z
TX000021,AC000282,AC000367,1748000,2026-05-07T23:56:33Z,SYNTHETIC,2026-09-07T05:41:13.869271Z
TX000022,AC000003,AC000282,700000,2026-07-26T05:08:52Z,SYNTHETIC,2026-09-07T05:41:13.869276Z
TX000023,AC000282,AC000367,644000,2026-07-26T05:08:52Z,SYNTHETIC,2026-09-07T05:41:13.869279Z
TX000024,AC000003,AC000367,400000,2026-08-29T00:47:10Z,SYNTHETIC,2026-09-07T05:41:13.869284Z
TX000025,AC000004,AC000380,2800000,2024-01-01T13:30:58Z,SYNTHETIC,2026-09-07T05:41:13.869360Z
TX000026,AC000004,AC000380,400000,2024-01-19T11:40:02Z,SYNTHETIC,2026-09-07T05:41:13.869380Z
TX000027,AC000004,AC000171,2400000,2024-04-08T05:50:09Z,SYNTHETIC,2026-09-07T05:41:13.869385Z
TX000028,AC000171,AC000380,2208000,2024-04-08T05:50:09Z,SYNTHETIC,2026-09-07T05:41:13.869388Z
TX000029,AC000004,AC000380,2000000,2024-04-09T23:05:45Z,SYNTHETIC,2026-09-07T05:41:13.869393Z
TX000030,AC000004,AC000380,1600000,2025-09-23T02:12:57Z,SYNTHETIC,2026-09-07T05:41:13.869399Z
TX000031,AC000004,AC000171,1900000,2025-11-22T08:02:54Z,SYNTHETIC,2026-09-07T05:41:13.869403Z
TX000032,AC000171,AC000380,1748000,2025-11-22T08:02:54Z,SYNTHETIC,2026-09-07T05:41:13.869406Z
TX000033,AC000004,AC000171,2200000,2026-05-16T03:53:14Z,SYNTHETIC,2026-09-07T05:41:13.869411Z
TX000034,AC000171,AC000380,2024000,2026-05-16T03:53:14Z,SYNTHETIC,2026-09-07T05:41:13.869414Z
TX000035,AC000004,AC000380,2300000,2026-06-09T12:09:28Z,SYNTHETIC,2026-09-07T05:41:13.869419Z
TX000036,AC000004,AC000171,1500000,2026-07-18T00:56:23Z,SYNTHETIC,2026-09-07T05:41:13.869424Z
TX000037,AC000171,AC000380,1380000,2026-07-18T00:56:23Z,SYNTHETIC,2026-09-07T05:41:13.869427Z
TX000038,AC000023,AC000371,2100000,2024-02-27T03:05:29Z,SYNTHETIC,2026-09-07T05:41:13.869480Z
TX000039,AC000023,AC000371,800000,2024-05-03T05:19:18Z,SYNTHETIC,2026-09-07T05:41:13.869492Z
TX000040,AC000023,AC000371,1600000,2024-06-25T16:55:00Z,SYNTHETIC,2026-09-07T05:41:13.869497Z
TX000041,AC000023,AC000371,1500000,2024-08-21T13:16:09Z,SYNTHETIC,2026-09-07T05:41:13.869502Z
TX000042,AC000023,AC000371,1400000,2024-09-02T01:46:59Z,SYNTHETIC,2026-09-07T05:41:13.869507Z
TX000043,AC000023,AC000104,2600000,2024-09-06T12:30:34Z,SYNTHETIC,2026-09-07T05:41:13.869513Z
TX000044,AC000104,AC000371,2392000,2024-09-06T12:30:34Z,SYNTHETIC,2026-09-07T05:41:13.869516Z
TX000045,AC000023,AC000104,2900000,2024-11-08T11:05:47Z,SYNTHETIC,2026-09-07T05:41:13.869525Z
TX000046,AC000104,AC000371,2668000,2024-11-08T11:05:47Z,SYNTHETIC,2026-09-07T05:41:13.869528Z
TX000047,AC000023,AC000371,1300000,2024-11-26T22:58:38Z,SYNTHETIC,2026-09-07T05:41:13.869535Z
TX000048,AC000023,AC000371,2600000,2025-09-20T10:21:45Z,SYNTHETIC,2026-09-07T05:41:13.869540Z
TX000049,AC000023,AC000371,2200000,2025-09-27T13:21:27Z,SYNTHETIC,2026-09-07T05:41:13.869545Z
TX000050,AC000023,AC000371,2600000,2026-03-09T21:36:40Z,SYNTHETIC,2026-09-07T05:41:13.869550Z
TX000051,AC000023,AC000104,2300000,2026-04-12T11:20:52Z,SYNTHETIC,2026-09-07T05:41:13.869555Z
TX000052,AC000104,AC000371,2116000,2026-04-12T11:20:52Z,SYNTHETIC,2026-09-07T05:41:13.869559Z
TX000053,AC000023,AC000371,1700000,2026-05-22T11:25:37Z,SYNTHETIC,2026-09-07T05:41:13.869564Z
TX000054,AC000023,AC000371,2700000,2026-06-11T03:14:52Z,SYNTHETIC,2026-09-07T05:41:13.869569Z
TX000055,AC000023,AC000104,1000000,2026-07-15T03:12:02Z,SYNTHETIC,2026-09-07T05:41:13.869574Z
TX000056,AC000104,AC000371,920000,2026-07-15T03:12:02Z,SYNTHETIC,2026-09-07T05:41:13.869582Z
TX000057,AC000023,AC000371,800000,2026-08-06T03:39:03Z,SYNTHETIC,2026-09-07T05:41:13.869593Z
TX000058,AC000024,AC000379,1900000,2024-02-18T11:22:24Z,SYNTHETIC,2026-09-07T05:41:13.869640Z
TX000059,AC000024,AC000125,1500000,2024-05-05T21:05:31Z,SYNTHETIC,2026-09-07T05:41:13.869653Z
TX000060,AC000125,AC000379,1380000,2024-05-05T21:05:31Z,SYNTHETIC,2026-09-07T05:41:13.869656Z
TX000061,AC000024,AC000125,2600000,2024-07-01T22:49:29Z,SYNTHETIC,2026-09-07T05:41:13.869662Z
TX000062,AC000125,AC000379,2392000,2024-07-01T22:49:29Z,SYNTHETIC,2026-09-07T05:41:13.869669Z
TX000063,AC000024,AC000125,2200000,2025-01-20T15:44:25Z,SYNTHETIC,2026-09-07T05:41:13.869674Z
TX000064,AC000125,AC000379,2024000,2025-01-20T15:44:25Z,SYNTHETIC,2026-09-07T05:41:13.869678Z
TX000065,AC000024,AC000379,1000000,2025-03-28T08:39:44Z,SYNTHETIC,2026-09-07T05:41:13.869683Z
TX000066,AC000024,AC000379,2400000,2025-05-01T20:58:09Z,SYNTHETIC,2026-09-07T05:41:13.869690Z
TX000067,AC000024,AC000379,1700000,2025-05-16T19:24:29Z,SYNTHETIC,2026-09-07T05:41:13.869695Z
TX000068,AC000024,AC000379,2000000,2025-11-10T23:46:28Z,SYNTHETIC,2026-09-07T05:41:13.869701Z
TX000069,AC000024,AC000379,3000000,2026-02-24T03:15:03Z,SYNTHETIC,2026-09-07T05:41:13.869706Z
TX000070,AC000024,AC000379,2500000,2026-06-15T16:07:48Z,SYNTHETIC,2026-09-07T05:41:13.869712Z
TX000071,AC000024,AC000379,1700000,2026-07-10T11:39:43Z,SYNTHETIC,2026-09-07T05:41:13.869718Z
TX000072,AC000024,AC000125,2100000,2026-08-15T02:34:09Z,SYNTHETIC,2026-09-07T05:41:13.869725Z
TX000073,AC000125,AC000379,1932000,2026-08-15T02:34:09Z,SYNTHETIC,2026-09-07T05:41:13.869729Z
TX000074,AC000025,AC000365,400000,2024-04-01T13:25:47Z,SYNTHETIC,2026-09-07T05:41:13.869785Z
TX000075,AC000025,AC000219,2900000,2024-08-29T18:39:45Z,SYNTHETIC,2026-09-07T05:41:13.869800Z
TX000076,AC000219,AC000365,2668000,2024-08-29T18:39:45Z,SYNTHETIC,2026-09-07T05:41:13.869804Z
TX000077,AC000025,AC000219,1900000,2024-11-11T16:30:15Z,SYNTHETIC,2026-09-07T05:41:13.869809Z
TX000078,AC000219,AC000365,1748000,2024-11-11T16:30:15Z,SYNTHETIC,2026-09-07T05:41:13.869815Z
TX000079,AC000025,AC000219,1600000,2024-12-10T21:09:17Z,SYNTHETIC,2026-09-07T05:41:13.869820Z
TX000080,AC000219,AC000365,1472000,2024-12-10T21:09:17Z,SYNTHETIC,2026-09-07T05:41:13.869824Z
TX000081,AC000025,AC000365,2900000,2024-12-23T03:58:30Z,SYNTHETIC,2026-09-07T05:41:13.869829Z
TX000082,AC000025,AC000219,2000000,2025-02-06T22:42:20Z,SYNTHETIC,2026-09-07T05:41:13.869834Z
TX000083,AC000219,AC000365,1840000,2025-02-06T22:42:20Z,SYNTHETIC,2026-09-07T05:41:13.869837Z
TX000084,AC000025,AC000365,2900000,2025-03-20T06:17:41Z,SYNTHETIC,2026-09-07T05:41:13.869843Z
TX000085,AC000025,AC000365,2200000,2025-04-04T15:46:31Z,SYNTHETIC,2026-09-07T05:41:13.869848Z
TX000086,AC000025,AC000365,2200000,2025-04-15T15:02:45Z,SYNTHETIC,2026-09-07T05:41:13.869853Z
TX000087,AC000025,AC000365,1100000,2025-08-02T16:40:32Z,SYNTHETIC,2026-09-07T05:41:13.869859Z
TX000088,AC000025,AC000365,1300000,2025-09-17T19:33:58Z,SYNTHETIC,2026-09-07T05:41:13.869863Z
TX000089,AC000025,AC000365,1500000,2025-10-05T07:40:01Z,SYNTHETIC,2026-09-07T05:41:13.869869Z
TX000090,AC000025,AC000365,1900000,2025-10-29T23:34:03Z,SYNTHETIC,2026-09-07T05:41:13.869874Z
TX000091,AC000025,AC000365,1800000,2025-11-26T03:30:27Z,SYNTHETIC,2026-09-07T05:41:13.869880Z
TX000092,AC000025,AC000219,2300000,2026-08-22T14:01:31Z,SYNTHETIC,2026-09-07T05:41:13.869885Z
TX000093,AC000219,AC000365,2116000,2026-08-22T14:01:31Z,SYNTHETIC,2026-09-07T05:41:13.869889Z
TX000094,AC000026,AC000367,1400000,2024-06-22T12:14:35Z,SYNTHETIC,2026-09-07T05:41:13.869927Z
TX000095,AC000026,AC000367,1400000,2024-08-05T23:02:10Z,SYNTHETIC,2026-09-07T05:41:13.869938Z
TX000096,AC000026,AC000367,2300000,2024-08-12T14:01:21Z,SYNTHETIC,2026-09-07T05:41:13.869944Z
TX000097,AC000026,AC000367,1700000,2025-02-17T01:29:51Z,SYNTHETIC,2026-09-07T05:41:13.869949Z
TX000098,AC000026,AC000367,2400000,2025-02-24T19:30:49Z,SYNTHETIC,2026-09-07T05:41:13.869954Z
TX000099,AC000026,AC000181,1900000,2025-03-21T03:36:54Z,SYNTHETIC,2026-09-07T05:41:13.869960Z
TX000100,AC000181,AC000367,1748000,2025-03-21T03:36:54Z,SYNTHETIC,2026-09-07T05:41:13.869963Z
TX000101,AC000026,AC000367,600000,2025-09-09T00:53:48Z,SYNTHETIC,2026-09-07T05:41:13.869968Z
TX000102,AC000026,AC000367,2000000,2025-10-09T07:19:56Z,SYNTHETIC,2026-09-07T05:41:13.869973Z
TX000103,AC000026,AC000367,1500000,2025-12-02T04:39:36Z,SYNTHETIC,2026-09-07T05:41:13.869981Z
TX000104,AC000027,AC000371,1500000,2024-01-16T00:13:15Z,SYNTHETIC,2026-09-07T05:41:13.870029Z
TX000105,AC000027,AC000035,2300000,2024-02-17T09:27:54Z,SYNTHETIC,2026-09-07T05:41:13.870048Z
TX000106,AC000035,AC000371,2116000,2024-02-17T09:27:54Z,SYNTHETIC,2026-09-07T05:41:13.870051Z
TX000107,AC000027,AC000371,2500000,2024-05-01T21:05:33Z,SYNTHETIC,2026-09-07T05:41:13.870057Z
TX000108,AC000027,AC000035,2300000,2024-05-11T00:10:26Z,SYNTHETIC,2026-09-07T05:41:13.870062Z
TX000109,AC000035,AC000371,2116000,2024-05-11T00:10:26Z,SYNTHETIC,2026-09-07T05:41:13.870065Z
TX000110,AC000027,AC000035,1100000,2024-06-09T13:45:46Z,SYNTHETIC,2026-09-07T05:41:13.870072Z
TX000111,AC000035,AC000371,1012000,2024-06-09T13:45:46Z,SYNTHETIC,2026-09-07T05:41:13.870077Z
TX000112,AC000027,AC000371,1000000,2024-06-16T12:37:05Z,SYNTHETIC,2026-09-07T05:41:13.870082Z
TX000113,AC000027,AC000371,1400000,2024-10-10T16:47:04Z,SYNTHETIC,2026-09-07T05:41:13.870087Z
TX000114,AC000027,AC000371,1200000,2024-11-03T17:25:00Z,SYNTHETIC,2026-09-07T05:41:13.870092Z
TX000115,AC000027,AC000035,1000000,2024-12-06T05:11:38Z,SYNTHETIC,2026-09-07T05:41:13.870098Z
TX000116,AC000035,AC000371,920000,2024-12-06T05:11:38Z,SYNTHETIC,2026-09-07T05:41:13.870101Z
TX000117,AC000027,AC000371,1800000,2025-01-01T23:27:39Z,SYNTHETIC,2026-09-07T05:41:13.870106Z
TX000118,AC000027,AC000035,2300000,2025-03-31T22:22:25Z,SYNTHETIC,2026-09-07T05:41:13.870112Z
TX000119,AC000035,AC000371,2116000,2025-03-31T22:22:25Z,SYNTHETIC,2026-09-07T05:41:13.870115Z
TX000120,AC000027,AC000371,1100000,2025-06-24T05:24:48Z,SYNTHETIC,2026-09-07T05:41:13.870121Z
TX000121,AC000027,AC000035,2200000,2025-08-23T07:52:55Z,SYNTHETIC,2026-09-07T05:41:13.870127Z
TX000122,AC000035,AC000371,2024000,2025-08-23T07:52:55Z,SYNTHETIC,2026-09-07T05:41:13.870130Z
TX000123,AC000027,AC000371,2400000,2025-09-21T12:08:19Z,SYNTHETIC,2026-09-07T05:41:13.870135Z
TX000124,AC000040,AC000385,600000,2024-02-14T09:46:08Z,SYNTHETIC,2026-09-07T05:41:13.870192Z
TX000125,AC000040,AC000385,800000,2024-04-07T15:32:58Z,SYNTHETIC,2026-09-07T05:41:13.870203Z
TX000126,AC000040,AC000385,700000,2024-05-20T21:44:40Z,SYNTHETIC,2026-09-07T05:41:13.870208Z
TX000127,AC000040,AC000385,500000,2024-06-03T04:36:09Z,SYNTHETIC,2026-09-07T05:41:13.870213Z
TX000128,AC000040,AC000385,2800000,2024-06-05T03:33:17Z,SYNTHETIC,2026-09-07T05:41:13.870218Z
TX000129,AC000040,AC000329,500000,2024-06-26T23:27:08Z,SYNTHETIC,2026-09-07T05:41:13.870223Z
TX000130,AC000329,AC000385,460000,2024-06-26T23:27:08Z,SYNTHETIC,2026-09-07T05:41:13.870229Z
TX000131,AC000040,AC000385,700000,2024-08-16T00:58:03Z,SYNTHETIC,2026-09-07T05:41:13.870235Z
TX000132,AC000040,AC000385,2500000,2024-09-02T21:12:10Z,SYNTHETIC,2026-09-07T05:41:13.870239Z
TX000133,AC000040,AC000385,1500000,2025-05-02T14:14:15Z,SYNTHETIC,2026-09-07T05:41:13.870244Z
TX000134,AC000040,AC000329,1500000,2025-05-03T11:25:54Z,SYNTHETIC,2026-09-07T05:41:13.870249Z
TX000135,AC000329,AC000385,1380000,2025-05-03T11:25:54Z,SYNTHETIC,2026-09-07T05:41:13.870252Z
TX000136,AC000040,AC000329,400000,2025-06-30T09:29:27Z,SYNTHETIC,2026-09-07T05:41:13.870260Z
TX000137,AC000329,AC000385,368000,2025-06-30T09:29:27Z,SYNTHETIC,2026-09-07T05:41:13.870264Z
TX000138,AC000040,AC000329,1600000,2025-09-26T06:08:58Z,SYNTHETIC,2026-09-07T05:41:13.870269Z
TX000139,AC000329,AC000385,1472000,2025-09-26T06:08:58Z,SYNTHETIC,2026-09-07T05:41:13.870272Z
TX000140,AC000040,AC000385,2100000,2025-11-06T06:41:40Z,SYNTHETIC,2026-09-07T05:41:13.870278Z
TX000141,AC000040,AC000329,1300000,2025-12-06T21:21:20Z,SYNTHETIC,2026-09-07T05:41:13.870283Z
TX000142,AC000329,AC000385,1196000,2025-12-06T21:21:20Z,SYNTHETIC,2026-09-07T05:41:13.870286Z
TX000143,AC000040,AC000329,2900000,2026-03-07T23:33:33Z,SYNTHETIC,2026-09-07T05:41:13.870291Z
TX000144,AC000329,AC000385,2668000,2026-03-07T23:33:33Z,SYNTHETIC,2026-09-07T05:41:13.870295Z
TX000145,AC000040,AC000385,1100000,2026-07-19T14:58:26Z,SYNTHETIC,2026-09-07T05:41:13.870300Z
TX000146,AC000041,AC000370,2600000,2024-03-20T22:08:00Z,SYNTHETIC,2026-09-07T05:41:13.870342Z
TX000147,AC000041,AC000370,900000,2024-07-14T10:27:22Z,SYNTHETIC,2026-09-07T05:41:13.870361Z
TX000148,AC000041,AC000370,900000,2024-09-13T05:03:29Z,SYNTHETIC,2026-09-07T05:41:13.870367Z
TX000149,AC000041,AC000370,900000,2024-11-12T05:30:15Z,SYNTHETIC,2026-09-07T05:41:13.870372Z
TX000150,AC000041,AC000370,2300000,2024-11-22T09:51:58Z,SYNTHETIC,2026-09-07T05:41:13.870380Z
TX000151,AC000041,AC000175,2800000,2024-12-20T14:50:01Z,SYNTHETIC,2026-09-07T05:41:13.870385Z
TX000152,AC000175,AC000370,2576000,2024-12-20T14:50:01Z,SYNTHETIC,2026-09-07T05:41:13.870389Z
TX000153,AC000041,AC000370,2900000,2025-08-14T02:51:36Z,SYNTHETIC,2026-09-07T05:41:13.870395Z
TX000154,AC000041,AC000370,1900000,2025-12-17T13:33:14Z,SYNTHETIC,2026-09-07T05:41:13.870400Z
TX000155,AC000041,AC000370,500000,2026-03-19T07:47:22Z,SYNTHETIC,2026-09-07T05:41:13.870405Z
TX000156,AC000041,AC000370,1200000,2026-03-28T19:27:26Z,SYNTHETIC,2026-09-07T05:41:13.870411Z
TX000157,AC000041,AC000370,2700000,2026-05-12T18:00:43Z,SYNTHETIC,2026-09-07T05:41:13.870416Z
TX000158,AC000042,AC000318,2300000,2024-01-14T04:17:23Z,SYNTHETIC,2026-09-07T05:41:13.870480Z
TX000159,AC000318,AC000389,2116000,2024-01-14T04:17:23Z,SYNTHETIC,2026-09-07T05:41:13.870484Z
TX000160,AC000042,AC000318,1600000,2024-02-10T20:09:51Z,SYNTHETIC,2026-09-07T05:41:13.870540Z
TX000161,AC000318,AC000389,1472000,2024-02-10T20:09:51Z,SYNTHETIC,2026-09-07T05:41:13.870553Z
TX000162,AC000042,AC000389,600000,2024-04-30T02:16:06Z,SYNTHETIC,2026-09-07T05:41:13.870568Z
TX000163,AC000042,AC000318,1900000,2024-06-29T21:45:41Z,SYNTHETIC,2026-09-07T05:41:13.870575Z
TX000164,AC000318,AC000389,1748000,2024-06-29T21:45:41Z,SYNTHETIC,2026-09-07T05:41:13.870580Z
TX000165,AC000042,AC000389,1200000,2024-07-29T03:34:37Z,SYNTHETIC,2026-09-07T05:41:13.870610Z
TX000166,AC000042,AC000389,1800000,2024-08-02T16:03:23Z,SYNTHETIC,2026-09-07T05:41:13.870631Z
TX000167,AC000042,AC000318,2400000,2024-10-07T19:30:15Z,SYNTHETIC,2026-09-07T05:41:13.870639Z
TX000168,AC000318,AC000389,2208000,2024-10-07T19:30:15Z,SYNTHETIC,2026-09-07T05:41:13.870643Z
TX000169,AC000042,AC000389,2000000,2024-12-23T23:41:40Z,SYNTHETIC,2026-09-07T05:41:13.870651Z
TX000170,AC000042,AC000318,2700000,2024-12-27T10:57:54Z,SYNTHETIC,2026-09-07T05:41:13.870657Z
TX000171,AC000318,AC000389,2484000,2024-12-27T10:57:54Z,SYNTHETIC,2026-09-07T05:41:13.870660Z
TX000172,AC000042,AC000389,2400000,2025-01-23T04:34:33Z,SYNTHETIC,2026-09-07T05:41:13.870665Z
TX000173,AC000042,AC000389,2500000,2025-01-31T06:03:59Z,SYNTHETIC,2026-09-07T05:41:13.870671Z
TX000174,AC000042,AC000318,2800000,2025-06-28T12:02:53Z,SYNTHETIC,2026-09-07T05:41:13.870679Z
TX000175,AC000318,AC000389,2576000,2025-06-28T12:02:53Z,SYNTHETIC,2026-09-07T05:41:13.870682Z
TX000176,AC000042,AC000389,2400000,2025-08-24T06:16:56Z,SYNTHETIC,2026-09-07T05:41:13.870687Z
TX000177,AC000042,AC000389,2000000,2025-10-15T05:55:43Z,SYNTHETIC,2026-09-07T05:41:13.870692Z
TX000178,AC000042,AC000318,1100000,2025-11-14T05:48:49Z,SYNTHETIC,2026-09-07T05:41:13.870697Z
TX000179,AC000318,AC000389,1012000,2025-11-14T05:48:49Z,SYNTHETIC,2026-09-07T05:41:13.870701Z
TX000180,AC000042,AC000389,900000,2025-12-19T03:03:39Z,SYNTHETIC,2026-09-07T05:41:13.870706Z
TX000181,AC000042,AC000389,2600000,2026-03-30T18:35:21Z,SYNTHETIC,2026-09-07T05:41:13.870712Z
TX000182,AC000042,AC000318,600000,2026-08-04T16:08:40Z,SYNTHETIC,2026-09-07T05:41:13.870717Z
TX000183,AC000318,AC000389,552000,2026-08-04T16:08:40Z,SYNTHETIC,2026-09-07T05:41:13.870720Z
TX000184,AC000043,AC000374,700000,2024-02-06T02:24:19Z,SYNTHETIC,2026-09-07T05:41:13.870780Z
TX000185,AC000043,AC000374,3000000,2024-05-19T03:06:22Z,SYNTHETIC,2026-09-07T05:41:13.870798Z
TX000186,AC000043,AC000190,2400000,2024-06-07T19:17:11Z,SYNTHETIC,2026-09-07T05:41:13.870805Z
TX000187,AC000190,AC000374,2208000,2024-06-07T19:17:11Z,SYNTHETIC,2026-09-07T05:41:13.870809Z
TX000188,AC000043,AC000374,600000,2024-07-10T09:44:18Z,SYNTHETIC,2026-09-07T05:41:13.870815Z
TX000189,AC000043,AC000190,2300000,2024-08-28T12:49:40Z,SYNTHETIC,2026-09-07T05:41:13.870823Z
TX000190,AC000190,AC000374,2116000,2024-08-28T12:49:40Z,SYNTHETIC,2026-09-07T05:41:13.870826Z
TX000191,AC000043,AC000374,1600000,2024-11-15T00:02:34Z,SYNTHETIC,2026-09-07T05:41:13.870832Z
TX000192,AC000043,AC000374,600000,2024-12-24T18:10:23Z,SYNTHETIC,2026-09-07T05:41:13.870837Z
TX000193,AC000043,AC000190,700000,2025-03-16T14:06:00Z,SYNTHETIC,2026-09-07T05:41:13.870843Z
TX000194,AC000190,AC000374,644000,2025-03-16T14:06:00Z,SYNTHETIC,2026-09-07T05:41:13.870846Z
TX000195,AC000043,AC000374,2800000,2025-04-13T12:43:52Z,SYNTHETIC,2026-09-07T05:41:13.870852Z
TX000196,AC000043,AC000190,400000,2025-06-13T13:02:35Z,SYNTHETIC,2026-09-07T05:41:13.870859Z
TX000197,AC000190,AC000374,368000,2025-06-13T13:02:35Z,SYNTHETIC,2026-09-07T05:41:13.870862Z
TX000198,AC000043,AC000190,3000000,2025-08-11T18:31:57Z,SYNTHETIC,2026-09-07T05:41:13.870867Z
TX000199,AC000190,AC000374,2760000,2025-08-11T18:31:57Z,SYNTHETIC,2026-09-07T05:41:13.870871Z
TX000200,AC000043,AC000374,1300000,2025-09-19T14:45:19Z,SYNTHETIC,2026-09-07T05:41:13.870876Z
TX000201,AC000043,AC000190,1800000,2025-12-19T00:19:37Z,SYNTHETIC,2026-09-07T05:41:13.870882Z
TX000202,AC000190,AC000374,1656000,2025-12-19T00:19:37Z,SYNTHETIC,2026-09-07T05:41:13.870887Z
TX000203,AC000043,AC000374,2200000,2026-05-18T12:11:46Z,SYNTHETIC,2026-09-07T05:41:13.870892Z
TX000204,AC000055,AC000259,600000,2024-01-30T02:21:05Z,SYNTHETIC,2026-09-07T05:41:13.870959Z
TX000205,AC000259,AC000384,552000,2024-01-30T02:21:05Z,SYNTHETIC,2026-09-07T05:41:13.870963Z
TX000206,AC000055,AC000384,1500000,2024-03-28T12:35:16Z,SYNTHETIC,2026-09-07T05:41:13.870975Z
TX000207,AC000055,AC000384,1100000,2024-04-16T18:43:57Z,SYNTHETIC,2026-09-07T05:41:13.870981Z
TX000208,AC000055,AC000259,1700000,2024-06-21T15:56:08Z,SYNTHETIC,2026-09-07T05:41:13.870988Z
TX000209,AC000259,AC000384,1564000,2024-06-21T15:56:08Z,SYNTHETIC,2026-09-07T05:41:13.870992Z
TX000210,AC000055,AC000384,700000,2024-06-22T04:14:27Z,SYNTHETIC,2026-09-07T05:41:13.870996Z
TX000211,AC000055,AC000384,2600000,2024-08-06T00:07:47Z,SYNTHETIC,2026-09-07T05:41:13.871002Z
TX000212,AC000055,AC000384,900000,2024-09-19T07:43:49Z,SYNTHETIC,2026-09-07T05:41:13.871008Z
TX000213,AC000055,AC000384,2600000,2024-12-17T06:40:59Z,SYNTHETIC,2026-09-07T05:41:13.871013Z
TX000214,AC000055,AC000259,2500000,2025-03-29T15:27:20Z,SYNTHETIC,2026-09-07T05:41:13.871018Z
TX000215,AC000259,AC000384,2300000,2025-03-29T15:27:20Z,SYNTHETIC,2026-09-07T05:41:13.871022Z
TX000216,AC000055,AC000384,600000,2025-04-14T17:23:20Z,SYNTHETIC,2026-09-07T05:41:13.871027Z
TX000217,AC000055,AC000259,3000000,2025-04-20T02:12:18Z,SYNTHETIC,2026-09-07T05:41:13.871033Z
TX000218,AC000259,AC000384,2760000,2025-04-20T02:12:18Z,SYNTHETIC,2026-09-07T05:41:13.871036Z
TX000219,AC000055,AC000384,800000,2025-05-19T06:32:53Z,SYNTHETIC,2026-09-07T05:41:13.871042Z
TX000220,AC000055,AC000259,2600000,2025-06-20T00:00:11Z,SYNTHETIC,2026-09-07T05:41:13.871047Z
TX000221,AC000259,AC000384,2392000,2025-06-20T00:00:11Z,SYNTHETIC,2026-09-07T05:41:13.871051Z
TX000222,AC000055,AC000384,1200000,2025-09-25T21:38:58Z,SYNTHETIC,2026-09-07T05:41:13.871056Z
TX000223,AC000055,AC000384,1800000,2025-11-22T15:11:56Z,SYNTHETIC,2026-09-07T05:41:13.871061Z
TX000224,AC000055,AC000384,2200000,2025-12-01T20:31:58Z,SYNTHETIC,2026-09-07T05:41:13.871066Z
TX000225,AC000055,AC000259,1100000,2026-07-07T18:49:52Z,SYNTHETIC,2026-09-07T05:41:13.871071Z
TX000226,AC000259,AC000384,1012000,2026-07-07T18:49:52Z,SYNTHETIC,2026-09-07T05:41:13.871074Z
TX000227,AC000055,AC000384,1400000,2026-07-25T00:48:41Z,SYNTHETIC,2026-09-07T05:41:13.871082Z
TX000228,AC000056,AC000302,2400000,2024-01-08T16:58:23Z,SYNTHETIC,2026-09-07T05:41:13.871147Z
TX000229,AC000302,AC000391,2208000,2024-01-08T16:58:23Z,SYNTHETIC,2026-09-07T05:41:13.871151Z
TX000230,AC000056,AC000391,500000,2024-05-03T18:40:12Z,SYNTHETIC,2026-09-07T05:41:13.871164Z
TX000231,AC000056,AC000391,1600000,2024-07-13T07:02:49Z,SYNTHETIC,2026-09-07T05:41:13.871170Z
TX000232,AC000056,AC000391,600000,2024-12-15T17:46:07Z,SYNTHETIC,2026-09-07T05:41:13.871174Z
TX000233,AC000056,AC000391,2800000,2025-02-04T18:21:12Z,SYNTHETIC,2026-09-07T05:41:13.871178Z
TX000234,AC000056,AC000302,2500000,2025-03-12T11:54:15Z,SYNTHETIC,2026-09-07T05:41:13.871182Z
TX000235,AC000302,AC000391,2300000,2025-03-12T11:54:15Z,SYNTHETIC,2026-09-07T05:41:13.871185Z
TX000236,AC000056,AC000391,500000,2025-03-17T23:38:52Z,SYNTHETIC,2026-09-07T05:41:13.871188Z
TX000237,AC000056,AC000391,600000,2025-04-03T20:22:24Z,SYNTHETIC,2026-09-07T05:41:13.871191Z
TX000238,AC000056,AC000391,1700000,2025-05-13T14:05:49Z,SYNTHETIC,2026-09-07T05:41:13.871195Z
TX000239,AC000056,AC000391,500000,2025-09-16T21:38:16Z,SYNTHETIC,2026-09-07T05:41:13.871198Z
TX000240,AC000056,AC000302,3000000,2025-10-10T14:44:22Z,SYNTHETIC,2026-09-07T05:41:13.871201Z
TX000241,AC000302,AC000391,2760000,2025-10-10T14:44:22Z,SYNTHETIC,2026-09-07T05:41:13.871203Z
TX000242,AC000056,AC000302,1300000,2025-11-24T12:57:20Z,SYNTHETIC,2026-09-07T05:41:13.871207Z
TX000243,AC000302,AC000391,1196000,2025-11-24T12:57:20Z,SYNTHETIC,2026-09-07T05:41:13.871209Z
TX000244,AC000056,AC000391,1100000,2025-12-12T09:25:38Z,SYNTHETIC,2026-09-07T05:41:13.871212Z
TX000245,AC000056,AC000302,1000000,2026-02-21T08:15:15Z,SYNTHETIC,2026-09-07T05:41:13.871216Z
TX000246,AC000302,AC000391,920000,2026-02-21T08:15:15Z,SYNTHETIC,2026-09-07T05:41:13.871218Z
TX000247,AC000056,AC000391,800000,2026-04-09T10:33:48Z,SYNTHETIC,2026-09-07T05:41:13.871223Z
TX000248,AC000056,AC000391,1100000,2026-05-19T15:26:47Z,SYNTHETIC,2026-09-07T05:41:13.871227Z
TX000249,AC000056,AC000391,1900000,2026-06-06T11:36:36Z,SYNTHETIC,2026-09-07T05:41:13.871230Z
TX000250,AC000056,AC000302,2100000,2026-08-06T00:51:24Z,SYNTHETIC,2026-09-07T05:41:13.871234Z
TX000251,AC000302,AC000391,1932000,2026-08-06T00:51:24Z,SYNTHETIC,2026-09-07T05:41:13.871236Z
TX000252,AC000057,AC000304,1400000,2024-02-12T15:07:36Z,SYNTHETIC,2026-09-07T05:41:13.871275Z
TX000253,AC000304,AC000390,1288000,2024-02-12T15:07:36Z,SYNTHETIC,2026-09-07T05:41:13.871278Z
TX000254,AC000057,AC000390,2900000,2024-02-20T00:25:44Z,SYNTHETIC,2026-09-07T05:41:13.871285Z
TX000255,AC000057,AC000304,2800000,2024-08-12T09:39:22Z,SYNTHETIC,2026-09-07T05:41:13.871289Z
TX000256,AC000304,AC000390,2576000,2024-08-12T09:39:22Z,SYNTHETIC,2026-09-07T05:41:13.871291Z
TX000257,AC000057,AC000390,600000,2024-12-01T18:37:07Z,SYNTHETIC,2026-09-07T05:41:13.871296Z
TX000258,AC000057,AC000304,2000000,2024-12-17T10:43:55Z,SYNTHETIC,2026-09-07T05:41:13.871300Z
TX000259,AC000304,AC000390,1840000,2024-12-17T10:43:55Z,SYNTHETIC,2026-09-07T05:41:13.871302Z
TX000260,AC000057,AC000390,1500000,2025-05-16T14:07:06Z,SYNTHETIC,2026-09-07T05:41:13.871306Z
TX000261,AC000057,AC000390,1200000,2025-06-01T00:00:02Z,SYNTHETIC,2026-09-07T05:41:13.871309Z
TX000262,AC000057,AC000304,1200000,2025-07-28T00:43:26Z,SYNTHETIC,2026-09-07T05:41:13.871312Z
TX000263,AC000304,AC000390,1104000,2025-07-28T00:43:26Z,SYNTHETIC,2026-09-07T05:41:13.871314Z
TX000264,AC000057,AC000304,2300000,2025-08-18T16:37:04Z,SYNTHETIC,2026-09-07T05:41:13.871319Z
TX000265,AC000304,AC000390,2116000,2025-08-18T16:37:04Z,SYNTHETIC,2026-09-07T05:41:13.871321Z
TX000266,AC000057,AC000390,700000,2025-10-22T13:25:09Z,SYNTHETIC,2026-09-07T05:41:13.871324Z
TX000267,AC000057,AC000304,700000,2025-10-24T21:30:15Z,SYNTHETIC,2026-09-07T05:41:13.871330Z
TX000268,AC000304,AC000390,644000,2025-10-24T21:30:15Z,SYNTHETIC,2026-09-07T05:41:13.871332Z
TX000269,AC000057,AC000390,400000,2026-01-02T01:02:28Z,SYNTHETIC,2026-09-07T05:41:13.871335Z
TX000270,AC000057,AC000390,2300000,2026-01-14T19:43:33Z,SYNTHETIC,2026-09-07T05:41:13.871339Z
TX000271,AC000057,AC000390,2500000,2026-08-02T18:00:41Z,SYNTHETIC,2026-09-07T05:41:13.871342Z
TX000272,AC000057,AC000390,800000,2026-08-06T07:24:42Z,SYNTHETIC,2026-09-07T05:41:13.871346Z
TX000273,AC000058,AC000287,800000,2024-06-05T09:52:52Z,SYNTHETIC,2026-09-07T05:41:13.871368Z
TX000274,AC000287,AC000369,736000,2024-06-05T09:52:52Z,SYNTHETIC,2026-09-07T05:41:13.871370Z
TX000275,AC000058,AC000369,2600000,2024-06-08T12:59:27Z,SYNTHETIC,2026-09-07T05:41:13.871378Z
TX000276,AC000058,AC000287,1000000,2024-08-23T21:04:51Z,SYNTHETIC,2026-09-07T05:41:13.871382Z
TX000277,AC000287,AC000369,920000,2024-08-23T21:04:51Z,SYNTHETIC,2026-09-07T05:41:13.871384Z
TX000278,AC000058,AC000287,3000000,2024-12-02T19:51:29Z,SYNTHETIC,2026-09-07T05:41:13.871388Z
TX000279,AC000287,AC000369,2760000,2024-12-02T19:51:29Z,SYNTHETIC,2026-09-07T05:41:13.871390Z
TX000280,AC000058,AC000287,2200000,2025-02-27T15:43:17Z,SYNTHETIC,2026-09-07T05:41:13.871393Z
TX000281,AC000287,AC000369,2024000,2025-02-27T15:43:17Z,SYNTHETIC,2026-09-07T05:41:13.871395Z
TX000282,AC000058,AC000369,600000,2025-05-10T02:32:30Z,SYNTHETIC,2026-09-07T05:41:13.871398Z
TX000283,AC000058,AC000369,2500000,2025-07-01T08:11:03Z,SYNTHETIC,2026-09-07T05:41:13.871402Z
TX000284,AC000058,AC000369,800000,2025-10-21T23:54:37Z,SYNTHETIC,2026-09-07T05:41:13.871406Z
TX000285,AC000085,AC000379,1400000,2024-07-19T10:43:07Z,SYNTHETIC,2026-09-07T05:41:13.871442Z
TX000286,AC000085,AC000379,1300000,2024-09-28T17:45:28Z,SYNTHETIC,2026-09-07T05:41:13.871450Z
TX000287,AC000085,AC000379,1300000,2024-12-12T20:23:28Z,SYNTHETIC,2026-09-07T05:41:13.871456Z
TX000288,AC000085,AC000379,900000,2025-01-20T08:34:04Z,SYNTHETIC,2026-09-07T05:41:13.871459Z
TX000289,AC000085,AC000379,2600000,2025-01-31T05:45:41Z,SYNTHETIC,2026-09-07T05:41:13.871462Z
TX000290,AC000085,AC000379,500000,2025-03-24T22:34:46Z,SYNTHETIC,2026-09-07T05:41:13.871466Z
TX000291,AC000085,AC000379,1900000,2025-09-09T06:08:52Z,SYNTHETIC,2026-09-07T05:41:13.871469Z
TX000292,AC000085,AC000379,1700000,2025-10-05T06:28:57Z,SYNTHETIC,2026-09-07T05:41:13.871473Z
TX000293,AC000085,AC000232,1500000,2025-11-01T15:56:52Z,SYNTHETIC,2026-09-07T05:41:13.871476Z
TX000294,AC000232,AC000379,1380000,2025-11-01T15:56:52Z,SYNTHETIC,2026-09-07T05:41:13.871478Z
TX000295,AC000085,AC000232,2600000,2025-12-25T10:24:24Z,SYNTHETIC,2026-09-07T05:41:13.871482Z
TX000296,AC000232,AC000379,2392000,2025-12-25T10:24:24Z,SYNTHETIC,2026-09-07T05:41:13.871484Z
TX000297,AC000085,AC000379,2600000,2026-02-16T07:43:43Z,SYNTHETIC,2026-09-07T05:41:13.871487Z
TX000298,AC000085,AC000379,2100000,2026-04-03T20:54:24Z,SYNTHETIC,2026-09-07T05:41:13.871490Z
TX000299,AC000085,AC000379,2800000,2026-06-10T04:05:54Z,SYNTHETIC,2026-09-07T05:41:13.871493Z
TX000300,AC000085,AC000379,1000000,2026-06-11T03:29:10Z,SYNTHETIC,2026-09-07T05:41:13.871497Z
TX000301,AC000085,AC000379,1400000,2026-07-17T23:06:34Z,SYNTHETIC,2026-09-07T05:41:13.871500Z
TX000302,AC000086,AC000374,400000,2024-02-06T09:17:01Z,SYNTHETIC,2026-09-07T05:41:13.871533Z
TX000303,AC000086,AC000374,2600000,2024-03-03T15:59:51Z,SYNTHETIC,2026-09-07T05:41:13.871541Z
TX000304,AC000086,AC000374,3000000,2024-06-07T10:26:50Z,SYNTHETIC,2026-09-07T05:41:13.871545Z
TX000305,AC000086,AC000374,1500000,2024-09-06T05:12:38Z,SYNTHETIC,2026-09-07T05:41:13.871548Z
TX000306,AC000086,AC000374,1600000,2024-10-16T22:38:32Z,SYNTHETIC,2026-09-07T05:41:13.871554Z
TX000307,AC000086,AC000374,1300000,2024-11-27T18:12:25Z,SYNTHETIC,2026-09-07T05:41:13.871557Z
TX000308,AC000086,AC000101,1600000,2025-01-07T16:58:27Z,SYNTHETIC,2026-09-07T05:41:13.871561Z
TX000309,AC000101,AC000374,1472000,2025-01-07T16:58:27Z,SYNTHETIC,2026-09-07T05:41:13.871563Z
TX000310,AC000086,AC000374,2500000,2025-02-22T14:21:58Z,SYNTHETIC,2026-09-07T05:41:13.871567Z
TX000311,AC000086,AC000374,1800000,2025-07-31T19:13:34Z,SYNTHETIC,2026-09-07T05:41:13.871570Z
TX000312,AC000086,AC000101,2500000,2025-12-09T04:14:10Z,SYNTHETIC,2026-09-07T05:41:13.871574Z
TX000313,AC000101,AC000374,2300000,2025-12-09T04:14:10Z,SYNTHETIC,2026-09-07T05:41:13.871576Z
TX000314,AC000086,AC000101,1300000,2025-12-14T00:51:01Z,SYNTHETIC,2026-09-07T05:41:13.871579Z
TX000315,AC000101,AC000374,1196000,2025-12-14T00:51:01Z,SYNTHETIC,2026-09-07T05:41:13.871582Z
TX000316,AC000086,AC000374,2600000,2026-03-12T10:15:43Z,SYNTHETIC,2026-09-07T05:41:13.871585Z
TX000317,AC000086,AC000374,1500000,2026-08-23T23:23:44Z,SYNTHETIC,2026-09-07T05:41:13.871588Z
TX000318,AC000087,AC000374,2600000,2024-03-20T14:37:04Z,SYNTHETIC,2026-09-07T05:41:13.871628Z
TX000319,AC000087,AC000374,2800000,2024-04-07T05:05:38Z,SYNTHETIC,2026-09-07T05:41:13.871635Z
TX000320,AC000087,AC000254,2400000,2024-04-07T22:48:31Z,SYNTHETIC,2026-09-07T05:41:13.871639Z
TX000321,AC000254,AC000374,2208000,2024-04-07T22:48:31Z,SYNTHETIC,2026-09-07T05:41:13.871641Z
TX000322,AC000087,AC000374,2800000,2024-06-20T03:04:39Z,SYNTHETIC,2026-09-07T05:41:13.871644Z
TX000323,AC000087,AC000254,2600000,2024-07-01T03:08:10Z,SYNTHETIC,2026-09-07T05:41:13.871647Z
TX000324,AC000254,AC000374,2392000,2024-07-01T03:08:10Z,SYNTHETIC,2026-09-07T05:41:13.871649Z
TX000325,AC000087,AC000374,600000,2024-10-07T22:52:02Z,SYNTHETIC,2026-09-07T05:41:13.871655Z
TX000326,AC000087,AC000254,2000000,2024-12-17T17:10:15Z,SYNTHETIC,2026-09-07T05:41:13.871658Z
TX000327,AC000254,AC000374,1840000,2024-12-17T17:10:15Z,SYNTHETIC,2026-09-07T05:41:13.871660Z
TX000328,AC000087,AC000374,3000000,2025-01-16T20:54:30Z,SYNTHETIC,2026-09-07T05:41:13.871664Z
TX000329,AC000087,AC000374,1600000,2025-01-28T18:51:44Z,SYNTHETIC,2026-09-07T05:41:13.871667Z
TX000330,AC000087,AC000374,2800000,2025-02-21T20:38:20Z,SYNTHETIC,2026-09-07T05:41:13.871671Z
TX000331,AC000087,AC000374,1600000,2025-08-06T22:33:06Z,SYNTHETIC,2026-09-07T05:41:13.871674Z
TX000332,AC000087,AC000254,1100000,2025-08-23T01:21:44Z,SYNTHETIC,2026-09-07T05:41:13.871678Z
TX000333,AC000254,AC000374,1012000,2025-08-23T01:21:44Z,SYNTHETIC,2026-09-07T05:41:13.871680Z
TX000334,AC000087,AC000254,2400000,2025-10-16T02:15:22Z,SYNTHETIC,2026-09-07T05:41:13.871683Z
TX000335,AC000254,AC000374,2208000,2025-10-16T02:15:22Z,SYNTHETIC,2026-09-07T05:41:13.871685Z
TX000336,AC000087,AC000374,2400000,2025-11-14T22:50:24Z,SYNTHETIC,2026-09-07T05:41:13.871689Z
TX000337,AC000087,AC000374,900000,2026-01-05T16:28:17Z,SYNTHETIC,2026-09-07T05:41:13.871692Z
TX000338,AC000087,AC000374,2300000,2026-03-05T14:13:37Z,SYNTHETIC,2026-09-07T05:41:13.871695Z
TX000339,AC000087,AC000374,1900000,2026-08-10T19:16:36Z,SYNTHETIC,2026-09-07T05:41:13.871698Z
TX000340,AC000088,AC000380,700000,2024-11-27T20:30:15Z,SYNTHETIC,2026-09-07T05:41:13.871725Z
TX000341,AC000088,AC000380,1100000,2025-03-02T06:06:36Z,SYNTHETIC,2026-09-07T05:41:13.871734Z
TX000342,AC000088,AC000052,1500000,2025-03-23T10:05:06Z,SYNTHETIC,2026-09-07T05:41:13.871737Z
TX000343,AC000052,AC000380,1380000,2025-03-23T10:05:06Z,SYNTHETIC,2026-09-07T05:41:13.871739Z
TX000344,AC000088,AC000380,2600000,2025-04-02T01:09:28Z,SYNTHETIC,2026-09-07T05:41:13.871744Z
TX000345,AC000088,AC000380,2600000,2025-05-30T08:17:46Z,SYNTHETIC,2026-09-07T05:41:13.871749Z
TX000346,AC000088,AC000052,1800000,2025-08-07T02:32:11Z,SYNTHETIC,2026-09-07T05:41:13.871753Z
TX000347,AC000052,AC000380,1656000,2025-08-07T02:32:11Z,SYNTHETIC,2026-09-07T05:41:13.871755Z
TX000348,AC000088,AC000052,2700000,2025-10-07T21:44:20Z,SYNTHETIC,2026-09-07T05:41:13.871760Z
TX000349,AC000052,AC000380,2484000,2025-10-07T21:44:20Z,SYNTHETIC,2026-09-07T05:41:13.871762Z
TX000350,AC000088,AC000052,2500000,2025-12-02T18:50:40Z,SYNTHETIC,2026-09-07T05:41:13.871766Z
TX000351,AC000052,AC000380,2300000,2025-12-02T18:50:40Z,SYNTHETIC,2026-09-07T05:41:13.871768Z
TX000352,AC000088,AC000380,2800000,2026-02-09T08:55:14Z,SYNTHETIC,2026-09-07T05:41:13.871772Z
TX000353,AC000088,AC000052,1000000,2026-04-18T20:43:17Z,SYNTHETIC,2026-09-07T05:41:13.871775Z
TX000354,AC000052,AC000380,920000,2026-04-18T20:43:17Z,SYNTHETIC,2026-09-07T05:41:13.871778Z
TX000355,AC000088,AC000380,2700000,2026-05-20T15:57:03Z,SYNTHETIC,2026-09-07T05:41:13.871781Z
TX000356,AC000089,AC000010,1100000,2025-01-15T08:48:27Z,SYNTHETIC,2026-09-07T05:41:13.871805Z
TX000357,AC000010,AC000377,1012000,2025-01-15T08:48:27Z,SYNTHETIC,2026-09-07T05:41:13.871807Z
TX000358,AC000089,AC000377,1300000,2025-04-30T00:43:36Z,SYNTHETIC,2026-09-07T05:41:13.871814Z
TX000359,AC000089,AC000377,2700000,2025-05-23T15:55:57Z,SYNTHETIC,2026-09-07T05:41:13.871818Z
TX000360,AC000089,AC000010,2700000,2026-02-28T16:59:59Z,SYNTHETIC,2026-09-07T05:41:13.871822Z
TX000361,AC000010,AC000377,2484000,2026-02-28T16:59:59Z,SYNTHETIC,2026-09-07T05:41:13.871824Z
TX000362,AC000089,AC000377,2300000,2026-03-11T08:23:39Z,SYNTHETIC,2026-09-07T05:41:13.871827Z
TX000363,AC000089,AC000377,2000000,2026-03-30T02:51:38Z,SYNTHETIC,2026-09-07T05:41:13.871831Z
TX000364,AC000089,AC000377,1000000,2026-05-20T17:52:17Z,SYNTHETIC,2026-09-07T05:41:13.871836Z
TX000365,AC000089,AC000377,2300000,2026-07-24T19:45:37Z,SYNTHETIC,2026-09-07T05:41:13.871839Z
TX000366,AC000089,AC000377,1300000,2026-08-03T16:39:24Z,SYNTHETIC,2026-09-07T05:41:13.871843Z
TX000367,AC000114,AC000068,1100000,2024-02-28T09:13:18Z,SYNTHETIC,2026-09-07T05:41:13.871875Z
TX000368,AC000068,AC000384,1012000,2024-02-28T09:13:18Z,SYNTHETIC,2026-09-07T05:41:13.871878Z
TX000369,AC000114,AC000384,2900000,2024-04-10T16:33:56Z,SYNTHETIC,2026-09-07T05:41:13.871886Z
TX000370,AC000114,AC000384,1000000,2024-05-07T11:53:34Z,SYNTHETIC,2026-09-07T05:41:13.871890Z
TX000371,AC000114,AC000068,2700000,2024-10-11T04:53:34Z,SYNTHETIC,2026-09-07T05:41:13.871893Z
TX000372,AC000068,AC000384,2484000,2024-10-11T04:53:34Z,SYNTHETIC,2026-09-07T05:41:13.871895Z
TX000373,AC000114,AC000384,2400000,2024-10-23T12:16:27Z,SYNTHETIC,2026-09-07T05:41:13.871898Z
TX000374,AC000114,AC000384,600000,2024-10-31T06:01:46Z,SYNTHETIC,2026-09-07T05:41:13.871902Z
TX000375,AC000114,AC000068,800000,2024-11-10T16:58:54Z,SYNTHETIC,2026-09-07T05:41:13.871905Z
TX000376,AC000068,AC000384,736000,2024-11-10T16:58:54Z,SYNTHETIC,2026-09-07T05:41:13.871907Z
TX000377,AC000114,AC000068,1900000,2025-03-02T12:17:14Z,SYNTHETIC,2026-09-07T05:41:13.871911Z
TX000378,AC000068,AC000384,1748000,2025-03-02T12:17:14Z,SYNTHETIC,2026-09-07T05:41:13.871914Z
TX000379,AC000114,AC000384,1600000,2025-03-20T08:59:50Z,SYNTHETIC,2026-09-07T05:41:13.871918Z
TX000380,AC000114,AC000384,2400000,2025-04-05T16:14:09Z,SYNTHETIC,2026-09-07T05:41:13.871921Z
TX000381,AC000114,AC000068,3000000,2025-04-18T13:21:41Z,SYNTHETIC,2026-09-07T05:41:13.871924Z
TX000382,AC000068,AC000384,2760000,2025-04-18T13:21:41Z,SYNTHETIC,2026-09-07T05:41:13.871926Z
TX000383,AC000114,AC000068,2000000,2025-06-03T12:57:36Z,SYNTHETIC,2026-09-07T05:41:13.871930Z
TX000384,AC000068,AC000384,1840000,2025-06-03T12:57:36Z,SYNTHETIC,2026-09-07T05:41:13.871934Z
TX000385,AC000114,AC000384,900000,2025-06-17T15:06:08Z,SYNTHETIC,2026-09-07T05:41:13.871937Z
TX000386,AC000114,AC000384,2700000,2025-08-25T09:56:54Z,SYNTHETIC,2026-09-07T05:41:13.871940Z
TX000387,AC000115,AC000383,500000,2024-06-04T21:55:52Z,SYNTHETIC,2026-09-07T05:41:13.871980Z
TX000388,AC000115,AC000383,2600000,2024-06-14T13:36:23Z,SYNTHETIC,2026-09-07T05:41:13.871987Z
TX000389,AC000115,AC000383,1400000,2024-10-10T17:25:00Z,SYNTHETIC,2026-09-07T05:41:13.871991Z
TX000390,AC000115,AC000201,600000,2024-11-09T13:52:54Z,SYNTHETIC,2026-09-07T05:41:13.871994Z
TX000391,AC000201,AC000383,552000,2024-11-09T13:52:54Z,SYNTHETIC,2026-09-07T05:41:13.871997Z
TX000392,AC000115,AC000201,400000,2024-12-23T20:12:55Z,SYNTHETIC,2026-09-07T05:41:13.872000Z
TX000393,AC000201,AC000383,368000,2024-12-23T20:12:55Z,SYNTHETIC,2026-09-07T05:41:13.872002Z
TX000394,AC000115,AC000383,1700000,2025-09-30T02:03:15Z,SYNTHETIC,2026-09-07T05:41:13.872006Z
TX000395,AC000115,AC000201,1900000,2025-11-11T10:27:07Z,SYNTHETIC,2026-09-07T05:41:13.872010Z
TX000396,AC000201,AC000383,1748000,2025-11-11T10:27:07Z,SYNTHETIC,2026-09-07T05:41:13.872012Z
TX000397,AC000115,AC000383,1100000,2025-11-25T19:04:16Z,SYNTHETIC,2026-09-07T05:41:13.872015Z
TX000398,AC000115,AC000201,1500000,2026-01-10T23:04:10Z,SYNTHETIC,2026-09-07T05:41:13.872019Z
TX000399,AC000201,AC000383,1380000,2026-01-10T23:04:10Z,SYNTHETIC,2026-09-07T05:41:13.872021Z
TX000400,AC000115,AC000383,1200000,2026-01-11T22:42:13Z,SYNTHETIC,2026-09-07T05:41:13.872024Z
TX000401,AC000115,AC000201,2800000,2026-01-13T20:03:24Z,SYNTHETIC,2026-09-07T05:41:13.872028Z
TX000402,AC000201,AC000383,2576000,2026-01-13T20:03:24Z,SYNTHETIC,2026-09-07T05:41:13.872031Z
TX000403,AC000115,AC000201,2300000,2026-01-18T17:16:55Z,SYNTHETIC,2026-09-07T05:41:13.872036Z
TX000404,AC000201,AC000383,2116000,2026-01-18T17:16:55Z,SYNTHETIC,2026-09-07T05:41:13.872038Z
TX000405,AC000115,AC000383,800000,2026-02-21T07:56:21Z,SYNTHETIC,2026-09-07T05:41:13.872042Z
TX000406,AC000115,AC000383,2400000,2026-02-22T17:48:02Z,SYNTHETIC,2026-09-07T05:41:13.872045Z
TX000407,AC000115,AC000201,2600000,2026-06-18T16:56:33Z,SYNTHETIC,2026-09-07T05:41:13.872049Z
TX000408,AC000201,AC000383,2392000,2026-06-18T16:56:33Z,SYNTHETIC,2026-09-07T05:41:13.872051Z
TX000409,AC000115,AC000383,1000000,2026-06-21T12:27:40Z,SYNTHETIC,2026-09-07T05:41:13.872057Z
TX000410,AC000115,AC000383,1800000,2026-08-26T10:03:52Z,SYNTHETIC,2026-09-07T05:41:13.872060Z
TX000411,AC000116,AC000368,1500000,2024-03-15T12:59:11Z,SYNTHETIC,2026-09-07T05:41:13.872100Z
TX000412,AC000116,AC000368,1200000,2024-03-19T22:10:08Z,SYNTHETIC,2026-09-07T05:41:13.872108Z
TX000413,AC000116,AC000368,2900000,2024-03-30T16:48:04Z,SYNTHETIC,2026-09-07T05:41:13.872111Z
TX000414,AC000116,AC000326,1200000,2024-04-23T11:20:00Z,SYNTHETIC,2026-09-07T05:41:13.872115Z
TX000415,AC000326,AC000368,1104000,2024-04-23T11:20:00Z,SYNTHETIC,2026-09-07T05:41:13.872118Z
TX000416,AC000116,AC000326,2200000,2024-05-20T00:21:29Z,SYNTHETIC,2026-09-07T05:41:13.872121Z
TX000417,AC000326,AC000368,2024000,2024-05-20T00:21:29Z,SYNTHETIC,2026-09-07T05:41:13.872124Z
TX000418,AC000116,AC000368,800000,2024-06-05T13:04:15Z,SYNTHETIC,2026-09-07T05:41:13.872127Z
TX000419,AC000116,AC000368,1400000,2024-06-28T20:25:07Z,SYNTHETIC,2026-09-07T05:41:13.872131Z
TX000420,AC000116,AC000326,600000,2025-03-18T02:09:56Z,SYNTHETIC,2026-09-07T05:41:13.872134Z
TX000421,AC000326,AC000368,552000,2025-03-18T02:09:56Z,SYNTHETIC,2026-09-07T05:41:13.872137Z
TX000422,AC000116,AC000326,1200000,2025-04-01T09:17:57Z,SYNTHETIC,2026-09-07T05:41:13.872140Z
TX000423,AC000326,AC000368,1104000,2025-04-01T09:17:57Z,SYNTHETIC,2026-09-07T05:41:13.872144Z
TX000424,AC000116,AC000326,1300000,2025-06-19T06:56:52Z,SYNTHETIC,2026-09-07T05:41:13.872148Z
TX000425,AC000326,AC000368,1196000,2025-06-19T06:56:52Z,SYNTHETIC,2026-09-07T05:41:13.872150Z
TX000426,AC000116,AC000326,2400000,2025-08-11T19:05:48Z,SYNTHETIC,2026-09-07T05:41:13.872154Z
TX000427,AC000326,AC000368,2208000,2025-08-11T19:05:48Z,SYNTHETIC,2026-09-07T05:41:13.872157Z
TX000428,AC000116,AC000368,600000,2025-10-14T19:22:57Z,SYNTHETIC,2026-09-07T05:41:13.872160Z
TX000429,AC000116,AC000326,1900000,2026-01-03T17:01:29Z,SYNTHETIC,2026-09-07T05:41:13.872164Z
TX000430,AC000326,AC000368,1748000,2026-01-03T17:01:29Z,SYNTHETIC,2026-09-07T05:41:13.872166Z
TX000431,AC000116,AC000326,1600000,2026-04-17T10:16:40Z,SYNTHETIC,2026-09-07T05:41:13.872169Z
TX000432,AC000326,AC000368,1472000,2026-04-17T10:16:40Z,SYNTHETIC,2026-09-07T05:41:13.872172Z
TX000433,AC000116,AC000326,900000,2026-04-25T16:56:48Z,SYNTHETIC,2026-09-07T05:41:13.872175Z
TX000434,AC000326,AC000368,828000,2026-04-25T16:56:48Z,SYNTHETIC,2026-09-07T05:41:13.872177Z
TX000435,AC000116,AC000368,600000,2026-07-08T03:46:03Z,SYNTHETIC,2026-09-07T05:41:13.872180Z
TX000436,AC000116,AC000368,1600000,2026-07-14T07:48:35Z,SYNTHETIC,2026-09-07T05:41:13.872183Z
TX000437,AC000117,AC000073,2800000,2024-01-25T03:33:45Z,SYNTHETIC,2026-09-07T05:41:13.872227Z
TX000438,AC000073,AC000384,2576000,2024-01-25T03:33:45Z,SYNTHETIC,2026-09-07T05:41:13.872229Z
TX000439,AC000117,AC000384,1600000,2024-02-29T05:32:06Z,SYNTHETIC,2026-09-07T05:41:13.872240Z
TX000440,AC000117,AC000384,2700000,2024-03-10T06:30:16Z,SYNTHETIC,2026-09-07T05:41:13.872243Z
TX000441,AC000117,AC000384,2200000,2024-06-06T11:34:33Z,SYNTHETIC,2026-09-07T05:41:13.872247Z
TX000442,AC000117,AC000073,2300000,2024-06-28T09:22:49Z,SYNTHETIC,2026-09-07T05:41:13.872252Z
TX000443,AC000073,AC000384,2116000,2024-06-28T09:22:49Z,SYNTHETIC,2026-09-07T05:41:13.872254Z
TX000444,AC000117,AC000384,600000,2024-07-23T05:05:06Z,SYNTHETIC,2026-09-07T05:41:13.872257Z
TX000445,AC000117,AC000384,1100000,2024-12-17T04:36:15Z,SYNTHETIC,2026-09-07T05:41:13.872261Z
TX000446,AC000117,AC000384,1300000,2025-02-12T14:58:07Z,SYNTHETIC,2026-09-07T05:41:13.872264Z
TX000447,AC000117,AC000073,1400000,2025-03-19T11:59:43Z,SYNTHETIC,2026-09-07T05:41:13.872267Z
TX000448,AC000073,AC000384,1288000,2025-03-19T11:59:43Z,SYNTHETIC,2026-09-07T05:41:13.872270Z
TX000449,AC000117,AC000073,900000,2025-07-03T02:40:47Z,SYNTHETIC,2026-09-07T05:41:13.872273Z
TX000450,AC000073,AC000384,828000,2025-07-03T02:40:47Z,SYNTHETIC,2026-09-07T05:41:13.872275Z
TX000451,AC000117,AC000384,600000,2025-07-05T17:55:17Z,SYNTHETIC,2026-09-07T05:41:13.872291Z
TX000452,AC000117,AC000384,700000,2025-08-16T11:18:55Z,SYNTHETIC,2026-09-07T05:41:13.872295Z
TX000453,AC000117,AC000073,2900000,2025-08-21T03:20:40Z,SYNTHETIC,2026-09-07T05:41:13.872298Z
TX000454,AC000073,AC000384,2668000,2025-08-21T03:20:40Z,SYNTHETIC,2026-09-07T05:41:13.872300Z
TX000455,AC000117,AC000384,1300000,2026-01-23T03:42:27Z,SYNTHETIC,2026-09-07T05:41:13.872304Z
TX000456,AC000117,AC000384,2300000,2026-03-01T15:14:03Z,SYNTHETIC,2026-09-07T05:41:13.872307Z
TX000457,AC000117,AC000073,2300000,2026-05-10T09:25:29Z,SYNTHETIC,2026-09-07T05:41:13.872310Z
TX000458,AC000073,AC000384,2116000,2026-05-10T09:25:29Z,SYNTHETIC,2026-09-07T05:41:13.872314Z
TX000459,AC000117,AC000384,2700000,2026-08-13T02:53:06Z,SYNTHETIC,2026-09-07T05:41:13.872317Z
TX000460,AC000118,AC000288,1600000,2024-01-26T02:02:59Z,SYNTHETIC,2026-09-07T05:41:13.872358Z
TX000461,AC000288,AC000373,1472000,2024-01-26T02:02:59Z,SYNTHETIC,2026-09-07T05:41:13.872360Z
TX000462,AC000118,AC000373,3000000,2024-06-27T04:49:51Z,SYNTHETIC,2026-09-07T05:41:13.872370Z
TX000463,AC000118,AC000288,1200000,2024-07-14T23:42:51Z,SYNTHETIC,2026-09-07T05:41:13.872373Z
TX000464,AC000288,AC000373,1104000,2024-07-14T23:42:51Z,SYNTHETIC,2026-09-07T05:41:13.872376Z
TX000465,AC000118,AC000373,2000000,2025-01-24T06:09:08Z,SYNTHETIC,2026-09-07T05:41:13.872379Z
TX000466,AC000118,AC000288,400000,2025-03-22T08:06:56Z,SYNTHETIC,2026-09-07T05:41:13.872382Z
TX000467,AC000288,AC000373,368000,2025-03-22T08:06:56Z,SYNTHETIC,2026-09-07T05:41:13.872384Z
TX000468,AC000118,AC000373,1200000,2025-04-11T10:04:02Z,SYNTHETIC,2026-09-07T05:41:13.872388Z
TX000469,AC000118,AC000373,2600000,2025-07-25T08:50:29Z,SYNTHETIC,2026-09-07T05:41:13.872393Z
TX000470,AC000118,AC000373,1500000,2025-10-02T19:31:45Z,SYNTHETIC,2026-09-07T05:41:13.872396Z
TX000471,AC000118,AC000373,900000,2025-10-03T17:06:58Z,SYNTHETIC,2026-09-07T05:41:13.872400Z
TX000472,AC000118,AC000373,1900000,2026-01-08T10:22:40Z,SYNTHETIC,2026-09-07T05:41:13.872403Z
TX000473,AC000118,AC000373,600000,2026-01-17T20:30:48Z,SYNTHETIC,2026-09-07T05:41:13.872407Z
TX000474,AC000118,AC000373,2800000,2026-02-06T11:18:13Z,SYNTHETIC,2026-09-07T05:41:13.872410Z
TX000475,AC000118,AC000373,2500000,2026-03-05T02:11:48Z,SYNTHETIC,2026-09-07T05:41:13.872414Z
TX000476,AC000118,AC000288,2900000,2026-03-07T20:54:45Z,SYNTHETIC,2026-09-07T05:41:13.872417Z
TX000477,AC000288,AC000373,2668000,2026-03-07T20:54:45Z,SYNTHETIC,2026-09-07T05:41:13.872420Z
TX000478,AC000118,AC000288,2100000,2026-05-11T08:17:27Z,SYNTHETIC,2026-09-07T05:41:13.872423Z
TX000479,AC000288,AC000373,1932000,2026-05-11T08:17:27Z,SYNTHETIC,2026-09-07T05:41:13.872425Z
TX000480,AC000118,AC000373,1500000,2026-06-19T19:36:14Z,SYNTHETIC,2026-09-07T05:41:13.872429Z
TX000481,AC000118,AC000373,1500000,2026-07-06T06:05:55Z,SYNTHETIC,2026-09-07T05:41:13.872434Z
TX000482,AC000131,AC000378,600000,2024-01-14T18:30:56Z,SYNTHETIC,2026-09-07T05:41:13.872473Z
TX000483,AC000131,AC000378,2100000,2024-01-15T13:59:34Z,SYNTHETIC,2026-09-07T05:41:13.872481Z
TX000484,AC000131,AC000378,2700000,2024-02-12T05:30:02Z,SYNTHETIC,2026-09-07T05:41:13.872485Z
TX000485,AC000131,AC000378,800000,2024-02-14T12:15:08Z,SYNTHETIC,2026-09-07T05:41:13.872488Z
TX000486,AC000131,AC000378,2800000,2024-05-03T03:42:47Z,SYNTHETIC,2026-09-07T05:41:13.872492Z
TX000487,AC000131,AC000378,2200000,2024-05-03T15:42:42Z,SYNTHETIC,2026-09-07T05:41:13.872495Z
TX000488,AC000131,AC000211,1800000,2024-08-07T06:44:05Z,SYNTHETIC,2026-09-07T05:41:13.872499Z
TX000489,AC000211,AC000378,1656000,2024-08-07T06:44:05Z,SYNTHETIC,2026-09-07T05:41:13.872501Z
TX000490,AC000131,AC000211,500000,2025-01-10T17:25:50Z,SYNTHETIC,2026-09-07T05:41:13.872504Z
TX000491,AC000211,AC000378,460000,2025-01-10T17:25:50Z,SYNTHETIC,2026-09-07T05:41:13.872506Z
TX000492,AC000131,AC000378,1500000,2025-02-02T16:33:12Z,SYNTHETIC,2026-09-07T05:41:13.872510Z
TX000493,AC000131,AC000211,600000,2025-02-14T04:36:15Z,SYNTHETIC,2026-09-07T05:41:13.872513Z
TX000494,AC000211,AC000378,552000,2025-02-14T04:36:15Z,SYNTHETIC,2026-09-07T05:41:13.872515Z
TX000495,AC000131,AC000378,1600000,2025-08-10T16:46:30Z,SYNTHETIC,2026-09-07T05:41:13.872519Z
TX000496,AC000131,AC000378,400000,2025-09-16T14:50:39Z,SYNTHETIC,2026-09-07T05:41:13.872522Z
TX000497,AC000131,AC000378,2600000,2025-11-18T14:47:59Z,SYNTHETIC,2026-09-07T05:41:13.872526Z
TX000498,AC000131,AC000378,2600000,2025-11-26T04:19:01Z,SYNTHETIC,2026-09-07T05:41:13.872529Z
TX000499,AC000131,AC000378,2000000,2026-02-25T16:16:05Z,SYNTHETIC,2026-09-07T05:41:13.872533Z
TX000500,AC000131,AC000211,2800000,2026-05-27T09:07:42Z,SYNTHETIC,2026-09-07T05:41:13.872538Z
TX000501,AC000211,AC000378,2576000,2026-05-27T09:07:42Z,SYNTHETIC,2026-09-07T05:41:13.872541Z
TX000502,AC000131,AC000211,400000,2026-07-16T20:37:25Z,SYNTHETIC,2026-09-07T05:41:13.872545Z
TX000503,AC000211,AC000378,368000,2026-07-16T20:37:25Z,SYNTHETIC,2026-09-07T05:41:13.872547Z
TX000504,AC000131,AC000378,2000000,2026-08-23T22:22:32Z,SYNTHETIC,2026-09-07T05:41:13.872550Z
TX000505,AC000132,AC000278,1100000,2024-03-19T12:13:46Z,SYNTHETIC,2026-09-07T05:41:13.872584Z
TX000506,AC000278,AC000371,1012000,2024-03-19T12:13:46Z,SYNTHETIC,2026-09-07T05:41:13.872586Z
TX000507,AC000132,AC000278,600000,2024-04-05T18:24:22Z,SYNTHETIC,2026-09-07T05:41:13.872593Z
TX000508,AC000278,AC000371,552000,2024-04-05T18:24:22Z,SYNTHETIC,2026-09-07T05:41:13.872595Z
TX000509,AC000132,AC000371,2900000,2024-04-23T18:13:56Z,SYNTHETIC,2026-09-07T05:41:13.872599Z
TX000510,AC000132,AC000278,3000000,2024-06-10T12:41:50Z,SYNTHETIC,2026-09-07T05:41:13.872603Z
TX000511,AC000278,AC000371,2760000,2024-06-10T12:41:50Z,SYNTHETIC,2026-09-07T05:41:13.872605Z
TX000512,AC000132,AC000371,1600000,2024-12-03T23:48:18Z,SYNTHETIC,2026-09-07T05:41:13.872608Z
TX000513,AC000132,AC000371,800000,2025-08-24T11:32:13Z,SYNTHETIC,2026-09-07T05:41:13.872611Z
TX000514,AC000132,AC000371,2500000,2025-10-03T04:15:15Z,SYNTHETIC,2026-09-07T05:41:13.872615Z
TX000515,AC000132,AC000371,2900000,2025-10-04T02:52:00Z,SYNTHETIC,2026-09-07T05:41:13.872618Z
TX000516,AC000132,AC000278,1900000,2025-12-11T19:24:06Z,SYNTHETIC,2026-09-07T05:41:13.872621Z
TX000517,AC000278,AC000371,1748000,2025-12-11T19:24:06Z,SYNTHETIC,2026-09-07T05:41:13.872623Z
TX000518,AC000132,AC000278,500000,2025-12-31T07:11:13Z,SYNTHETIC,2026-09-07T05:41:13.872627Z
TX000519,AC000278,AC000371,460000,2025-12-31T07:11:13Z,SYNTHETIC,2026-09-07T05:41:13.872629Z
TX000520,AC000132,AC000371,700000,2026-01-26T14:54:51Z,SYNTHETIC,2026-09-07T05:41:13.872635Z
TX000521,AC000132,AC000371,2800000,2026-05-27T23:45:08Z,SYNTHETIC,2026-09-07T05:41:13.872638Z
TX000522,AC000132,AC000278,1200000,2026-07-03T21:30:52Z,SYNTHETIC,2026-09-07T05:41:13.872642Z
TX000523,AC000278,AC000371,1104000,2026-07-03T21:30:52Z,SYNTHETIC,2026-09-07T05:41:13.872645Z
TX000524,AC000132,AC000278,700000,2026-08-01T11:56:41Z,SYNTHETIC,2026-09-07T05:41:13.872648Z
TX000525,AC000278,AC000371,644000,2026-08-01T11:56:41Z,SYNTHETIC,2026-09-07T05:41:13.872650Z
TX000526,AC000133,AC000198,2500000,2024-01-06T19:37:25Z,SYNTHETIC,2026-09-07T05:41:13.872684Z
TX000527,AC000198,AC000369,2300000,2024-01-06T19:37:25Z,SYNTHETIC,2026-09-07T05:41:13.872687Z
TX000528,AC000133,AC000198,500000,2024-09-26T10:44:08Z,SYNTHETIC,2026-09-07T05:41:13.872694Z
TX000529,AC000198,AC000369,460000,2024-09-26T10:44:08Z,SYNTHETIC,2026-09-07T05:41:13.872696Z
TX000530,AC000133,AC000369,600000,2024-10-11T20:51:42Z,SYNTHETIC,2026-09-07T05:41:13.872702Z
TX000531,AC000133,AC000369,600000,2025-01-25T17:28:10Z,SYNTHETIC,2026-09-07T05:41:13.872705Z
TX000532,AC000133,AC000198,600000,2025-03-03T17:34:15Z,SYNTHETIC,2026-09-07T05:41:13.872709Z
TX000533,AC000198,AC000369,552000,2025-03-03T17:34:15Z,SYNTHETIC,2026-09-07T05:41:13.872711Z
TX000534,AC000133,AC000198,1700000,2025-05-25T22:53:58Z,SYNTHETIC,2026-09-07T05:41:13.872714Z
TX000535,AC000198,AC000369,1564000,2025-05-25T22:53:58Z,SYNTHETIC,2026-09-07T05:41:13.872717Z
TX000536,AC000133,AC000198,1800000,2025-06-19T15:08:19Z,SYNTHETIC,2026-09-07T05:41:13.872720Z
TX000537,AC000198,AC000369,1656000,2025-06-19T15:08:19Z,SYNTHETIC,2026-09-07T05:41:13.872722Z
TX000538,AC000133,AC000369,2700000,2025-08-08T01:25:35Z,SYNTHETIC,2026-09-07T05:41:13.872727Z
TX000539,AC000133,AC000369,1800000,2025-09-23T04:04:18Z,SYNTHETIC,2026-09-07T05:41:13.872731Z
TX000540,AC000133,AC000369,3000000,2025-10-23T00:03:46Z,SYNTHETIC,2026-09-07T05:41:13.872735Z
TX000541,AC000133,AC000198,2400000,2025-12-28T21:28:15Z,SYNTHETIC,2026-09-07T05:41:13.872739Z
TX000542,AC000198,AC000369,2208000,2025-12-28T21:28:15Z,SYNTHETIC,2026-09-07T05:41:13.872741Z
TX000543,AC000133,AC000369,2400000,2026-03-02T13:11:31Z,SYNTHETIC,2026-09-07T05:41:13.872744Z
TX000544,AC000133,AC000198,1400000,2026-05-24T17:31:48Z,SYNTHETIC,2026-09-07T05:41:13.872748Z
TX000545,AC000198,AC000369,1288000,2026-05-24T17:31:48Z,SYNTHETIC,2026-09-07T05:41:13.872750Z
TX000546,AC000133,AC000198,800000,2026-07-27T05:41:33Z,SYNTHETIC,2026-09-07T05:41:13.872754Z
TX000547,AC000198,AC000369,736000,2026-07-27T05:41:33Z,SYNTHETIC,2026-09-07T05:41:13.872756Z
TX000548,AC000145,AC000377,1800000,2024-02-25T09:40:13Z,SYNTHETIC,2026-09-07T05:41:13.872780Z
TX000549,AC000145,AC000171,800000,2024-05-04T05:28:52Z,SYNTHETIC,2026-09-07T05:41:13.872787Z
TX000550,AC000171,AC000377,736000,2024-05-04T05:28:52Z,SYNTHETIC,2026-09-07T05:41:13.872789Z
TX000551,AC000145,AC000377,700000,2024-10-27T15:10:55Z,SYNTHETIC,2026-09-07T05:41:13.872793Z
TX000552,AC000145,AC000377,800000,2024-11-29T01:31:17Z,SYNTHETIC,2026-09-07T05:41:13.872797Z
TX000553,AC000145,AC000171,600000,2024-12-14T03:24:19Z,SYNTHETIC,2026-09-07T05:41:13.872800Z
TX000554,AC000171,AC000377,552000,2024-12-14T03:24:19Z,SYNTHETIC,2026-09-07T05:41:13.872803Z
TX000555,AC000145,AC000171,1800000,2025-03-23T20:24:23Z,SYNTHETIC,2026-09-07T05:41:13.872806Z
TX000556,AC000171,AC000377,1656000,2025-03-23T20:24:23Z,SYNTHETIC,2026-09-07T05:41:13.872808Z
TX000557,AC000145,AC000171,1600000,2025-06-14T08:16:30Z,SYNTHETIC,2026-09-07T05:41:13.872812Z
TX000558,AC000171,AC000377,1472000,2025-06-14T08:16:30Z,SYNTHETIC,2026-09-07T05:41:13.872814Z
TX000559,AC000145,AC000377,2700000,2025-08-12T22:53:23Z,SYNTHETIC,2026-09-07T05:41:13.872819Z
TX000560,AC000145,AC000171,1800000,2026-08-19T09:20:55Z,SYNTHETIC,2026-09-07T05:41:13.872823Z
TX000561,AC000171,AC000377,1656000,2026-08-19T09:20:55Z,SYNTHETIC,2026-09-07T05:41:13.872826Z
TX000562,AC000146,AC000391,2400000,2024-02-11T11:17:43Z,SYNTHETIC,2026-09-07T05:41:13.872854Z
TX000563,AC000146,AC000019,1800000,2024-03-10T06:32:10Z,SYNTHETIC,2026-09-07T05:41:13.872861Z
TX000564,AC000019,AC000391,1656000,2024-03-10T06:32:10Z,SYNTHETIC,2026-09-07T05:41:13.872864Z
TX000565,AC000146,AC000391,2600000,2024-05-18T16:00:32Z,SYNTHETIC,2026-09-07T05:41:13.872867Z
TX000566,AC000146,AC000391,2100000,2024-05-25T04:41:09Z,SYNTHETIC,2026-09-07T05:41:13.872871Z
TX000567,AC000146,AC000391,2600000,2024-06-01T14:32:49Z,SYNTHETIC,2026-09-07T05:41:13.872874Z
TX000568,AC000146,AC000019,1100000,2024-07-03T13:41:34Z,SYNTHETIC,2026-09-07T05:41:13.872878Z
TX000569,AC000019,AC000391,1012000,2024-07-03T13:41:34Z,SYNTHETIC,2026-09-07T05:41:13.872882Z
TX000570,AC000146,AC000019,800000,2025-01-01T18:00:36Z,SYNTHETIC,2026-09-07T05:41:13.872887Z
TX000571,AC000019,AC000391,736000,2025-01-01T18:00:36Z,SYNTHETIC,2026-09-07T05:41:13.872890Z
TX000572,AC000146,AC000019,1500000,2025-02-20T13:41:46Z,SYNTHETIC,2026-09-07T05:41:13.872896Z
TX000573,AC000019,AC000391,1380000,2025-02-20T13:41:46Z,SYNTHETIC,2026-09-07T05:41:13.872899Z
TX000574,AC000146,AC000019,400000,2025-08-31T00:27:28Z,SYNTHETIC,2026-09-07T05:41:13.872904Z
TX000575,AC000019,AC000391,368000,2025-08-31T00:27:28Z,SYNTHETIC,2026-09-07T05:41:13.872907Z
TX000576,AC000146,AC000391,2400000,2026-05-30T01:13:10Z,SYNTHETIC,2026-09-07T05:41:13.872911Z
TX000577,AC000146,AC000391,3000000,2026-08-15T08:16:03Z,SYNTHETIC,2026-09-07T05:41:13.872916Z
TX000578,AC000147,AC000388,2200000,2024-05-01T17:30:11Z,SYNTHETIC,2026-09-07T05:41:13.872957Z
TX000579,AC000147,AC000022,2000000,2024-07-08T17:03:28Z,SYNTHETIC,2026-09-07T05:41:13.872971Z
TX000580,AC000022,AC000388,1840000,2024-07-08T17:03:28Z,SYNTHETIC,2026-09-07T05:41:13.872973Z
TX000581,AC000147,AC000388,1800000,2024-10-08T17:07:12Z,SYNTHETIC,2026-09-07T05:41:13.872977Z
TX000582,AC000147,AC000022,1200000,2024-11-15T10:34:33Z,SYNTHETIC,2026-09-07T05:41:13.872981Z
TX000583,AC000022,AC000388,1104000,2024-11-15T10:34:33Z,SYNTHETIC,2026-09-07T05:41:13.872983Z
TX000584,AC000147,AC000022,1300000,2024-11-18T04:13:50Z,SYNTHETIC,2026-09-07T05:41:13.872986Z
TX000585,AC000022,AC000388,1196000,2024-11-18T04:13:50Z,SYNTHETIC,2026-09-07T05:41:13.872988Z
TX000586,AC000147,AC000022,1900000,2025-01-08T10:41:53Z,SYNTHETIC,2026-09-07T05:41:13.872992Z
TX000587,AC000022,AC000388,1748000,2025-01-08T10:41:53Z,SYNTHETIC,2026-09-07T05:41:13.872994Z
TX000588,AC000147,AC000388,2600000,2025-07-01T13:13:23Z,SYNTHETIC,2026-09-07T05:41:13.872998Z
TX000589,AC000147,AC000388,2800000,2025-07-14T18:49:29Z,SYNTHETIC,2026-09-07T05:41:13.873002Z
TX000590,AC000147,AC000388,2000000,2025-08-13T23:52:06Z,SYNTHETIC,2026-09-07T05:41:13.873007Z
TX000591,AC000147,AC000022,2500000,2026-03-26T01:13:24Z,SYNTHETIC,2026-09-07T05:41:13.873012Z
TX000592,AC000022,AC000388,2300000,2026-03-26T01:13:24Z,SYNTHETIC,2026-09-07T05:41:13.873014Z
TX000593,AC000147,AC000388,2800000,2026-06-23T08:14:14Z,SYNTHETIC,2026-09-07T05:41:13.873018Z
TX000594,AC000148,AC000373,800000,2024-01-07T13:22:32Z,SYNTHETIC,2026-09-07T05:41:13.873059Z
TX000595,AC000148,AC000373,2300000,2024-01-24T22:29:16Z,SYNTHETIC,2026-09-07T05:41:13.873066Z
TX000596,AC000148,AC000107,2300000,2024-03-19T16:40:19Z,SYNTHETIC,2026-09-07T05:41:13.873070Z
TX000597,AC000107,AC000373,2116000,2024-03-19T16:40:19Z,SYNTHETIC,2026-09-07T05:41:13.873073Z
TX000598,AC000148,AC000373,900000,2024-04-27T16:02:44Z,SYNTHETIC,2026-09-07T05:41:13.873077Z
TX000599,AC000148,AC000107,500000,2024-05-27T09:14:08Z,SYNTHETIC,2026-09-07T05:41:13.873081Z
TX000600,AC000107,AC000373,460000,2024-05-27T09:14:08Z,SYNTHETIC,2026-09-07T05:41:13.873083Z
TX000601,AC000148,AC000107,2400000,2025-01-25T02:29:22Z,SYNTHETIC,2026-09-07T05:41:13.873087Z
TX000602,AC000107,AC000373,2208000,2025-01-25T02:29:22Z,SYNTHETIC,2026-09-07T05:41:13.873089Z
TX000603,AC000148,AC000373,900000,2025-02-08T11:49:33Z,SYNTHETIC,2026-09-07T05:41:13.873093Z
TX000604,AC000148,AC000107,1000000,2025-02-12T00:15:58Z,SYNTHETIC,2026-09-07T05:41:13.873096Z
TX000605,AC000107,AC000373,920000,2025-02-12T00:15:58Z,SYNTHETIC,2026-09-07T05:41:13.873098Z
TX000606,AC000148,AC000107,1700000,2025-04-05T04:50:42Z,SYNTHETIC,2026-09-07T05:41:13.873101Z
TX000607,AC000107,AC000373,1564000,2025-04-05T04:50:42Z,SYNTHETIC,2026-09-07T05:41:13.873104Z
TX000608,AC000148,AC000107,1400000,2025-05-16T12:48:34Z,SYNTHETIC,2026-09-07T05:41:13.873107Z
TX000609,AC000107,AC000373,1288000,2025-05-16T12:48:34Z,SYNTHETIC,2026-09-07T05:41:13.873109Z
TX000610,AC000148,AC000373,1500000,2025-06-17T10:41:47Z,SYNTHETIC,2026-09-07T05:41:13.873113Z
TX000611,AC000148,AC000373,1200000,2025-08-05T02:31:03Z,SYNTHETIC,2026-09-07T05:41:13.873116Z
TX000612,AC000148,AC000373,2200000,2025-08-09T02:12:57Z,SYNTHETIC,2026-09-07T05:41:13.873120Z
TX000613,AC000148,AC000373,1700000,2025-08-27T19:32:20Z,SYNTHETIC,2026-09-07T05:41:13.873123Z
TX000614,AC000148,AC000373,600000,2025-08-30T20:40:28Z,SYNTHETIC,2026-09-07T05:41:13.873126Z
TX000615,AC000148,AC000107,400000,2025-09-24T15:42:57Z,SYNTHETIC,2026-09-07T05:41:13.873130Z
TX000616,AC000107,AC000373,368000,2025-09-24T15:42:57Z,SYNTHETIC,2026-09-07T05:41:13.873132Z
TX000617,AC000148,AC000373,400000,2026-01-23T22:55:42Z,SYNTHETIC,2026-09-07T05:41:13.873135Z
TX000618,AC000148,AC000107,2700000,2026-06-26T00:51:52Z,SYNTHETIC,2026-09-07T05:41:13.873141Z
TX000619,AC000107,AC000373,2484000,2026-06-26T00:51:52Z,SYNTHETIC,2026-09-07T05:41:13.873144Z
TX000620,AC000149,AC000371,900000,2024-04-03T01:20:32Z,SYNTHETIC,2026-09-07T05:41:13.873170Z
TX000621,AC000149,AC000371,3000000,2024-08-24T21:15:58Z,SYNTHETIC,2026-09-07T05:41:13.873179Z
TX000622,AC000149,AC000174,600000,2024-09-02T02:20:56Z,SYNTHETIC,2026-09-07T05:41:13.873183Z
TX000623,AC000174,AC000371,552000,2024-09-02T02:20:56Z,SYNTHETIC,2026-09-07T05:41:13.873185Z
TX000624,AC000149,AC000371,1700000,2024-09-23T06:38:07Z,SYNTHETIC,2026-09-07T05:41:13.873188Z
TX000625,AC000149,AC000371,1200000,2024-10-15T00:39:27Z,SYNTHETIC,2026-09-07T05:41:13.873192Z
TX000626,AC000149,AC000174,2300000,2024-11-11T13:39:27Z,SYNTHETIC,2026-09-07T05:41:13.873195Z
TX000627,AC000174,AC000371,2116000,2024-11-11T13:39:27Z,SYNTHETIC,2026-09-07T05:41:13.873197Z
TX000628,AC000149,AC000174,2800000,2025-10-30T17:49:34Z,SYNTHETIC,2026-09-07T05:41:13.873201Z
TX000629,AC000174,AC000371,2576000,2025-10-30T17:49:34Z,SYNTHETIC,2026-09-07T05:41:13.873203Z
TX000630,AC000149,AC000371,2600000,2025-12-09T04:41:27Z,SYNTHETIC,2026-09-07T05:41:13.873206Z
TX000631,AC000149,AC000371,1000000,2026-01-10T00:52:15Z,SYNTHETIC,2026-09-07T05:41:13.873209Z
TX000632,AC000149,AC000371,2400000,2026-04-11T17:49:02Z,SYNTHETIC,2026-09-07T05:41:13.873213Z
TX000633,AC000149,AC000371,1600000,2026-06-07T22:03:36Z,SYNTHETIC,2026-09-07T05:41:13.873216Z
TX000634,AC000150,AC000385,2800000,2024-05-27T05:55:28Z,SYNTHETIC,2026-09-07T05:41:13.873239Z
TX000635,AC000150,AC000385,2400000,2024-06-03T08:12:27Z,SYNTHETIC,2026-09-07T05:41:13.873249Z
TX000636,AC000150,AC000177,1600000,2024-10-26T10:31:39Z,SYNTHETIC,2026-09-07T05:41:13.873253Z
TX000637,AC000177,AC000385,1472000,2024-10-26T10:31:39Z,SYNTHETIC,2026-09-07T05:41:13.873256Z
TX000638,AC000150,AC000385,1100000,2025-02-19T18:27:29Z,SYNTHETIC,2026-09-07T05:41:13.873259Z
TX000639,AC000150,AC000385,900000,2025-06-28T11:15:18Z,SYNTHETIC,2026-09-07T05:41:13.873263Z
TX000640,AC000150,AC000385,1900000,2025-07-10T07:26:31Z,SYNTHETIC,2026-09-07T05:41:13.873266Z
TX000641,AC000150,AC000177,1900000,2026-01-24T13:40:00Z,SYNTHETIC,2026-09-07T05:41:13.873270Z
TX000642,AC000177,AC000385,1748000,2026-01-24T13:40:00Z,SYNTHETIC,2026-09-07T05:41:13.873272Z
TX000643,AC000150,AC000385,500000,2026-07-12T20:10:53Z,SYNTHETIC,2026-09-07T05:41:13.873275Z
TX000644,AC000168,AC000365,1600000,2024-03-13T03:48:43Z,SYNTHETIC,2026-09-07T05:41:13.873309Z
TX000645,AC000168,AC000365,1700000,2024-03-22T04:51:38Z,SYNTHETIC,2026-09-07T05:41:13.873317Z
TX000646,AC000168,AC000365,2600000,2024-04-06T15:24:31Z,SYNTHETIC,2026-09-07T05:41:13.873321Z
TX000647,AC000168,AC000365,400000,2024-04-16T23:56:05Z,SYNTHETIC,2026-09-07T05:41:13.873325Z
TX000648,AC000168,AC000011,1600000,2024-07-05T09:00:31Z,SYNTHETIC,2026-09-07T05:41:13.873328Z
TX000649,AC000011,AC000365,1472000,2024-07-05T09:00:31Z,SYNTHETIC,2026-09-07T05:41:13.873330Z
TX000650,AC000168,AC000011,1100000,2025-05-26T22:45:50Z,SYNTHETIC,2026-09-07T05:41:13.873334Z
TX000651,AC000011,AC000365,1012000,2025-05-26T22:45:50Z,SYNTHETIC,2026-09-07T05:41:13.873338Z
TX000652,AC000239,AC000003,1450000,2024-09-23T07:50:04Z,SYNTHETIC,2026-09-07T05:41:13.873391Z
TX000653,AC000003,AC000158,850000,2024-09-22T23:42:31Z,SYNTHETIC,2026-09-07T05:41:13.873405Z
TX000654,AC000003,AC000151,950000,2024-09-23T18:27:29Z,SYNTHETIC,2026-09-07T05:41:13.873416Z
TX000655,AC000159,AC000003,800000,2024-09-24T23:30:02Z,SYNTHETIC,2026-09-07T05:41:13.873425Z
TX000656,AC000340,AC000003,1100000,2024-09-25T18:07:51Z,SYNTHETIC,2026-09-07T05:41:13.873434Z
TX000657,AC000003,AC000064,1150000,2024-09-23T02:02:10Z,SYNTHETIC,2026-09-07T05:41:13.873445Z
TX000658,AC000003,AC000017,400000,2024-09-24T17:48:03Z,SYNTHETIC,2026-09-07T05:41:13.873456Z
TX000659,AC000003,AC000226,550000,2024-09-25T04:18:40Z,SYNTHETIC,2026-09-07T05:41:13.873464Z
TX000660,AC000003,AC000052,1400000,2024-09-24T19:30:55Z,SYNTHETIC,2026-09-07T05:41:13.873472Z
TX000661,AC000047,AC000003,1950000,2024-09-24T22:06:09Z,SYNTHETIC,2026-09-07T05:41:13.873481Z
TX000662,AC000348,AC000003,200000,2024-09-24T07:26:04Z,SYNTHETIC,2026-09-07T05:41:13.873490Z
TX000663,AC000003,AC000048,700000,2024-09-25T01:21:19Z,SYNTHETIC,2026-09-07T05:41:13.873498Z
TX000664,AC000003,AC000322,1600000,2024-09-25T12:46:53Z,SYNTHETIC,2026-09-07T05:41:13.873507Z
TX000665,AC000342,AC000003,1900000,2024-09-25T13:20:00Z,SYNTHETIC,2026-09-07T05:41:13.873516Z
TX000666,AC000309,AC000003,1850000,2024-09-22T21:38:58Z,SYNTHETIC,2026-09-07T05:41:13.873525Z
TX000667,AC000357,AC000003,1750000,2024-09-25T18:57:13Z,SYNTHETIC,2026-09-07T05:41:13.873536Z
TX000668,AC000003,AC000288,1050000,2024-09-23T07:07:29Z,SYNTHETIC,2026-09-07T05:41:13.873546Z
TX000669,AC000003,AC000096,450000,2024-09-24T06:42:16Z,SYNTHETIC,2026-09-07T05:41:13.873557Z
TX000670,AC000008,AC000003,450000,2024-09-22T15:26:37Z,SYNTHETIC,2026-09-07T05:41:13.873565Z
TX000671,AC000003,AC000323,600000,2024-09-22T17:12:17Z,SYNTHETIC,2026-09-07T05:41:13.873573Z
TX000672,AC000265,AC000003,650000,2024-09-24T00:59:50Z,SYNTHETIC,2026-09-07T05:41:13.873582Z
TX000673,AC000003,AC000200,1450000,2024-09-25T12:48:14Z,SYNTHETIC,2026-09-07T05:41:13.873591Z
TX000674,AC000003,AC000327,1150000,2024-09-25T20:30:58Z,SYNTHETIC,2026-09-07T05:41:13.873601Z
TX000675,AC000003,AC000033,1900000,2024-09-24T13:16:08Z,SYNTHETIC,2026-09-07T05:41:13.873610Z
TX000676,AC000003,AC000055,1750000,2024-09-25T23:43:09Z,SYNTHETIC,2026-09-07T05:41:13.873620Z
TX000677,AC000003,AC000119,1300000,2024-09-25T09:23:37Z,SYNTHETIC,2026-09-07T05:41:13.873629Z
TX000678,AC000003,AC000331,1050000,2024-09-23T22:32:18Z,SYNTHETIC,2026-09-07T05:41:13.873639Z
TX000679,AC000003,AC000037,1650000,2024-09-24T14:33:17Z,SYNTHETIC,2026-09-07T05:41:13.873648Z
TX000680,AC000071,AC000003,1550000,2024-09-23T06:21:03Z,SYNTHETIC,2026-09-07T05:41:13.873657Z
TX000681,AC000003,AC000258,1600000,2024-09-25T02:40:25Z,SYNTHETIC,2026-09-07T05:41:13.873665Z
TX000682,AC000003,AC000314,400000,2024-09-23T00:33:14Z,SYNTHETIC,2026-09-07T05:41:13.873674Z
TX000683,AC000279,AC000003,1650000,2024-09-24T10:56:57Z,SYNTHETIC,2026-09-07T05:41:13.873683Z
TX000684,AC000032,AC000003,1700000,2024-09-23T08:40:15Z,SYNTHETIC,2026-09-07T05:41:13.873692Z
TX000685,AC000003,AC000096,1800000,2024-09-25T07:45:25Z,SYNTHETIC,2026-09-07T05:41:13.873701Z
TX000686,AC000343,AC000003,1900000,2024-09-23T04:17:05Z,SYNTHETIC,2026-09-07T05:41:13.873706Z
TX000687,AC000003,AC000325,1450000,2024-09-25T09:03:35Z,SYNTHETIC,2026-09-07T05:41:13.873714Z
TX000688,AC000003,AC000031,1700000,2024-09-25T15:48:11Z,SYNTHETIC,2026-09-07T05:41:13.873723Z
TX000689,AC000109,AC000003,1700000,2024-09-24T00:44:37Z,SYNTHETIC,2026-09-07T05:41:13.873733Z
TX000690,AC000329,AC000003,1500000,2024-09-23T17:36:40Z,SYNTHETIC,2026-09-07T05:41:13.873742Z
TX000691,AC000196,AC000003,550000,2024-09-22T22:59:00Z,SYNTHETIC,2026-09-07T05:41:13.873751Z
TX000692,AC000003,AC000283,400000,2024-09-25T19:19:02Z,SYNTHETIC,2026-09-07T05:41:13.873760Z
TX000693,AC000003,AC000001,1450000,2024-09-23T13:00:40Z,SYNTHETIC,2026-09-07T05:41:13.873768Z
TX000694,AC000003,AC000332,150000,2024-09-25T05:16:19Z,SYNTHETIC,2026-09-07T05:41:13.873777Z
TX000695,AC000003,AC000193,550000,2024-09-25T10:22:03Z,SYNTHETIC,2026-09-07T05:41:13.873790Z
TX000696,AC000003,AC000156,1700000,2024-09-22T06:57:06Z,SYNTHETIC,2026-09-07T05:41:13.873805Z
TX000697,AC000110,AC000003,1300000,2024-09-23T16:25:23Z,SYNTHETIC,2026-09-07T05:41:13.873817Z
TX000698,AC000339,AC000003,1900000,2024-09-25T04:32:11Z,SYNTHETIC,2026-09-07T05:41:13.873830Z
TX000699,AC000003,AC000152,1900000,2024-09-24T20:04:46Z,SYNTHETIC,2026-09-07T05:41:13.873841Z
TX000700,AC000240,AC000003,150000,2024-09-25T00:27:43Z,SYNTHETIC,2026-09-07T05:41:13.873851Z
TX000701,AC000198,AC000004,1150000,2025-10-21T03:02:38Z,SYNTHETIC,2026-09-07T05:41:13.873895Z
TX000702,AC000004,AC000102,550000,2025-10-21T20:28:24Z,SYNTHETIC,2026-09-07T05:41:13.873904Z
TX000703,AC000004,AC000245,400000,2025-10-20T14:15:07Z,SYNTHETIC,2026-09-07T05:41:13.873913Z
TX000704,AC000014,AC000004,1050000,2025-10-20T23:39:45Z,SYNTHETIC,2026-09-07T05:41:13.873921Z
TX000705,AC000004,AC000179,650000,2025-10-22T05:48:49Z,SYNTHETIC,2026-09-07T05:41:13.873930Z
TX000706,AC000004,AC000054,450000,2025-10-20T05:05:09Z,SYNTHETIC,2026-09-07T05:41:13.873939Z
TX000707,AC000236,AC000004,100000,2025-10-20T22:41:57Z,SYNTHETIC,2026-09-07T05:41:13.873947Z
TX000708,AC000004,AC000129,450000,2025-10-19T02:05:18Z,SYNTHETIC,2026-09-07T05:41:13.873955Z
TX000709,AC000004,AC000167,1800000,2025-10-20T13:36:17Z,SYNTHETIC,2026-09-07T05:41:13.873970Z
TX000710,AC000224,AC000004,1500000,2025-10-20T21:42:01Z,SYNTHETIC,2026-09-07T05:41:13.873979Z
TX000711,AC000004,AC000042,100000,2025-10-22T05:28:04Z,SYNTHETIC,2026-09-07T05:41:13.873987Z
TX000712,AC000004,AC000131,150000,2025-10-18T22:53:21Z,SYNTHETIC,2026-09-07T05:41:13.873996Z
TX000713,AC000004,AC000015,1200000,2025-10-22T10:19:55Z,SYNTHETIC,2026-09-07T05:41:13.874004Z
TX000714,AC000004,AC000307,1550000,2025-10-20T07:25:15Z,SYNTHETIC,2026-09-07T05:41:13.874012Z
TX000715,AC000068,AC000004,1800000,2025-10-21T11:03:13Z,SYNTHETIC,2026-09-07T05:41:13.874022Z
TX000716,AC000004,AC000214,600000,2025-10-21T02:11:35Z,SYNTHETIC,2026-09-07T05:41:13.874032Z
TX000717,AC000214,AC000004,1250000,2025-10-19T03:14:43Z,SYNTHETIC,2026-09-07T05:41:13.874041Z
TX000718,AC000004,AC000014,550000,2025-10-20T21:29:57Z,SYNTHETIC,2026-09-07T05:41:13.874046Z
TX000719,AC000004,AC000193,450000,2025-10-21T02:02:33Z,SYNTHETIC,2026-09-07T05:41:13.874052Z
TX000720,AC000004,AC000218,1700000,2025-10-21T16:35:29Z,SYNTHETIC,2026-09-07T05:41:13.874060Z
TX000721,AC000039,AC000004,900000,2025-10-21T14:27:58Z,SYNTHETIC,2026-09-07T05:41:13.874070Z
TX000722,AC000228,AC000004,550000,2025-10-22T08:17:12Z,SYNTHETIC,2026-09-07T05:41:13.874079Z
TX000723,AC000004,AC000269,1050000,2025-10-18T18:09:53Z,SYNTHETIC,2026-09-07T05:41:13.874087Z
TX000724,AC000004,AC000234,1100000,2025-10-19T11:21:39Z,SYNTHETIC,2026-09-07T05:41:13.874096Z
TX000725,AC000024,AC000004,1850000,2025-10-20T07:44:20Z,SYNTHETIC,2026-09-07T05:41:13.874104Z
TX000726,AC000248,AC000004,1400000,2025-10-20T18:37:26Z,SYNTHETIC,2026-09-07T05:41:13.874113Z
TX000727,AC000004,AC000306,1450000,2025-10-21T21:54:23Z,SYNTHETIC,2026-09-07T05:41:13.874123Z
TX000728,AC000004,AC000203,1400000,2025-10-21T10:51:30Z,SYNTHETIC,2026-09-07T05:41:13.874132Z
TX000729,AC000234,AC000004,2000000,2025-10-20T05:03:55Z,SYNTHETIC,2026-09-07T05:41:13.874140Z
TX000730,AC000004,AC000328,1200000,2025-10-21T04:18:26Z,SYNTHETIC,2026-09-07T05:41:13.874146Z
TX000731,AC000004,AC000307,550000,2025-10-22T10:44:31Z,SYNTHETIC,2026-09-07T05:41:13.874155Z
TX000732,AC000304,AC000004,1650000,2025-10-19T09:40:27Z,SYNTHETIC,2026-09-07T05:41:13.874160Z
TX000733,AC000004,AC000098,250000,2025-10-21T04:46:52Z,SYNTHETIC,2026-09-07T05:41:13.874172Z
TX000734,AC000004,AC000031,350000,2025-10-21T19:06:52Z,SYNTHETIC,2026-09-07T05:41:13.874181Z
TX000735,AC000004,AC000123,1850000,2025-10-20T08:21:47Z,SYNTHETIC,2026-09-07T05:41:13.874191Z
TX000736,AC000268,AC000004,1650000,2025-10-21T01:16:29Z,SYNTHETIC,2026-09-07T05:41:13.874199Z
TX000737,AC000314,AC000004,500000,2025-10-20T12:32:57Z,SYNTHETIC,2026-09-07T05:41:13.874208Z
TX000738,AC000004,AC000086,400000,2025-10-19T09:06:00Z,SYNTHETIC,2026-09-07T05:41:13.874217Z
TX000739,AC000199,AC000004,1450000,2025-10-20T14:01:02Z,SYNTHETIC,2026-09-07T05:41:13.874226Z
TX000740,AC000004,AC000354,1800000,2025-10-21T13:35:07Z,SYNTHETIC,2026-09-07T05:41:13.874237Z
TX000741,AC000253,AC000004,1000000,2025-10-20T15:23:20Z,SYNTHETIC,2026-09-07T05:41:13.874247Z
TX000742,AC000392,AC000004,1900000,2025-10-20T04:07:08Z,SYNTHETIC,2026-09-07T05:41:13.874257Z
TX000743,AC000004,AC000139,900000,2025-10-19T22:36:40Z,SYNTHETIC,2026-09-07T05:41:13.874268Z
TX000744,AC000004,AC000055,500000,2025-10-19T18:47:59Z,SYNTHETIC,2026-09-07T05:41:13.874276Z
TX000745,AC000004,AC000094,550000,2025-10-19T05:18:12Z,SYNTHETIC,2026-09-07T05:41:13.874295Z
TX000746,AC000025,AC000004,700000,2025-10-19T00:37:10Z,SYNTHETIC,2026-09-07T05:41:13.874305Z
TX000747,AC000004,AC000298,1650000,2025-10-19T07:33:00Z,SYNTHETIC,2026-09-07T05:41:13.874315Z
TX000748,AC000197,AC000004,1100000,2025-10-20T07:33:26Z,SYNTHETIC,2026-09-07T05:41:13.874325Z
TX000749,AC000004,AC000304,2000000,2025-10-20T23:00:32Z,SYNTHETIC,2026-09-07T05:41:13.874335Z
TX000750,AC000004,AC000236,1300000,2025-10-21T23:07:33Z,SYNTHETIC,2026-09-07T05:41:13.874340Z
TX000751,AC000004,AC000311,1900000,2025-10-22T01:30:48Z,SYNTHETIC,2026-09-07T05:41:13.874346Z
TX000752,AC000282,AC000004,1450000,2025-10-20T22:39:08Z,SYNTHETIC,2026-09-07T05:41:13.874355Z
TX000753,AC000046,AC000004,1050000,2025-10-20T17:07:04Z,SYNTHETIC,2026-09-07T05:41:13.874363Z
TX000754,AC000004,AC000361,1300000,2025-10-19T15:55:40Z,SYNTHETIC,2026-09-07T05:41:13.874374Z
TX000755,AC000220,AC000004,1300000,2025-10-18T21:22:44Z,SYNTHETIC,2026-09-07T05:41:13.874384Z
TX000756,AC000040,AC000023,700000,2024-07-26T00:50:35Z,SYNTHETIC,2026-09-07T05:41:13.874426Z
TX000757,AC000023,AC000293,1350000,2024-07-25T18:47:08Z,SYNTHETIC,2026-09-07T05:41:13.874438Z
TX000758,AC000273,AC000023,1300000,2024-07-24T21:44:16Z,SYNTHETIC,2026-09-07T05:41:13.874447Z
TX000759,AC000102,AC000023,1950000,2024-07-24T01:18:00Z,SYNTHETIC,2026-09-07T05:41:13.874455Z
TX000760,AC000097,AC000023,700000,2024-07-25T21:38:01Z,SYNTHETIC,2026-09-07T05:41:13.874464Z
TX000761,AC000023,AC000080,1150000,2024-07-24T08:45:50Z,SYNTHETIC,2026-09-07T05:41:13.874472Z
TX000762,AC000023,AC000289,900000,2024-07-24T06:18:53Z,SYNTHETIC,2026-09-07T05:41:13.874484Z
TX000763,AC000023,AC000247,650000,2024-07-23T04:40:15Z,SYNTHETIC,2026-09-07T05:41:13.874492Z
TX000764,AC000324,AC000023,1500000,2024-07-23T07:01:52Z,SYNTHETIC,2026-09-07T05:41:13.874501Z
TX000765,AC000258,AC000023,1750000,2024-07-26T03:07:05Z,SYNTHETIC,2026-09-07T05:41:13.874511Z
TX000766,AC000023,AC000144,550000,2024-07-26T09:10:39Z,SYNTHETIC,2026-09-07T05:41:13.874521Z
TX000767,AC000023,AC000237,900000,2024-07-23T13:25:04Z,SYNTHETIC,2026-09-07T05:41:13.874530Z
TX000768,AC000023,AC000340,300000,2024-07-24T12:00:51Z,SYNTHETIC,2026-09-07T05:41:13.874539Z
TX000769,AC000023,AC000141,1600000,2024-07-25T13:53:05Z,SYNTHETIC,2026-09-07T05:41:13.874547Z
TX000770,AC000023,AC000003,250000,2024-07-25T13:36:59Z,SYNTHETIC,2026-09-07T05:41:13.874555Z
TX000771,AC000023,AC000004,900000,2024-07-23T01:52:49Z,SYNTHETIC,2026-09-07T05:41:13.874563Z
TX000772,AC000202,AC000023,450000,2024-07-24T07:13:47Z,SYNTHETIC,2026-09-07T05:41:13.874572Z
TX000773,AC000268,AC000023,500000,2024-07-23T09:40:26Z,SYNTHETIC,2026-09-07T05:41:13.874580Z
TX000774,AC000023,AC000014,1150000,2024-07-24T06:14:58Z,SYNTHETIC,2026-09-07T05:41:13.874591Z
TX000775,AC000023,AC000351,650000,2024-07-24T19:49:47Z,SYNTHETIC,2026-09-07T05:41:13.874601Z
TX000776,AC000175,AC000023,1900000,2024-07-25T09:01:48Z,SYNTHETIC,2026-09-07T05:41:13.874609Z
TX000777,AC000200,AC000023,1900000,2024-07-23T15:47:07Z,SYNTHETIC,2026-09-07T05:41:13.874618Z
TX000778,AC000165,AC000023,400000,2024-07-23T12:05:06Z,SYNTHETIC,2026-09-07T05:41:13.874627Z
TX000779,AC000023,AC000190,300000,2024-07-22T22:26:45Z,SYNTHETIC,2026-09-07T05:41:13.874635Z
TX000780,AC000264,AC000023,100000,2024-07-25T22:26:18Z,SYNTHETIC,2026-09-07T05:41:13.874644Z
TX000781,AC000284,AC000023,200000,2024-07-24T15:54:19Z,SYNTHETIC,2026-09-07T05:41:13.874652Z
TX000782,AC000230,AC000023,700000,2024-07-25T13:15:45Z,SYNTHETIC,2026-09-07T05:41:13.874662Z
TX000783,AC000023,AC000264,1750000,2024-07-23T01:09:32Z,SYNTHETIC,2026-09-07T05:41:13.874670Z
TX000784,AC000023,AC000097,700000,2024-07-26T03:53:56Z,SYNTHETIC,2026-09-07T05:41:13.874676Z
TX000785,AC000023,AC000203,100000,2024-07-26T01:49:40Z,SYNTHETIC,2026-09-07T05:41:13.874683Z
TX000786,AC000233,AC000023,250000,2024-07-25T09:32:16Z,SYNTHETIC,2026-09-07T05:41:13.874691Z
TX000787,AC000249,AC000023,300000,2024-07-24T20:32:41Z,SYNTHETIC,2026-09-07T05:41:13.874701Z
TX000788,AC000023,AC000149,1650000,2024-07-25T07:01:56Z,SYNTHETIC,2026-09-07T05:41:13.874709Z
TX000789,AC000108,AC000023,500000,2024-07-25T22:17:50Z,SYNTHETIC,2026-09-07T05:41:13.874718Z
TX000790,AC000052,AC000023,550000,2024-07-24T19:20:37Z,SYNTHETIC,2026-09-07T05:41:13.874726Z
TX000791,AC000046,AC000023,250000,2024-07-23T21:32:58Z,SYNTHETIC,2026-09-07T05:41:13.874734Z
TX000792,AC000023,AC000101,300000,2024-07-23T01:25:12Z,SYNTHETIC,2026-09-07T05:41:13.874743Z
TX000793,AC000023,AC000164,1150000,2024-07-23T01:40:46Z,SYNTHETIC,2026-09-07T05:41:13.874754Z
TX000794,AC000146,AC000023,1400000,2024-07-25T07:13:42Z,SYNTHETIC,2026-09-07T05:41:13.874762Z
TX000795,AC000260,AC000023,1250000,2024-07-23T09:49:46Z,SYNTHETIC,2026-09-07T05:41:13.874771Z
TX000796,AC000023,AC000279,1850000,2024-07-24T23:13:57Z,SYNTHETIC,2026-09-07T05:41:13.874781Z
TX000797,AC000023,AC000102,1150000,2024-07-23T08:15:49Z,SYNTHETIC,2026-09-07T05:41:13.874791Z
TX000798,AC000363,AC000023,1150000,2024-07-24T11:10:04Z,SYNTHETIC,2026-09-07T05:41:13.874797Z
TX000799,AC000023,AC000245,850000,2024-07-23T05:57:21Z,SYNTHETIC,2026-09-07T05:41:13.874805Z
TX000800,AC000023,AC000043,1500000,2024-07-23T11:51:11Z,SYNTHETIC,2026-09-07T05:41:13.874815Z
TX000801,AC000243,AC000023,1500000,2024-07-24T08:16:25Z,SYNTHETIC,2026-09-07T05:41:13.874824Z
TX000802,AC000023,AC000122,650000,2024-07-23T20:42:59Z,SYNTHETIC,2026-09-07T05:41:13.874833Z
TX000803,AC000023,AC000076,800000,2024-07-23T21:39:22Z,SYNTHETIC,2026-09-07T05:41:13.874841Z
TX000804,AC000220,AC000023,1150000,2024-07-25T14:58:29Z,SYNTHETIC,2026-09-07T05:41:13.874849Z
TX000805,AC000364,AC000023,450000,2024-07-23T09:12:37Z,SYNTHETIC,2026-09-07T05:41:13.874859Z
TX000806,AC000023,AC000049,700000,2024-07-24T14:50:26Z,SYNTHETIC,2026-09-07T05:41:13.874869Z
TX000807,AC000005,AC000023,1550000,2024-07-25T17:38:26Z,SYNTHETIC,2026-09-07T05:41:13.874877Z
TX000808,AC000023,AC000083,450000,2024-07-23T22:02:52Z,SYNTHETIC,2026-09-07T05:41:13.874887Z
TX000809,AC000082,AC000023,1900000,2024-07-23T12:53:32Z,SYNTHETIC,2026-09-07T05:41:13.874895Z
TX000810,AC000023,AC000249,150000,2024-07-24T11:01:47Z,SYNTHETIC,2026-09-07T05:41:13.874904Z
TX000811,AC000032,AC000023,650000,2024-07-25T11:45:06Z,SYNTHETIC,2026-09-07T05:41:13.874909Z
TX000812,AC000177,AC000023,550000,2024-07-25T11:54:43Z,SYNTHETIC,2026-09-07T05:41:13.874918Z
TX000813,AC000023,AC000342,1400000,2024-07-23T08:57:12Z,SYNTHETIC,2026-09-07T05:41:13.874928Z
TX000814,AC000144,AC000023,1400000,2024-07-23T07:16:07Z,SYNTHETIC,2026-09-07T05:41:13.874938Z
TX000815,AC000166,AC000023,900000,2024-07-23T08:48:11Z,SYNTHETIC,2026-09-07T05:41:13.874943Z
TX000816,AC000023,AC000242,350000,2024-07-22T17:05:05Z,SYNTHETIC,2026-09-07T05:41:13.874952Z
TX000817,AC000023,AC000207,1100000,2024-07-23T16:19:17Z,SYNTHETIC,2026-09-07T05:41:13.874962Z
TX000818,AC000323,AC000023,1800000,2024-07-26T04:22:46Z,SYNTHETIC,2026-09-07T05:41:13.874971Z
TX000819,AC000023,AC000284,1850000,2024-07-23T20:53:51Z,SYNTHETIC,2026-09-07T05:41:13.874979Z
TX000820,AC000242,AC000023,400000,2024-07-22T17:28:23Z,SYNTHETIC,2026-09-07T05:41:13.874984Z
TX000821,AC000023,AC000033,1650000,2024-07-23T10:15:08Z,SYNTHETIC,2026-09-07T05:41:13.874990Z
TX000822,AC000023,AC000211,750000,2024-07-24T01:11:31Z,SYNTHETIC,2026-09-07T05:41:13.874999Z
TX000823,AC000187,AC000023,450000,2024-07-24T05:28:08Z,SYNTHETIC,2026-09-07T05:41:13.875007Z
TX000824,AC000028,AC000023,1450000,2024-07-23T06:07:33Z,SYNTHETIC,2026-09-07T05:41:13.875016Z
TX000825,AC000129,AC000023,1450000,2024-07-26T01:58:52Z,SYNTHETIC,2026-09-07T05:41:13.875025Z
TX000826,AC000023,AC000182,1200000,2024-07-25T04:46:23Z,SYNTHETIC,2026-09-07T05:41:13.875034Z
TX000827,AC000063,AC000023,1400000,2024-07-24T01:27:45Z,SYNTHETIC,2026-09-07T05:41:13.875042Z
TX000828,AC000023,AC000047,1650000,2024-07-22T15:52:02Z,SYNTHETIC,2026-09-07T05:41:13.875051Z
TX000829,AC000044,AC000023,1650000,2024-07-25T11:12:55Z,SYNTHETIC,2026-09-07T05:41:13.875059Z
TX000830,AC000023,AC000301,800000,2024-07-24T11:54:50Z,SYNTHETIC,2026-09-07T05:41:13.875067Z
TX000831,AC000118,AC000023,850000,2024-07-25T05:36:44Z,SYNTHETIC,2026-09-07T05:41:13.875075Z
TX000832,AC000327,AC000023,2000000,2024-07-22T17:58:27Z,SYNTHETIC,2026-09-07T05:41:13.875087Z
TX000833,AC000200,AC000023,2000000,2024-07-25T18:37:15Z,SYNTHETIC,2026-09-07T05:41:13.875096Z
TX000834,AC000211,AC000023,850000,2024-07-24T03:24:42Z,SYNTHETIC,2026-09-07T05:41:13.875104Z
TX000835,AC000023,AC000145,2000000,2024-07-23T17:17:22Z,SYNTHETIC,2026-09-07T05:41:13.875109Z
TX000836,AC000030,AC000023,1900000,2024-07-23T12:33:57Z,SYNTHETIC,2026-09-07T05:41:13.875118Z
TX000837,AC000031,AC000023,700000,2024-07-22T20:05:02Z,SYNTHETIC,2026-09-07T05:41:13.875127Z
TX000838,AC000202,AC000023,1550000,2024-07-22T18:14:51Z,SYNTHETIC,2026-09-07T05:41:13.875136Z
TX000839,AC000023,AC000101,500000,2024-07-23T17:21:59Z,SYNTHETIC,2026-09-07T05:41:13.875141Z
TX000840,AC000023,AC000067,850000,2024-07-25T09:36:09Z,SYNTHETIC,2026-09-07T05:41:13.875147Z
TX000841,AC000029,AC000023,1850000,2024-07-23T11:27:30Z,SYNTHETIC,2026-09-07T05:41:13.875156Z
TX000842,AC000260,AC000024,1750000,2026-06-18T21:46:46Z,SYNTHETIC,2026-09-07T05:41:13.875197Z
TX000843,AC000024,AC000223,350000,2026-06-20T13:07:53Z,SYNTHETIC,2026-09-07T05:41:13.875206Z
TX000844,AC000252,AC000024,850000,2026-06-21T06:11:02Z,SYNTHETIC,2026-09-07T05:41:13.875215Z
TX000845,AC000079,AC000024,1050000,2026-06-20T09:05:55Z,SYNTHETIC,2026-09-07T05:41:13.875225Z
TX000846,AC000024,AC000353,1350000,2026-06-20T08:16:31Z,SYNTHETIC,2026-09-07T05:41:13.875241Z
TX000847,AC000024,AC000254,150000,2026-06-19T08:29:41Z,SYNTHETIC,2026-09-07T05:41:13.875250Z
TX000848,AC000024,AC000285,600000,2026-06-19T14:20:54Z,SYNTHETIC,2026-09-07T05:41:13.875258Z
TX000849,AC000024,AC000238,1950000,2026-06-21T03:13:34Z,SYNTHETIC,2026-09-07T05:41:13.875267Z
TX000850,AC000024,AC000051,850000,2026-06-20T16:53:19Z,SYNTHETIC,2026-09-07T05:41:13.875275Z
TX000851,AC000024,AC000363,1450000,2026-06-18T11:38:29Z,SYNTHETIC,2026-09-07T05:41:13.875283Z
TX000852,AC000347,AC000024,1550000,2026-06-21T12:40:10Z,SYNTHETIC,2026-09-07T05:41:13.875293Z
TX000853,AC000024,AC000208,550000,2026-06-21T03:28:38Z,SYNTHETIC,2026-09-07T05:41:13.875302Z
TX000854,AC000178,AC000024,250000,2026-06-18T10:07:13Z,SYNTHETIC,2026-09-07T05:41:13.875311Z
TX000855,AC000134,AC000024,450000,2026-06-20T19:16:18Z,SYNTHETIC,2026-09-07T05:41:13.875319Z
TX000856,AC000024,AC000192,800000,2026-06-18T11:26:23Z,SYNTHETIC,2026-09-07T05:41:13.875328Z
TX000857,AC000024,AC000331,1650000,2026-06-19T00:01:25Z,SYNTHETIC,2026-09-07T05:41:13.875337Z
TX000858,AC000024,AC000392,750000,2026-06-20T18:58:02Z,SYNTHETIC,2026-09-07T05:41:13.875345Z
TX000859,AC000093,AC000024,200000,2026-06-21T05:16:37Z,SYNTHETIC,2026-09-07T05:41:13.875354Z
TX000860,AC000024,AC000239,200000,2026-06-20T00:00:12Z,SYNTHETIC,2026-09-07T05:41:13.875362Z
TX000861,AC000024,AC000256,1050000,2026-06-20T04:20:12Z,SYNTHETIC,2026-09-07T05:41:13.875370Z
TX000862,AC000077,AC000024,1500000,2026-06-20T23:30:15Z,SYNTHETIC,2026-09-07T05:41:13.875390Z
TX000863,AC000024,AC000099,1150000,2026-06-21T06:11:27Z,SYNTHETIC,2026-09-07T05:41:13.875399Z
TX000864,AC000024,AC000324,1950000,2026-06-19T13:18:53Z,SYNTHETIC,2026-09-07T05:41:13.875407Z
TX000865,AC000078,AC000024,550000,2026-06-20T06:13:13Z,SYNTHETIC,2026-09-07T05:41:13.875416Z
TX000866,AC000024,AC000159,1750000,2026-06-18T15:53:29Z,SYNTHETIC,2026-09-07T05:41:13.875425Z
TX000867,AC000321,AC000024,800000,2026-06-18T10:38:30Z,SYNTHETIC,2026-09-07T05:41:13.875433Z
TX000868,AC000024,AC000198,950000,2026-06-19T15:35:45Z,SYNTHETIC,2026-09-07T05:41:13.875442Z
TX000869,AC000024,AC000051,1550000,2026-06-20T01:44:53Z,SYNTHETIC,2026-09-07T05:41:13.875451Z
TX000870,AC000164,AC000024,1950000,2026-06-21T18:20:21Z,SYNTHETIC,2026-09-07T05:41:13.875456Z
TX000871,AC000227,AC000024,250000,2026-06-20T16:25:27Z,SYNTHETIC,2026-09-07T05:41:13.875465Z
TX000872,AC000084,AC000024,600000,2026-06-20T06:44:44Z,SYNTHETIC,2026-09-07T05:41:13.875473Z
TX000873,AC000089,AC000024,1000000,2026-06-21T06:56:10Z,SYNTHETIC,2026-09-07T05:41:13.875481Z
TX000874,AC000024,AC000048,1450000,2026-06-19T03:31:16Z,SYNTHETIC,2026-09-07T05:41:13.875493Z
TX000875,AC000024,AC000022,450000,2026-06-20T13:03:25Z,SYNTHETIC,2026-09-07T05:41:13.875502Z
TX000876,AC000144,AC000024,1850000,2026-06-19T06:15:48Z,SYNTHETIC,2026-09-07T05:41:13.875511Z
TX000877,AC000024,AC000330,1000000,2026-06-21T11:03:20Z,SYNTHETIC,2026-09-07T05:41:13.875520Z
TX000878,AC000077,AC000024,1900000,2026-06-18T11:44:22Z,SYNTHETIC,2026-09-07T05:41:13.875528Z
TX000879,AC000346,AC000024,800000,2026-06-21T00:02:41Z,SYNTHETIC,2026-09-07T05:41:13.875533Z
TX000880,AC000305,AC000024,1400000,2026-06-18T17:39:27Z,SYNTHETIC,2026-09-07T05:41:13.875541Z
TX000881,AC000128,AC000024,1350000,2026-06-18T04:59:04Z,SYNTHETIC,2026-09-07T05:41:13.875550Z
TX000882,AC000024,AC000180,750000,2026-06-20T01:26:19Z,SYNTHETIC,2026-09-07T05:41:13.875558Z
TX000883,AC000195,AC000024,1500000,2026-06-21T01:26:01Z,SYNTHETIC,2026-09-07T05:41:13.875567Z
TX000884,AC000024,AC000116,950000,2026-06-21T05:31:39Z,SYNTHETIC,2026-09-07T05:41:13.875576Z
TX000885,AC000116,AC000024,150000,2026-06-21T09:04:26Z,SYNTHETIC,2026-09-07T05:41:13.875584Z
TX000886,AC000046,AC000024,800000,2026-06-19T23:31:59Z,SYNTHETIC,2026-09-07T05:41:13.875590Z
TX000887,AC000067,AC000024,1550000,2026-06-19T16:00:28Z,SYNTHETIC,2026-09-07T05:41:13.875598Z
TX000888,AC000116,AC000024,1150000,2026-06-18T19:14:45Z,SYNTHETIC,2026-09-07T05:41:13.875607Z
TX000889,AC000104,AC000024,1350000,2026-06-19T02:32:09Z,SYNTHETIC,2026-09-07T05:41:13.875612Z
TX000890,AC000024,AC000005,1850000,2026-06-19T09:45:14Z,SYNTHETIC,2026-09-07T05:41:13.875623Z
TX000891,AC000181,AC000024,1000000,2026-06-19T08:54:10Z,SYNTHETIC,2026-09-07T05:41:13.875632Z
TX000892,AC000024,AC000052,400000,2026-06-20T18:17:01Z,SYNTHETIC,2026-09-07T05:41:13.875640Z
TX000893,AC000181,AC000024,1400000,2026-06-19T11:04:23Z,SYNTHETIC,2026-09-07T05:41:13.875648Z
TX000894,AC000261,AC000024,900000,2026-06-21T16:27:30Z,SYNTHETIC,2026-09-07T05:41:13.875654Z
TX000895,AC000024,AC000131,1250000,2026-06-19T09:19:25Z,SYNTHETIC,2026-09-07T05:41:13.875662Z
TX000896,AC000096,AC000024,1750000,2026-06-18T17:22:46Z,SYNTHETIC,2026-09-07T05:41:13.875670Z
TX000897,AC000024,AC000185,1000000,2026-06-19T09:32:58Z,SYNTHETIC,2026-09-07T05:41:13.875679Z
TX000898,AC000113,AC000024,1200000,2026-06-18T10:15:36Z,SYNTHETIC,2026-09-07T05:41:13.875688Z
TX000899,AC000024,AC000285,1900000,2026-06-21T12:12:49Z,SYNTHETIC,2026-09-07T05:41:13.875697Z
TX000900,AC000024,AC000304,1000000,2026-06-20T11:59:50Z,SYNTHETIC,2026-09-07T05:41:13.875702Z
TX000901,AC000160,AC000024,1950000,2026-06-21T19:13:40Z,SYNTHETIC,2026-09-07T05:41:13.875710Z
TX000902,AC000287,AC000024,1450000,2026-06-21T20:05:16Z,SYNTHETIC,2026-09-07T05:41:13.875716Z
TX000903,AC000152,AC000024,1200000,2026-06-20T22:59:40Z,SYNTHETIC,2026-09-07T05:41:13.875722Z
TX000904,AC000024,AC000293,1100000,2026-06-18T23:44:25Z,SYNTHETIC,2026-09-07T05:41:13.875728Z
TX000905,AC000024,AC000170,450000,2026-06-19T22:12:39Z,SYNTHETIC,2026-09-07T05:41:13.875734Z
TX000906,AC000024,AC000283,500000,2026-06-20T14:13:16Z,SYNTHETIC,2026-09-07T05:41:13.875740Z
TX000907,AC000325,AC000024,1550000,2026-06-21T15:28:42Z,SYNTHETIC,2026-09-07T05:41:13.875745Z
TX000908,AC000024,AC000128,200000,2026-06-21T19:52:09Z,SYNTHETIC,2026-09-07T05:41:13.875750Z
TX000909,AC000217,AC000024,1150000,2026-06-19T14:43:37Z,SYNTHETIC,2026-09-07T05:41:13.875756Z
TX000910,AC000311,AC000024,350000,2026-06-18T13:50:59Z,SYNTHETIC,2026-09-07T05:41:13.875762Z
TX000911,AC000024,AC000141,750000,2026-06-20T01:58:46Z,SYNTHETIC,2026-09-07T05:41:13.875767Z
TX000912,AC000024,AC000020,350000,2026-06-20T02:21:49Z,SYNTHETIC,2026-09-07T05:41:13.875772Z
TX000913,AC000025,AC000106,300000,2024-09-29T16:27:37Z,SYNTHETIC,2026-09-07T05:41:13.875810Z
TX000914,AC000025,AC000297,500000,2024-09-29T22:17:55Z,SYNTHETIC,2026-09-07T05:41:13.875816Z
TX000915,AC000296,AC000025,1900000,2024-09-26T17:42:47Z,SYNTHETIC,2026-09-07T05:41:13.875822Z
TX000916,AC000017,AC000025,1550000,2024-09-29T04:51:01Z,SYNTHETIC,2026-09-07T05:41:13.875827Z
TX000917,AC000328,AC000025,600000,2024-09-30T03:33:45Z,SYNTHETIC,2026-09-07T05:41:13.875833Z
TX000918,AC000025,AC000164,950000,2024-09-26T20:07:07Z,SYNTHETIC,2026-09-07T05:41:13.875838Z
TX000919,AC000098,AC000025,1800000,2024-09-28T21:34:04Z,SYNTHETIC,2026-09-07T05:41:13.875844Z
TX000920,AC000026,AC000025,1900000,2024-09-28T00:41:00Z,SYNTHETIC,2026-09-07T05:41:13.875849Z
TX000921,AC000364,AC000025,650000,2024-09-27T03:36:56Z,SYNTHETIC,2026-09-07T05:41:13.875855Z
TX000922,AC000165,AC000025,600000,2024-09-28T12:48:25Z,SYNTHETIC,2026-09-07T05:41:13.875860Z
TX000923,AC000025,AC000020,1700000,2024-09-28T21:49:43Z,SYNTHETIC,2026-09-07T05:41:13.875866Z
TX000924,AC000025,AC000012,1200000,2024-09-27T01:51:32Z,SYNTHETIC,2026-09-07T05:41:13.875871Z
TX000925,AC000293,AC000025,1200000,2024-09-28T04:03:13Z,SYNTHETIC,2026-09-07T05:41:13.875877Z
TX000926,AC000025,AC000290,1200000,2024-09-27T14:38:15Z,SYNTHETIC,2026-09-07T05:41:13.875882Z
TX000927,AC000025,AC000263,1500000,2024-09-28T07:14:32Z,SYNTHETIC,2026-09-07T05:41:13.875887Z
TX000928,AC000101,AC000025,400000,2024-09-28T17:14:36Z,SYNTHETIC,2026-09-07T05:41:13.875893Z
TX000929,AC000054,AC000025,1450000,2024-09-27T13:53:23Z,SYNTHETIC,2026-09-07T05:41:13.875898Z
TX000930,AC000025,AC000238,150000,2024-09-26T19:35:18Z,SYNTHETIC,2026-09-07T05:41:13.875906Z
TX000931,AC000025,AC000215,1500000,2024-09-29T13:36:44Z,SYNTHETIC,2026-09-07T05:41:13.875911Z
TX000932,AC000214,AC000025,1650000,2024-09-29T20:06:27Z,SYNTHETIC,2026-09-07T05:41:13.875916Z
TX000933,AC000025,AC000239,850000,2024-09-27T08:28:13Z,SYNTHETIC,2026-09-07T05:41:13.875922Z
TX000934,AC000249,AC000025,1100000,2024-09-30T04:06:38Z,SYNTHETIC,2026-09-07T05:41:13.875927Z
TX000935,AC000025,AC000010,900000,2024-09-27T12:29:46Z,SYNTHETIC,2026-09-07T05:41:13.875934Z
TX000936,AC000025,AC000179,1400000,2024-09-28T10:34:39Z,SYNTHETIC,2026-09-07T05:41:13.875940Z
TX000937,AC000025,AC000288,1750000,2024-09-28T22:35:05Z,SYNTHETIC,2026-09-07T05:41:13.875945Z
TX000938,AC000025,AC000027,950000,2024-09-29T08:41:27Z,SYNTHETIC,2026-09-07T05:41:13.875950Z
TX000939,AC000173,AC000025,450000,2024-09-29T09:56:41Z,SYNTHETIC,2026-09-07T05:41:13.875955Z
TX000940,AC000025,AC000219,750000,2024-09-27T04:51:17Z,SYNTHETIC,2026-09-07T05:41:13.875960Z
TX000941,AC000025,AC000023,500000,2024-09-27T07:24:59Z,SYNTHETIC,2026-09-07T05:41:13.875965Z
TX000942,AC000025,AC000062,850000,2024-09-28T16:37:28Z,SYNTHETIC,2026-09-07T05:41:13.875971Z
TX000943,AC000025,AC000096,350000,2024-09-28T16:48:23Z,SYNTHETIC,2026-09-07T05:41:13.875976Z
TX000944,AC000353,AC000025,850000,2024-09-28T14:14:18Z,SYNTHETIC,2026-09-07T05:41:13.875981Z
TX000945,AC000341,AC000025,850000,2024-09-28T17:03:47Z,SYNTHETIC,2026-09-07T05:41:13.875987Z
TX000946,AC000351,AC000025,800000,2024-09-28T00:22:31Z,SYNTHETIC,2026-09-07T05:41:13.875992Z
TX000947,AC000025,AC000320,750000,2024-09-27T08:27:56Z,SYNTHETIC,2026-09-07T05:41:13.875997Z
TX000948,AC000025,AC000338,300000,2024-09-28T16:28:43Z,SYNTHETIC,2026-09-07T05:41:13.876002Z
TX000949,AC000025,AC000357,600000,2024-09-27T13:13:56Z,SYNTHETIC,2026-09-07T05:41:13.876009Z
TX000950,AC000025,AC000340,1350000,2024-09-28T08:31:39Z,SYNTHETIC,2026-09-07T05:41:13.876015Z
TX000951,AC000025,AC000360,1100000,2024-09-28T14:03:56Z,SYNTHETIC,2026-09-07T05:41:13.876020Z
TX000952,AC000094,AC000025,1600000,2024-09-28T06:25:56Z,SYNTHETIC,2026-09-07T05:41:13.876026Z
TX000953,AC000025,AC000234,150000,2024-09-27T16:18:06Z,SYNTHETIC,2026-09-07T05:41:13.876031Z
TX000954,AC000284,AC000025,1600000,2024-09-27T02:47:28Z,SYNTHETIC,2026-09-07T05:41:13.876037Z
TX000955,AC000126,AC000025,1950000,2024-09-28T14:43:21Z,SYNTHETIC,2026-09-07T05:41:13.876042Z
TX000956,AC000276,AC000025,200000,2024-09-27T20:31:48Z,SYNTHETIC,2026-09-07T05:41:13.876048Z
TX000957,AC000025,AC000308,500000,2024-09-27T05:34:34Z,SYNTHETIC,2026-09-07T05:41:13.876054Z
TX000958,AC000298,AC000025,900000,2024-09-27T10:42:05Z,SYNTHETIC,2026-09-07T05:41:13.876059Z
TX000959,AC000025,AC000090,1800000,2024-09-28T00:29:31Z,SYNTHETIC,2026-09-07T05:41:13.876064Z
TX000960,AC000275,AC000025,1100000,2024-09-28T15:21:34Z,SYNTHETIC,2026-09-07T05:41:13.876070Z
TX000961,AC000086,AC000025,1700000,2024-09-28T07:22:46Z,SYNTHETIC,2026-09-07T05:41:13.876075Z
TX000962,AC000110,AC000025,850000,2024-09-29T21:07:38Z,SYNTHETIC,2026-09-07T05:41:13.876080Z
TX000963,AC000025,AC000181,900000,2024-09-28T20:57:39Z,SYNTHETIC,2026-09-07T05:41:13.876086Z
TX000964,AC000166,AC000025,2000000,2024-09-29T06:52:08Z,SYNTHETIC,2026-09-07T05:41:13.876091Z
TX000965,AC000087,AC000025,1350000,2024-09-27T11:55:57Z,SYNTHETIC,2026-09-07T05:41:13.876097Z
TX000966,AC000206,AC000025,1150000,2024-09-27T21:17:34Z,SYNTHETIC,2026-09-07T05:41:13.876102Z
TX000967,AC000025,AC000364,1350000,2024-09-29T14:24:52Z,SYNTHETIC,2026-09-07T05:41:13.876109Z
TX000968,AC000025,AC000321,1750000,2024-09-27T10:47:13Z,SYNTHETIC,2026-09-07T05:41:13.876115Z
TX000969,AC000025,AC000199,1200000,2024-09-28T12:49:07Z,SYNTHETIC,2026-09-07T05:41:13.876125Z
TX000970,AC000093,AC000025,1800000,2024-09-28T13:05:25Z,SYNTHETIC,2026-09-07T05:41:13.876133Z
TX000971,AC000323,AC000025,1000000,2024-09-29T12:21:42Z,SYNTHETIC,2026-09-07T05:41:13.876143Z
TX000972,AC000139,AC000025,350000,2024-09-30T03:57:59Z,SYNTHETIC,2026-09-07T05:41:13.876149Z
TX000973,AC000025,AC000017,1350000,2024-09-29T15:01:54Z,SYNTHETIC,2026-09-07T05:41:13.876154Z
TX000974,AC000237,AC000025,1700000,2024-09-27T07:43:13Z,SYNTHETIC,2026-09-07T05:41:13.876161Z
TX000975,AC000025,AC000128,1600000,2024-09-29T16:15:23Z,SYNTHETIC,2026-09-07T05:41:13.876166Z
TX000976,AC000025,AC000321,1400000,2024-09-27T16:51:14Z,SYNTHETIC,2026-09-07T05:41:13.876172Z
TX000977,AC000025,AC000003,850000,2024-09-27T01:24:31Z,SYNTHETIC,2026-09-07T05:41:13.876177Z
TX000978,AC000025,AC000071,1050000,2024-09-28T20:08:00Z,SYNTHETIC,2026-09-07T05:41:13.876183Z
TX000979,AC000058,AC000025,1900000,2024-09-30T05:54:40Z,SYNTHETIC,2026-09-07T05:41:13.876190Z
TX000980,AC000025,AC000316,800000,2024-09-29T03:40:49Z,SYNTHETIC,2026-09-07T05:41:13.876196Z
TX000981,AC000025,AC000256,750000,2024-09-28T12:01:34Z,SYNTHETIC,2026-09-07T05:41:13.876201Z
TX000982,AC000025,AC000059,900000,2024-09-27T11:10:35Z,SYNTHETIC,2026-09-07T05:41:13.876207Z
TX000983,AC000172,AC000026,1100000,2025-10-11T22:09:00Z,SYNTHETIC,2026-09-07T05:41:13.876245Z
TX000984,AC000136,AC000026,550000,2025-10-10T03:10:21Z,SYNTHETIC,2026-09-07T05:41:13.876250Z
TX000985,AC000073,AC000026,1400000,2025-10-13T01:33:09Z,SYNTHETIC,2026-09-07T05:41:13.876256Z
TX000986,AC000026,AC000057,250000,2025-10-13T00:40:27Z,SYNTHETIC,2026-09-07T05:41:13.876261Z
TX000987,AC000026,AC000056,400000,2025-10-13T02:26:51Z,SYNTHETIC,2026-09-07T05:41:13.876267Z
TX000988,AC000335,AC000026,1500000,2025-10-13T13:10:32Z,SYNTHETIC,2026-09-07T05:41:13.876274Z
TX000989,AC000026,AC000279,100000,2025-10-11T22:59:20Z,SYNTHETIC,2026-09-07T05:41:13.876279Z
TX000990,AC000139,AC000026,1450000,2025-10-10T11:12:42Z,SYNTHETIC,2026-09-07T05:41:13.876285Z
TX000991,AC000026,AC000319,150000,2025-10-13T12:29:28Z,SYNTHETIC,2026-09-07T05:41:13.876299Z
TX000992,AC000026,AC000216,1250000,2025-10-12T19:31:29Z,SYNTHETIC,2026-09-07T05:41:13.876305Z
TX000993,AC000026,AC000070,500000,2025-10-13T13:15:37Z,SYNTHETIC,2026-09-07T05:41:13.876311Z
TX000994,AC000026,AC000392,1200000,2025-10-11T17:02:53Z,SYNTHETIC,2026-09-07T05:41:13.876316Z
TX000995,AC000154,AC000026,550000,2025-10-10T17:03:26Z,SYNTHETIC,2026-09-07T05:41:13.876321Z
TX000996,AC000076,AC000026,300000,2025-10-12T07:56:12Z,SYNTHETIC,2026-09-07T05:41:13.876327Z
TX000997,AC000026,AC000152,950000,2025-10-10T13:22:30Z,SYNTHETIC,2026-09-07T05:41:13.876332Z
TX000998,AC000345,AC000026,1150000,2025-10-13T09:13:49Z,SYNTHETIC,2026-09-07T05:41:13.876338Z
TX000999,AC000208,AC000026,1450000,2025-10-13T05:48:44Z,SYNTHETIC,2026-09-07T05:41:13.876345Z
TX001000,AC000335,AC000026,100000,2025-10-13T09:42:29Z,SYNTHETIC,2026-09-07T05:41:13.876351Z
TX001001,AC000124,AC000026,1350000,2025-10-12T19:08:59Z,SYNTHETIC,2026-09-07T05:41:13.876356Z
TX001002,AC000026,AC000036,1050000,2025-10-11T08:12:37Z,SYNTHETIC,2026-09-07T05:41:13.876361Z
TX001003,AC000026,AC000337,200000,2025-10-11T20:34:04Z,SYNTHETIC,2026-09-07T05:41:13.876367Z
TX001004,AC000026,AC000233,400000,2025-10-12T12:34:35Z,SYNTHETIC,2026-09-07T05:41:13.876372Z
TX001005,AC000125,AC000026,1000000,2025-10-11T01:52:47Z,SYNTHETIC,2026-09-07T05:41:13.876377Z
TX001006,AC000138,AC000026,1850000,2025-10-12T13:05:54Z,SYNTHETIC,2026-09-07T05:41:13.876382Z
TX001007,AC000026,AC000033,350000,2025-10-12T06:46:07Z,SYNTHETIC,2026-09-07T05:41:13.876388Z
TX001008,AC000340,AC000026,200000,2025-10-13T13:53:20Z,SYNTHETIC,2026-09-07T05:41:13.876395Z
TX001009,AC000026,AC000067,1850000,2025-10-12T01:13:18Z,SYNTHETIC,2026-09-07T05:41:13.876400Z
TX001010,AC000203,AC000026,1700000,2025-10-12T06:47:31Z,SYNTHETIC,2026-09-07T05:41:13.876406Z
TX001011,AC000026,AC000329,1500000,2025-10-12T03:41:26Z,SYNTHETIC,2026-09-07T05:41:13.876411Z
TX001012,AC000204,AC000026,350000,2025-10-11T14:02:33Z,SYNTHETIC,2026-09-07T05:41:13.876417Z
TX001013,AC000279,AC000026,1900000,2025-10-10T13:54:49Z,SYNTHETIC,2026-09-07T05:41:13.876422Z
TX001014,AC000042,AC000026,1150000,2025-10-13T18:56:56Z,SYNTHETIC,2026-09-07T05:41:13.876427Z
TX001015,AC000098,AC000026,800000,2025-10-11T11:30:45Z,SYNTHETIC,2026-09-07T05:41:13.876433Z
TX001016,AC000026,AC000098,300000,2025-10-11T11:44:03Z,SYNTHETIC,2026-09-07T05:41:13.876438Z
TX001017,AC000074,AC000026,1250000,2025-10-10T23:45:09Z,SYNTHETIC,2026-09-07T05:41:13.876444Z
TX001018,AC000026,AC000216,1900000,2025-10-12T15:55:31Z,SYNTHETIC,2026-09-07T05:41:13.876449Z
TX001019,AC000299,AC000026,950000,2025-10-11T09:30:07Z,SYNTHETIC,2026-09-07T05:41:13.876454Z
TX001020,AC000050,AC000026,1150000,2025-10-13T00:40:56Z,SYNTHETIC,2026-09-07T05:41:13.876460Z
TX001021,AC000024,AC000026,150000,2025-10-13T07:16:29Z,SYNTHETIC,2026-09-07T05:41:13.876467Z
TX001022,AC000342,AC000026,1600000,2025-10-11T13:07:46Z,SYNTHETIC,2026-09-07T05:41:13.876472Z
TX001023,AC000026,AC000328,1500000,2025-10-12T08:04:43Z,SYNTHETIC,2026-09-07T05:41:13.876477Z
TX001024,AC000026,AC000194,1400000,2025-10-13T07:44:29Z,SYNTHETIC,2026-09-07T05:41:13.876483Z
TX001025,AC000025,AC000026,1550000,2025-10-10T15:06:14Z,SYNTHETIC,2026-09-07T05:41:13.876488Z
TX001026,AC000026,AC000012,1150000,2025-10-12T14:23:12Z,SYNTHETIC,2026-09-07T05:41:13.876493Z
TX001027,AC000026,AC000129,1350000,2025-10-11T07:15:09Z,SYNTHETIC,2026-09-07T05:41:13.876501Z
TX001028,AC000026,AC000045,2000000,2025-10-10T14:13:24Z,SYNTHETIC,2026-09-07T05:41:13.876506Z
TX001029,AC000026,AC000215,1700000,2025-10-12T05:22:22Z,SYNTHETIC,2026-09-07T05:41:13.876512Z
TX001030,AC000026,AC000190,850000,2025-10-10T05:02:39Z,SYNTHETIC,2026-09-07T05:41:13.876520Z
TX001031,AC000031,AC000026,1250000,2025-10-10T09:08:57Z,SYNTHETIC,2026-09-07T05:41:13.876530Z
TX001032,AC000045,AC000026,1250000,2025-10-10T06:36:10Z,SYNTHETIC,2026-09-07T05:41:13.876539Z
TX001033,AC000012,AC000026,650000,2025-10-11T11:42:33Z,SYNTHETIC,2026-09-07T05:41:13.876550Z
TX001034,AC000215,AC000027,1950000,2025-08-07T23:26:34Z,SYNTHETIC,2026-09-07T05:41:13.876595Z
TX001035,AC000281,AC000027,750000,2025-08-08T21:18:46Z,SYNTHETIC,2026-09-07T05:41:13.876601Z
TX001036,AC000181,AC000027,1650000,2025-08-10T06:57:44Z,SYNTHETIC,2026-09-07T05:41:13.876607Z
TX001037,AC000103,AC000027,1450000,2025-08-08T16:35:20Z,SYNTHETIC,2026-09-07T05:41:13.876612Z
TX001038,AC000027,AC000018,1150000,2025-08-06T20:23:06Z,SYNTHETIC,2026-09-07T05:41:13.876618Z
TX001039,AC000027,AC000329,1600000,2025-08-07T21:28:31Z,SYNTHETIC,2026-09-07T05:41:13.876623Z
TX001040,AC000273,AC000027,1650000,2025-08-08T16:56:13Z,SYNTHETIC,2026-09-07T05:41:13.876629Z
TX001041,AC000027,AC000056,1550000,2025-08-07T02:57:45Z,SYNTHETIC,2026-09-07T05:41:13.876635Z
TX001042,AC000133,AC000027,150000,2025-08-07T16:35:05Z,SYNTHETIC,2026-09-07T05:41:13.876640Z
TX001043,AC000027,AC000127,700000,2025-08-06T21:04:54Z,SYNTHETIC,2026-09-07T05:41:13.876645Z
TX001044,AC000027,AC000316,500000,2025-08-09T19:58:17Z,SYNTHETIC,2026-09-07T05:41:13.876651Z
TX001045,AC000154,AC000027,250000,2025-08-09T04:53:47Z,SYNTHETIC,2026-09-07T05:41:13.876656Z
TX001046,AC000027,AC000091,1700000,2025-08-07T05:36:52Z,SYNTHETIC,2026-09-07T05:41:13.876661Z
TX001047,AC000027,AC000188,1950000,2025-08-07T10:33:04Z,SYNTHETIC,2026-09-07T05:41:13.876669Z
TX001048,AC000018,AC000027,1600000,2025-08-09T18:02:46Z,SYNTHETIC,2026-09-07T05:41:13.876674Z
TX001049,AC000027,AC000080,1700000,2025-08-10T06:06:44Z,SYNTHETIC,2026-09-07T05:41:13.876679Z
TX001050,AC000027,AC000086,1100000,2025-08-06T20:15:31Z,SYNTHETIC,2026-09-07T05:41:13.876685Z
TX001051,AC000027,AC000260,1100000,2025-08-07T02:59:09Z,SYNTHETIC,2026-09-07T05:41:13.876690Z
TX001052,AC000315,AC000027,1800000,2025-08-08T06:06:58Z,SYNTHETIC,2026-09-07T05:41:13.876696Z
TX001053,AC000027,AC000052,700000,2025-08-07T04:18:07Z,SYNTHETIC,2026-09-07T05:41:13.876701Z
TX001054,AC000118,AC000027,1650000,2025-08-09T05:39:07Z,SYNTHETIC,2026-09-07T05:41:13.876707Z
TX001055,AC000029,AC000027,1550000,2025-08-10T02:26:02Z,SYNTHETIC,2026-09-07T05:41:13.876712Z
TX001056,AC000299,AC000027,1150000,2025-08-09T21:46:17Z,SYNTHETIC,2026-09-07T05:41:13.876717Z
TX001057,AC000041,AC000027,650000,2025-08-06T17:55:32Z,SYNTHETIC,2026-09-07T05:41:13.876723Z
TX001058,AC000072,AC000027,1600000,2025-08-09T01:52:11Z,SYNTHETIC,2026-09-07T05:41:13.876728Z
TX001059,AC000330,AC000027,1650000,2025-08-09T02:55:11Z,SYNTHETIC,2026-09-07T05:41:13.876734Z
TX001060,AC000027,AC000089,1700000,2025-08-07T06:36:09Z,SYNTHETIC,2026-09-07T05:41:13.876739Z
TX001061,AC000027,AC000325,1550000,2025-08-09T07:14:32Z,SYNTHETIC,2026-09-07T05:41:13.876744Z
TX001062,AC000184,AC000027,1400000,2025-08-08T21:51:51Z,SYNTHETIC,2026-09-07T05:41:13.876750Z
TX001063,AC000027,AC000016,600000,2025-08-08T18:56:22Z,SYNTHETIC,2026-09-07T05:41:13.876757Z
TX001064,AC000027,AC000067,1500000,2025-08-08T23:31:36Z,SYNTHETIC,2026-09-07T05:41:13.876762Z
TX001065,AC000027,AC000359,1650000,2025-08-09T11:18:18Z,SYNTHETIC,2026-09-07T05:41:13.876768Z
TX001066,AC000027,AC000034,1300000,2025-08-09T07:00:53Z,SYNTHETIC,2026-09-07T05:41:13.876775Z
TX001067,AC000027,AC000091,1650000,2025-08-07T03:55:29Z,SYNTHETIC,2026-09-07T05:41:13.876780Z
TX001068,AC000027,AC000150,450000,2025-08-09T13:55:46Z,SYNTHETIC,2026-09-07T05:41:13.876785Z
TX001069,AC000027,AC000306,750000,2025-08-08T22:09:16Z,SYNTHETIC,2026-09-07T05:41:13.876791Z
TX001070,AC000011,AC000027,1350000,2025-08-08T13:30:46Z,SYNTHETIC,2026-09-07T05:41:13.876796Z
TX001071,AC000357,AC000027,1100000,2025-08-07T00:17:19Z,SYNTHETIC,2026-09-07T05:41:13.876802Z
TX001072,AC000027,AC000116,500000,2025-08-08T00:30:50Z,SYNTHETIC,2026-09-07T05:41:13.876807Z
TX001073,AC000018,AC000027,1850000,2025-08-10T08:34:25Z,SYNTHETIC,2026-09-07T05:41:13.876812Z
TX001074,AC000119,AC000027,1600000,2025-08-10T11:09:53Z,SYNTHETIC,2026-09-07T05:41:13.876817Z
TX001075,AC000226,AC000027,750000,2025-08-07T13:02:13Z,SYNTHETIC,2026-09-07T05:41:13.876824Z
TX001076,AC000117,AC000027,1700000,2025-08-08T05:20:21Z,SYNTHETIC,2026-09-07T05:41:13.876830Z
TX001077,AC000027,AC000098,1250000,2025-08-07T19:52:35Z,SYNTHETIC,2026-09-07T05:41:13.876835Z
TX001078,AC000231,AC000027,150000,2025-08-09T18:28:05Z,SYNTHETIC,2026-09-07T05:41:13.876841Z
TX001079,AC000027,AC000025,1700000,2025-08-07T19:03:20Z,SYNTHETIC,2026-09-07T05:41:13.876846Z
TX001080,AC000246,AC000027,600000,2025-08-08T09:37:02Z,SYNTHETIC,2026-09-07T05:41:13.876851Z
TX001081,AC000309,AC000027,900000,2025-08-07T01:41:06Z,SYNTHETIC,2026-09-07T05:41:13.876857Z
TX001082,AC000027,AC000080,1150000,2025-08-09T15:50:48Z,SYNTHETIC,2026-09-07T05:41:13.876863Z
TX001083,AC000027,AC000282,1650000,2025-08-10T03:59:27Z,SYNTHETIC,2026-09-07T05:41:13.876868Z
TX001084,AC000027,AC000147,1400000,2025-08-09T23:44:31Z,SYNTHETIC,2026-09-07T05:41:13.876873Z
TX001085,AC000027,AC000187,950000,2025-08-09T23:10:04Z,SYNTHETIC,2026-09-07T05:41:13.876878Z
TX001086,AC000027,AC000240,650000,2025-08-09T21:27:34Z,SYNTHETIC,2026-09-07T05:41:13.876885Z
TX001087,AC000027,AC000142,700000,2025-08-09T16:08:54Z,SYNTHETIC,2026-09-07T05:41:13.876891Z
TX001088,AC000027,AC000135,1750000,2025-08-09T11:16:49Z,SYNTHETIC,2026-09-07T05:41:13.876896Z
TX001089,AC000109,AC000027,900000,2025-08-08T12:30:24Z,SYNTHETIC,2026-09-07T05:41:13.876902Z
TX001090,AC000233,AC000040,500000,2025-04-27T10:47:23Z,SYNTHETIC,2026-09-07T05:41:13.876940Z
TX001091,AC000050,AC000040,850000,2025-04-30T06:11:11Z,SYNTHETIC,2026-09-07T05:41:13.876946Z
TX001092,AC000040,AC000118,300000,2025-04-30T18:20:55Z,SYNTHETIC,2026-09-07T05:41:13.876952Z
TX001093,AC000040,AC000268,1250000,2025-04-29T03:00:12Z,SYNTHETIC,2026-09-07T05:41:13.876958Z
TX001094,AC000170,AC000040,400000,2025-04-28T14:42:30Z,SYNTHETIC,2026-09-07T05:41:13.876965Z
TX001095,AC000040,AC000143,1250000,2025-04-29T10:13:39Z,SYNTHETIC,2026-09-07T05:41:13.876971Z
TX001096,AC000040,AC000292,450000,2025-04-27T14:32:16Z,SYNTHETIC,2026-09-07T05:41:13.876976Z
TX001097,AC000239,AC000040,1600000,2025-04-28T18:46:02Z,SYNTHETIC,2026-09-07T05:41:13.876981Z
TX001098,AC000093,AC000040,500000,2025-04-28T03:19:07Z,SYNTHETIC,2026-09-07T05:41:13.876986Z
TX001099,AC000040,AC000005,1700000,2025-04-28T12:03:00Z,SYNTHETIC,2026-09-07T05:41:13.876992Z
TX001100,AC000040,AC000164,850000,2025-04-30T20:23:36Z,SYNTHETIC,2026-09-07T05:41:13.876998Z
TX001101,AC000040,AC000333,150000,2025-04-28T02:11:07Z,SYNTHETIC,2026-09-07T05:41:13.877003Z
TX001102,AC000040,AC000116,1050000,2025-04-27T23:29:04Z,SYNTHETIC,2026-09-07T05:41:13.877026Z
TX001103,AC000312,AC000040,200000,2025-04-27T15:03:23Z,SYNTHETIC,2026-09-07T05:41:13.877032Z
TX001104,AC000115,AC000040,850000,2025-04-29T10:41:06Z,SYNTHETIC,2026-09-07T05:41:13.877037Z
TX001105,AC000040,AC000261,1750000,2025-04-28T07:30:50Z,SYNTHETIC,2026-09-07T05:41:13.877045Z
TX001106,AC000040,AC000327,1400000,2025-04-30T13:37:57Z,SYNTHETIC,2026-09-07T05:41:13.877050Z
TX001107,AC000040,AC000350,1000000,2025-04-29T16:22:12Z,SYNTHETIC,2026-09-07T05:41:13.877058Z
TX001108,AC000234,AC000040,550000,2025-04-30T04:00:10Z,SYNTHETIC,2026-09-07T05:41:13.877064Z
TX001109,AC000040,AC000310,1700000,2025-04-28T00:45:51Z,SYNTHETIC,2026-09-07T05:41:13.877071Z
TX001110,AC000040,AC000082,1250000,2025-04-30T13:19:01Z,SYNTHETIC,2026-09-07T05:41:13.877078Z
TX001111,AC000140,AC000040,650000,2025-04-30T09:53:06Z,SYNTHETIC,2026-09-07T05:41:13.877084Z
TX001112,AC000040,AC000131,1150000,2025-04-27T17:17:26Z,SYNTHETIC,2026-09-07T05:41:13.877090Z
TX001113,AC000040,AC000270,1150000,2025-04-29T20:56:57Z,SYNTHETIC,2026-09-07T05:41:13.877095Z
TX001114,AC000040,AC000033,1750000,2025-04-30T15:59:49Z,SYNTHETIC,2026-09-07T05:41:13.877101Z
TX001115,AC000040,AC000031,1900000,2025-04-30T11:02:03Z,SYNTHETIC,2026-09-07T05:41:13.877106Z
TX001116,AC000247,AC000040,1300000,2025-04-28T19:20:24Z,SYNTHETIC,2026-09-07T05:41:13.877112Z
TX001117,AC000040,AC000082,1450000,2025-04-29T04:13:42Z,SYNTHETIC,2026-09-07T05:41:13.877119Z
TX001118,AC000120,AC000040,1550000,2025-04-30T02:33:30Z,SYNTHETIC,2026-09-07T05:41:13.877127Z
TX001119,AC000040,AC000095,1700000,2025-04-28T16:59:50Z,SYNTHETIC,2026-09-07T05:41:13.877135Z
TX001120,AC000087,AC000040,1250000,2025-04-27T16:46:06Z,SYNTHETIC,2026-09-07T05:41:13.877142Z
TX001121,AC000169,AC000040,1650000,2025-04-27T23:02:02Z,SYNTHETIC,2026-09-07T05:41:13.877150Z
TX001122,AC000040,AC000072,1300000,2025-04-29T14:55:16Z,SYNTHETIC,2026-09-07T05:41:13.877157Z
TX001123,AC000334,AC000040,1450000,2025-04-29T13:01:40Z,SYNTHETIC,2026-09-07T05:41:13.877165Z
TX001124,AC000040,AC000249,1100000,2025-04-28T03:32:01Z,SYNTHETIC,2026-09-07T05:41:13.877174Z
TX001125,AC000078,AC000040,950000,2025-04-29T08:01:56Z,SYNTHETIC,2026-09-07T05:41:13.877182Z
TX001126,AC000124,AC000040,600000,2025-04-29T05:50:18Z,SYNTHETIC,2026-09-07T05:41:13.877189Z
TX001127,AC000072,AC000040,1950000,2025-04-29T10:11:36Z,SYNTHETIC,2026-09-07T05:41:13.877195Z
TX001128,AC000066,AC000040,1500000,2025-04-29T10:06:59Z,SYNTHETIC,2026-09-07T05:41:13.877200Z
TX001129,AC000232,AC000040,1700000,2025-04-30T04:55:38Z,SYNTHETIC,2026-09-07T05:41:13.877206Z
TX001130,AC000040,AC000283,1450000,2025-04-28T14:48:22Z,SYNTHETIC,2026-09-07T05:41:13.877211Z
TX001131,AC000040,AC000301,1450000,2025-04-27T21:55:13Z,SYNTHETIC,2026-09-07T05:41:13.877216Z
TX001132,AC000040,AC000314,1700000,2025-04-29T08:06:54Z,SYNTHETIC,2026-09-07T05:41:13.877221Z
TX001133,AC000314,AC000040,1000000,2025-04-29T00:26:10Z,SYNTHETIC,2026-09-07T05:41:13.877227Z
TX001134,AC000143,AC000040,1450000,2025-04-30T09:53:16Z,SYNTHETIC,2026-09-07T05:41:13.877232Z
TX001135,AC000154,AC000040,700000,2025-04-29T09:41:50Z,SYNTHETIC,2026-09-07T05:41:13.877237Z
TX001136,AC000100,AC000040,400000,2025-04-28T23:52:25Z,SYNTHETIC,2026-09-07T05:41:13.877242Z
TX001137,AC000225,AC000040,1100000,2025-04-27T20:39:04Z,SYNTHETIC,2026-09-07T05:41:13.877247Z
TX001138,AC000040,AC000063,1600000,2025-04-29T13:44:22Z,SYNTHETIC,2026-09-07T05:41:13.877252Z
TX001139,AC000040,AC000265,350000,2025-04-27T11:00:41Z,SYNTHETIC,2026-09-07T05:41:13.877258Z
TX001140,AC000040,AC000273,1350000,2025-04-30T03:13:28Z,SYNTHETIC,2026-09-07T05:41:13.877264Z
TX001141,AC000073,AC000040,1900000,2025-04-28T07:21:57Z,SYNTHETIC,2026-09-07T05:41:13.877269Z
TX001142,AC000040,AC000045,1050000,2025-04-30T16:38:24Z,SYNTHETIC,2026-09-07T05:41:13.877274Z
TX001143,AC000035,AC000040,250000,2025-04-28T22:50:10Z,SYNTHETIC,2026-09-07T05:41:13.877280Z
TX001144,AC000040,AC000321,1100000,2025-04-29T06:58:28Z,SYNTHETIC,2026-09-07T05:41:13.877287Z
TX001145,AC000170,AC000040,1700000,2025-04-30T19:23:23Z,SYNTHETIC,2026-09-07T05:41:13.877292Z
TX001146,AC000094,AC000040,700000,2025-04-27T14:49:55Z,SYNTHETIC,2026-09-07T05:41:13.877298Z
TX001147,AC000040,AC000311,550000,2025-04-28T16:57:40Z,SYNTHETIC,2026-09-07T05:41:13.877303Z
TX001148,AC000199,AC000040,1800000,2025-04-27T22:45:33Z,SYNTHETIC,2026-09-07T05:41:13.877309Z
TX001149,AC000016,AC000040,1400000,2025-04-30T23:48:31Z,SYNTHETIC,2026-09-07T05:41:13.877314Z
TX001150,AC000194,AC000041,1050000,2024-10-17T16:25:33Z,SYNTHETIC,2026-09-07T05:41:13.877353Z
TX001151,AC000106,AC000041,1900000,2024-10-17T06:18:07Z,SYNTHETIC,2026-09-07T05:41:13.877358Z
TX001152,AC000041,AC000304,1300000,2024-10-15T14:51:22Z,SYNTHETIC,2026-09-07T05:41:13.877363Z
TX001153,AC000041,AC000192,850000,2024-10-17T10:00:04Z,SYNTHETIC,2026-09-07T05:41:13.877369Z
TX001154,AC000041,AC000098,1100000,2024-10-15T01:03:20Z,SYNTHETIC,2026-09-07T05:41:13.877375Z
TX001155,AC000041,AC000221,1350000,2024-10-16T19:36:57Z,SYNTHETIC,2026-09-07T05:41:13.877381Z
TX001156,AC000041,AC000349,150000,2024-10-15T09:03:09Z,SYNTHETIC,2026-09-07T05:41:13.877386Z
TX001157,AC000041,AC000292,100000,2024-10-15T08:27:03Z,SYNTHETIC,2026-09-07T05:41:13.877391Z
TX001158,AC000122,AC000041,300000,2024-10-16T05:01:48Z,SYNTHETIC,2026-09-07T05:41:13.877398Z
TX001159,AC000256,AC000041,550000,2024-10-17T02:55:19Z,SYNTHETIC,2026-09-07T05:41:13.877404Z
TX001160,AC000041,AC000074,1950000,2024-10-17T16:36:58Z,SYNTHETIC,2026-09-07T05:41:13.877411Z
TX001161,AC000041,AC000321,250000,2024-10-16T03:06:47Z,SYNTHETIC,2026-09-07T05:41:13.877416Z
TX001162,AC000041,AC000023,500000,2024-10-15T18:51:09Z,SYNTHETIC,2026-09-07T05:41:13.877422Z
TX001163,AC000041,AC000255,1700000,2024-10-17T05:18:49Z,SYNTHETIC,2026-09-07T05:41:13.877427Z
TX001164,AC000041,AC000088,650000,2024-10-15T19:22:56Z,SYNTHETIC,2026-09-07T05:41:13.877434Z
TX001165,AC000072,AC000041,950000,2024-10-17T16:48:16Z,SYNTHETIC,2026-09-07T05:41:13.877439Z
TX001166,AC000118,AC000041,1000000,2024-10-16T10:14:09Z,SYNTHETIC,2026-09-07T05:41:13.877444Z
TX001167,AC000041,AC000258,250000,2024-10-14T13:35:35Z,SYNTHETIC,2026-09-07T05:41:13.877450Z
TX001168,AC000325,AC000041,200000,2024-10-15T17:32:23Z,SYNTHETIC,2026-09-07T05:41:13.877455Z
TX001169,AC000041,AC000091,1800000,2024-10-16T09:56:56Z,SYNTHETIC,2026-09-07T05:41:13.877460Z
TX001170,AC000041,AC000163,1500000,2024-10-16T15:07:25Z,SYNTHETIC,2026-09-07T05:41:13.877466Z
TX001171,AC000128,AC000041,1600000,2024-10-15T00:21:33Z,SYNTHETIC,2026-09-07T05:41:13.877472Z
TX001172,AC000056,AC000230,90596.65,2025-07-06T06:14:51Z,SYNTHETIC,2026-09-07T05:41:13.877486Z
TX001173,AC000392,AC000256,274394,2025-11-14T03:31:19Z,SYNTHETIC,2026-09-07T05:41:13.877495Z
TX001174,AC000063,AC000129,274680.68,2024-07-26T00:41:41Z,SYNTHETIC,2026-09-07T05:41:13.877501Z
TX001175,AC000083,AC000239,469449.94,2024-07-26T08:48:04Z,SYNTHETIC,2026-09-07T05:41:13.877508Z
TX001176,AC000070,AC000189,64789.45,2026-05-15T02:35:13Z,SYNTHETIC,2026-09-07T05:41:13.877514Z
TX001177,AC000274,AC000361,69618.17,2024-04-16T11:56:39Z,SYNTHETIC,2026-09-07T05:41:13.877520Z
TX001178,AC000181,AC000099,392684.13,2025-02-23T17:41:03Z,SYNTHETIC,2026-09-07T05:41:13.877526Z
TX001179,AC000103,AC000289,18102.79,2024-01-26T10:05:25Z,SYNTHETIC,2026-09-07T05:41:13.877533Z
TX001180,AC000186,AC000088,455178.71,2025-01-24T04:18:53Z,SYNTHETIC,2026-09-07T05:41:13.877539Z
TX001181,AC000161,AC000027,379659.03,2026-08-29T04:23:20Z,SYNTHETIC,2026-09-07T05:41:13.877545Z
TX001182,AC000320,AC000224,198927.45,2024-07-17T18:54:58Z,SYNTHETIC,2026-09-07T05:41:13.877551Z
TX001183,AC000344,AC000075,113595.07,2024-02-21T22:31:06Z,SYNTHETIC,2026-09-07T05:41:13.877559Z
TX001184,AC000234,AC000158,310425.29,2026-03-08T14:25:53Z,SYNTHETIC,2026-09-07T05:41:13.877566Z
TX001185,AC000051,AC000360,123342.42,2024-10-25T13:44:14Z,SYNTHETIC,2026-09-07T05:41:13.877571Z
TX001186,AC000334,AC000218,166428.32,2026-07-25T06:40:54Z,SYNTHETIC,2026-09-07T05:41:13.877577Z
TX001187,AC000032,AC000049,310733.24,2024-06-05T19:54:01Z,SYNTHETIC,2026-09-07T05:41:13.877583Z
TX001188,AC000105,AC000089,10472.95,2024-09-22T01:37:41Z,SYNTHETIC,2026-09-07T05:41:13.877589Z
TX001189,AC000003,AC000016,16854.61,2026-06-25T01:11:55Z,SYNTHETIC,2026-09-07T05:41:13.877594Z
TX001190,AC000243,AC000079,304212.49,2024-10-12T11:18:59Z,SYNTHETIC,2026-09-07T05:41:13.877601Z
TX001191,AC000237,AC000319,422250.08,2024-02-07T13:32:40Z,SYNTHETIC,2026-09-07T05:41:13.877608Z
TX001192,AC000254,AC000216,374618.12,2024-04-02T07:32:38Z,SYNTHETIC,2026-09-07T05:41:13.877614Z
TX001193,AC000332,AC000336,278805.87,2024-08-30T04:02:26Z,SYNTHETIC,2026-09-07T05:41:13.877619Z
TX001194,AC000347,AC000029,435944.63,2025-01-19T18:42:27Z,SYNTHETIC,2026-09-07T05:41:13.877625Z
TX001195,AC000064,AC000206,298638.76,2025-02-16T22:16:25Z,SYNTHETIC,2026-09-07T05:41:13.877631Z
TX001196,AC000279,AC000084,195826.05,2026-01-29T21:16:59Z,SYNTHETIC,2026-09-07T05:41:13.877636Z
TX001197,AC000292,AC000092,360361.91,2024-01-01T06:59:42Z,SYNTHETIC,2026-09-07T05:41:13.877642Z
TX001198,AC000140,AC000247,346310.49,2024-07-21T16:13:41Z,SYNTHETIC,2026-09-07T05:41:13.877648Z
TX001199,AC000305,AC000124,482376.7,2024-03-13T05:27:57Z,SYNTHETIC,2026-09-07T05:41:13.877701Z
TX001200,AC000216,AC000128,488593.07,2025-06-17T19:53:53Z,SYNTHETIC,2026-09-07T05:41:13.877708Z
TX001201,AC000267,AC000348,191902.99,2025-12-01T18:04:21Z,SYNTHETIC,2026-09-07T05:41:13.877714Z
TX001202,AC000143,AC000344,78592.08,2025-10-21T22:11:19Z,SYNTHETIC,2026-09-07T05:41:13.877720Z
TX001203,AC000089,AC000329,406635.97,2025-09-05T23:04:57Z,SYNTHETIC,2026-09-07T05:41:13.877730Z
TX001204,AC000105,AC000073,443587.79,2025-07-26T10:12:05Z,SYNTHETIC,2026-09-07T05:41:13.877737Z
TX001205,AC000280,AC000317,488253.41,2026-07-03T21:23:00Z,SYNTHETIC,2026-09-07T05:41:13.877742Z
TX001206,AC000299,AC000279,412516.95,2025-01-11T13:19:15Z,SYNTHETIC,2026-09-07T05:41:13.877749Z
TX001207,AC000053,AC000301,401385.97,2026-02-24T02:59:21Z,SYNTHETIC,2026-09-07T05:41:13.877755Z
TX001208,AC000310,AC000009,231425.18,2024-08-15T20:14:11Z,SYNTHETIC,2026-09-07T05:41:13.877761Z
TX001209,AC000267,AC000039,96206.56,2026-08-23T17:29:49Z,SYNTHETIC,2026-09-07T05:41:13.877767Z
TX001210,AC000098,AC000020,177157.29,2024-09-05T05:24:12Z,SYNTHETIC,2026-09-07T05:41:13.877773Z
TX001211,AC000150,AC000227,230368.82,2026-04-14T18:24:36Z,SYNTHETIC,2026-09-07T05:41:13.877778Z
TX001212,AC000097,AC000029,420609.13,2024-03-06T08:07:18Z,SYNTHETIC,2026-09-07T05:41:13.877784Z
TX001213,AC000047,AC000009,162564.54,2025-09-15T23:50:43Z,SYNTHETIC,2026-09-07T05:41:13.877790Z
TX001214,AC000346,AC000185,309387.95,2025-09-05T08:31:58Z,SYNTHETIC,2026-09-07T05:41:13.877796Z
TX001215,AC000063,AC000182,115426.74,2025-06-13T22:21:46Z,SYNTHETIC,2026-09-07T05:41:13.877801Z
TX001216,AC000256,AC000289,263986.07,2025-12-23T09:42:09Z,SYNTHETIC,2026-09-07T05:41:13.877806Z
TX001217,AC000165,AC000022,202921.59,2025-08-11T17:05:59Z,SYNTHETIC,2026-09-07T05:41:13.877812Z
TX001218,AC000249,AC000093,217254.86,2024-08-01T12:06:50Z,SYNTHETIC,2026-09-07T05:41:13.877818Z
TX001219,AC000219,AC000285,319067.62,2025-03-23T19:47:50Z,SYNTHETIC,2026-09-07T05:41:13.877824Z
TX001220,AC000321,AC000323,405686.82,2024-04-03T02:05:48Z,SYNTHETIC,2026-09-07T05:41:13.877829Z
TX001221,AC000039,AC000297,342030.15,2024-07-21T08:59:13Z,SYNTHETIC,2026-09-07T05:41:13.877835Z
TX001222,AC000001,AC000212,200948.1,2025-01-02T12:58:05Z,SYNTHETIC,2026-09-07T05:41:13.877844Z
TX001223,AC000188,AC000358,407182.22,2024-09-23T20:30:53Z,SYNTHETIC,2026-09-07T05:41:13.877850Z
TX001224,AC000358,AC000295,206005.7,2025-09-14T04:31:42Z,SYNTHETIC,2026-09-07T05:41:13.877856Z
TX001225,AC000214,AC000271,167564.85,2025-04-18T13:02:09Z,SYNTHETIC,2026-09-07T05:41:13.877862Z
TX001226,AC000230,AC000141,15892.31,2026-05-13T22:45:04Z,SYNTHETIC,2026-09-07T05:41:13.877867Z
TX001227,AC000333,AC000070,149302.13,2025-07-23T19:31:10Z,SYNTHETIC,2026-09-07T05:41:13.877874Z
TX001228,AC000325,AC000205,297398.47,2024-08-22T01:00:04Z,SYNTHETIC,2026-09-07T05:41:13.877883Z
TX001229,AC000039,AC000119,32660.88,2024-04-02T13:02:21Z,SYNTHETIC,2026-09-07T05:41:13.877893Z
TX001230,AC000209,AC000094,485043.53,2024-01-17T11:49:50Z,SYNTHETIC,2026-09-07T05:41:13.877901Z
TX001231,AC000298,AC000117,472536.81,2025-09-04T17:25:42Z,SYNTHETIC,2026-09-07T05:41:13.877907Z
TX001232,AC000081,AC000125,377522.6,2026-05-20T15:40:37Z,SYNTHETIC,2026-09-07T05:41:13.877913Z
TX001233,AC000242,AC000362,407706.96,2026-05-01T16:08:01Z,SYNTHETIC,2026-09-07T05:41:13.877919Z
TX001234,AC000227,AC000273,56512.22,2026-07-23T05:35:46Z,SYNTHETIC,2026-09-07T05:41:13.877925Z
TX001235,AC000040,AC000212,445550.29,2025-03-13T01:31:11Z,SYNTHETIC,2026-09-07T05:41:13.877931Z
TX001236,AC000343,AC000213,199155.24,2026-07-01T15:57:25Z,SYNTHETIC,2026-09-07T05:41:13.877937Z
TX001237,AC000004,AC000302,432594.45,2024-09-27T05:09:15Z,SYNTHETIC,2026-09-07T05:41:13.877943Z
TX001238,AC000099,AC000281,423253.34,2026-05-12T06:46:44Z,SYNTHETIC,2026-09-07T05:41:13.877949Z
TX001239,AC000286,AC000223,99465.09,2025-10-17T14:32:35Z,SYNTHETIC,2026-09-07T05:41:13.877954Z
TX001240,AC000013,AC000011,236381.67,2024-04-12T15:10:00Z,SYNTHETIC,2026-09-07T05:41:13.877960Z
TX001241,AC000096,AC000255,283624.18,2025-08-06T02:05:47Z,SYNTHETIC,2026-09-07T05:41:13.877966Z
TX001242,AC000235,AC000165,85611.36,2025-12-17T11:58:36Z,SYNTHETIC,2026-09-07T05:41:13.877973Z
TX001243,AC000092,AC000158,307028.97,2024-03-09T22:38:07Z,SYNTHETIC,2026-09-07T05:41:13.877979Z
TX001244,AC000206,AC000259,374142.51,2025-05-30T11:38:50Z,SYNTHETIC,2026-09-07T05:41:13.877985Z
TX001245,AC000223,AC000117,389386.94,2024-06-17T07:26:10Z,SYNTHETIC,2026-09-07T05:41:13.877993Z
TX001246,AC000023,AC000317,297098.23,2024-05-16T10:53:58Z,SYNTHETIC,2026-09-07T05:41:13.878015Z
TX001247,AC000238,AC000229,459699.68,2024-05-15T08:27:30Z,SYNTHETIC,2026-09-07T05:41:13.878021Z
TX001248,AC000307,AC000285,338530.96,2025-01-17T04:06:41Z,SYNTHETIC,2026-09-07T05:41:13.878027Z
TX001249,AC000084,AC000351,421596.56,2025-04-13T15:24:52Z,SYNTHETIC,2026-09-07T05:41:13.878033Z
TX001250,AC000095,AC000074,153372.79,2026-05-10T17:35:34Z,SYNTHETIC,2026-09-07T05:41:13.878038Z
TX001251,AC000015,AC000362,385635.08,2026-04-17T11:58:49Z,SYNTHETIC,2026-09-07T05:41:13.878044Z
TX001252,AC000185,AC000089,314993.27,2026-07-09T05:50:45Z,SYNTHETIC,2026-09-07T05:41:13.878050Z
TX001253,AC000328,AC000003,357022.24,2025-04-01T20:55:27Z,SYNTHETIC,2026-09-07T05:41:13.878056Z
TX001254,AC000144,AC000298,54915.39,2026-03-11T11:05:49Z,SYNTHETIC,2026-09-07T05:41:13.878064Z
TX001255,AC000025,AC000150,383582,2024-10-16T01:37:32Z,SYNTHETIC,2026-09-07T05:41:13.878071Z
TX001256,AC000022,AC000152,177363.25,2024-01-03T03:03:31Z,SYNTHETIC,2026-09-07T05:41:13.878077Z
TX001257,AC000128,AC000185,267518.86,2026-01-09T21:10:36Z,SYNTHETIC,2026-09-07T05:41:13.878083Z
TX001258,AC000280,AC000347,233946.69,2025-10-01T17:56:13Z,SYNTHETIC,2026-09-07T05:41:13.878089Z
TX001259,AC000131,AC000209,395410.1,2025-04-04T19:56:18Z,SYNTHETIC,2026-09-07T05:41:13.878095Z
TX001260,AC000049,AC000020,386317.61,2025-04-30T04:31:06Z,SYNTHETIC,2026-09-07T05:41:13.878101Z
TX001261,AC000048,AC000295,102691.1,2024-12-14T13:44:50Z,SYNTHETIC,2026-09-07T05:41:13.878109Z
TX001262,AC000228,AC000364,70992.96,2024-01-08T18:15:23Z,SYNTHETIC,2026-09-07T05:41:13.878115Z
TX001263,AC000255,AC000392,129751.93,2026-05-25T13:46:21Z,SYNTHETIC,2026-09-07T05:41:13.878120Z
TX001264,AC000044,AC000019,390585.24,2025-11-17T07:27:55Z,SYNTHETIC,2026-09-07T05:41:13.878126Z
TX001265,AC000349,AC000308,317602,2026-04-13T16:05:42Z,SYNTHETIC,2026-09-07T05:41:13.878132Z
TX001266,AC000009,AC000034,186974.9,2024-07-22T04:04:56Z,SYNTHETIC,2026-09-07T05:41:13.878138Z
TX001267,AC000354,AC000079,344121.36,2024-10-17T05:28:16Z,SYNTHETIC,2026-09-07T05:41:13.878144Z
TX001268,AC000251,AC000243,491167.42,2026-02-18T06:04:58Z,SYNTHETIC,2026-09-07T05:41:13.878149Z
TX001269,AC000065,AC000211,122934.02,2025-04-08T21:56:51Z,SYNTHETIC,2026-09-07T05:41:13.878155Z
TX001270,AC000132,AC000033,493832.97,2024-03-16T16:09:16Z,SYNTHETIC,2026-09-07T05:41:13.878161Z
TX001271,AC000005,AC000244,198190.8,2026-06-10T17:01:25Z,SYNTHETIC,2026-09-07T05:41:13.878166Z
TX001272,AC000269,AC000271,65350.73,2025-02-17T14:21:16Z,SYNTHETIC,2026-09-07T05:41:13.878173Z
TX001273,AC000065,AC000053,489893.63,2024-09-03T09:11:26Z,SYNTHETIC,2026-09-07T05:41:13.878179Z
TX001274,AC000176,AC000072,11094.3,2024-10-20T18:20:15Z,SYNTHETIC,2026-09-07T05:41:13.878185Z
TX001275,AC000291,AC000099,244674.3,2024-02-27T08:51:45Z,SYNTHETIC,2026-09-07T05:41:13.878191Z
TX001276,AC000079,AC000130,202642.32,2024-02-11T17:04:19Z,SYNTHETIC,2026-09-07T05:41:13.878197Z
TX001277,AC000170,AC000152,224050.44,2026-07-01T04:59:08Z,SYNTHETIC,2026-09-07T05:41:13.878203Z
TX001278,AC000166,AC000001,353592.57,2025-03-29T05:29:46Z,SYNTHETIC,2026-09-07T05:41:13.878209Z
TX001279,AC000286,AC000144,302870.41,2026-01-04T14:29:54Z,SYNTHETIC,2026-09-07T05:41:13.878216Z
TX001280,AC000019,AC000214,382115.22,2024-07-16T10:23:26Z,SYNTHETIC,2026-09-07T05:41:13.878223Z
TX001281,AC000348,AC000033,498707.74,2024-02-16T22:33:33Z,SYNTHETIC,2026-09-07T05:41:13.878231Z
TX001282,AC000024,AC000325,203406.07,2026-06-28T10:25:25Z,SYNTHETIC,2026-09-07T05:41:13.878237Z
TX001283,AC000175,AC000233,116373.58,2026-01-05T06:24:58Z,SYNTHETIC,2026-09-07T05:41:13.878243Z
TX001284,AC000003,AC000112,245966.33,2025-06-03T01:37:00Z,SYNTHETIC,2026-09-07T05:41:13.878249Z
TX001285,AC000223,AC000048,239290.19,2026-02-10T18:47:40Z,SYNTHETIC,2026-09-07T05:41:13.878255Z
TX001286,AC000256,AC000230,82147.81,2026-01-23T02:43:12Z,SYNTHETIC,2026-09-07T05:41:13.878263Z
TX001287,AC000094,AC000248,374365.05,2024-10-28T14:01:56Z,SYNTHETIC,2026-09-07T05:41:13.878269Z
TX001288,AC000296,AC000128,432221.5,2025-01-27T04:53:34Z,SYNTHETIC,2026-09-07T05:41:13.878276Z
TX001289,AC000165,AC000018,255296.98,2025-03-09T10:45:00Z,SYNTHETIC,2026-09-07T05:41:13.878282Z
TX001290,AC000001,AC000337,25581.64,2024-01-02T23:33:31Z,SYNTHETIC,2026-09-07T05:41:13.878288Z
TX001291,AC000206,AC000242,184377.47,2024-12-04T13:08:32Z,SYNTHETIC,2026-09-07T05:41:13.878303Z
TX001292,AC000118,AC000307,370439.29,2025-10-16T15:27:16Z,SYNTHETIC,2026-09-07T05:41:13.878310Z
TX001293,AC000080,AC000147,51793.06,2025-10-23T01:39:42Z,SYNTHETIC,2026-09-07T05:41:13.878316Z
TX001294,AC000363,AC000280,179439.1,2024-03-27T05:19:17Z,SYNTHETIC,2026-09-07T05:41:13.878322Z
TX001295,AC000195,AC000285,81770.27,2025-08-18T13:48:04Z,SYNTHETIC,2026-09-07T05:41:13.878328Z
TX001296,AC000059,AC000230,256262.81,2024-02-24T21:02:57Z,SYNTHETIC,2026-09-07T05:41:13.878334Z
TX001297,AC000266,AC000105,92930.17,2024-07-07T01:37:15Z,SYNTHETIC,2026-09-07T05:41:13.878340Z
TX001298,AC000083,AC000268,116084.93,2026-03-15T12:45:59Z,SYNTHETIC,2026-09-07T05:41:13.878346Z
TX001299,AC000279,AC000162,11727.79,2026-05-19T01:09:02Z,SYNTHETIC,2026-09-07T05:41:13.878352Z
TX001300,AC000051,AC000319,185757.17,2024-01-24T00:03:29Z,SYNTHETIC,2026-09-07T05:41:13.878359Z
TX001301,AC000047,AC000328,217367.82,2024-09-20T20:53:02Z,SYNTHETIC,2026-09-07T05:41:13.878365Z
TX001302,AC000020,AC000097,463867.4,2026-06-10T13:13:37Z,SYNTHETIC,2026-09-07T05:41:13.878371Z
TX001303,AC000225,AC000130,292850.82,2024-03-02T21:02:22Z,SYNTHETIC,2026-09-07T05:41:13.878376Z
TX001304,AC000292,AC000180,117291.24,2024-11-10T22:33:53Z,SYNTHETIC,2026-09-07T05:41:13.878382Z
TX001305,AC000096,AC000030,249726.1,2024-06-12T17:29:55Z,SYNTHETIC,2026-09-07T05:41:13.878388Z
TX001306,AC000049,AC000311,468601.01,2026-07-08T02:37:34Z,SYNTHETIC,2026-09-07T05:41:13.878394Z
TX001307,AC000047,AC000288,54047.15,2024-12-23T02:05:18Z,SYNTHETIC,2026-09-07T05:41:13.878399Z
TX001308,AC000012,AC000023,354977.47,2026-02-26T10:53:51Z,SYNTHETIC,2026-09-07T05:41:13.878405Z
TX001309,AC000018,AC000346,480637.26,2024-08-10T04:00:16Z,SYNTHETIC,2026-09-07T05:41:13.878411Z
TX001310,AC000208,AC000146,311602.07,2026-04-28T02:47:04Z,SYNTHETIC,2026-09-07T05:41:13.878416Z
TX001311,AC000128,AC000124,80226.85,2025-01-25T08:25:38Z,SYNTHETIC,2026-09-07T05:41:13.878422Z
TX001312,AC000318,AC000184,82819.75,2024-08-08T09:22:38Z,SYNTHETIC,2026-09-07T05:41:13.878427Z
TX001313,AC000335,AC000096,85763.55,2025-02-18T05:09:37Z,SYNTHETIC,2026-09-07T05:41:13.878433Z
TX001314,AC000030,AC000348,378380.51,2024-10-07T18:51:48Z,SYNTHETIC,2026-09-07T05:41:13.878439Z
TX001315,AC000239,AC000280,299102.56,2025-06-13T01:51:13Z,SYNTHETIC,2026-09-07T05:41:13.878444Z
TX001316,AC000092,AC000224,123142.74,2024-05-05T02:48:11Z,SYNTHETIC,2026-09-07T05:41:13.878450Z
TX001317,AC000059,AC000035,156104.68,2024-09-26T23:16:50Z,SYNTHETIC,2026-09-07T05:41:13.878456Z
TX001318,AC000003,AC000133,84010.66,2024-08-21T07:40:59Z,SYNTHETIC,2026-09-07T05:41:13.878474Z
TX001319,AC000024,AC000151,48496.48,2024-09-10T01:21:10Z,SYNTHETIC,2026-09-07T05:41:13.878480Z
TX001320,AC000054,AC000342,301030.59,2025-01-06T09:48:11Z,SYNTHETIC,2026-09-07T05:41:13.878488Z
TX001321,AC000204,AC000305,208711.2,2026-07-24T13:09:47Z,SYNTHETIC,2026-09-07T05:41:13.878494Z
TX001322,AC000156,AC000166,174161.81,2025-02-25T10:38:39Z,SYNTHETIC,2026-09-07T05:41:13.878500Z
TX001323,AC000206,AC000352,6462.52,2025-11-08T05:09:46Z,SYNTHETIC,2026-09-07T05:41:13.878506Z
TX001324,AC000143,AC000160,411685.66,2026-05-10T13:29:07Z,SYNTHETIC,2026-09-07T05:41:13.878511Z
TX001325,AC000138,AC000211,223279.47,2024-08-29T10:35:17Z,SYNTHETIC,2026-09-07T05:41:13.878517Z
TX001326,AC000282,AC000112,296008.85,2026-08-23T08:50:42Z,SYNTHETIC,2026-09-07T05:41:13.878523Z
TX001327,AC000311,AC000013,10957.17,2025-06-02T15:15:38Z,SYNTHETIC,2026-09-07T05:41:13.878529Z
TX001328,AC000076,AC000324,173731.6,2025-03-19T06:57:04Z,SYNTHETIC,2026-09-07T05:41:13.878534Z
TX001329,AC000341,AC000032,270310.25,2024-01-05T00:01:18Z,SYNTHETIC,2026-09-07T05:41:13.878540Z
TX001330,AC000143,AC000120,466427.86,2026-06-18T10:07:18Z,SYNTHETIC,2026-09-07T05:41:13.878548Z
TX001331,AC000195,AC000025,261316.43,2024-10-17T05:24:42Z,SYNTHETIC,2026-09-07T05:41:13.878554Z
TX001332,AC000112,AC000212,25980.36,2025-05-18T23:32:08Z,SYNTHETIC,2026-09-07T05:41:13.878564Z
TX001333,AC000017,AC000088,364232.49,2024-05-01T21:15:39Z,SYNTHETIC,2026-09-07T05:41:13.878573Z
TX001334,AC000079,AC000210,360033.09,2024-02-11T00:07:07Z,SYNTHETIC,2026-09-07T05:41:13.878582Z
TX001335,AC000016,AC000028,85869.59,2025-08-31T16:37:05Z,SYNTHETIC,2026-09-07T05:41:13.878591Z
TX001336,AC000081,AC000072,495687.37,2024-10-10T11:42:32Z,SYNTHETIC,2026-09-07T05:41:13.878599Z
TX001337,AC000355,AC000272,173659.81,2024-08-21T14:28:12Z,SYNTHETIC,2026-09-07T05:41:13.878607Z
TX001338,AC000200,AC000123,454732.93,2024-08-26T15:44:11Z,SYNTHETIC,2026-09-07T05:41:13.878617Z
TX001339,AC000128,AC000299,491624.24,2024-05-13T00:33:30Z,SYNTHETIC,2026-09-07T05:41:13.878628Z
TX001340,AC000113,AC000062,318744.97,2025-05-14T10:57:23Z,SYNTHETIC,2026-09-07T05:41:13.878638Z
TX001341,AC000159,AC000087,201268.49,2025-11-05T09:55:51Z,SYNTHETIC,2026-09-07T05:41:13.878648Z
TX001342,AC000326,AC000358,453564.53,2024-08-05T17:18:22Z,SYNTHETIC,2026-09-07T05:41:13.878657Z
TX001343,AC000029,AC000168,38536.25,2025-04-28T00:56:59Z,SYNTHETIC,2026-09-07T05:41:13.878667Z
TX001344,AC000034,AC000202,475095.15,2024-10-25T01:53:35Z,SYNTHETIC,2026-09-07T05:41:13.878676Z
TX001345,AC000010,AC000201,466287.4,2024-04-12T06:22:58Z,SYNTHETIC,2026-09-07T05:41:13.878685Z
TX001346,AC000109,AC000326,486555.75,2025-02-28T19:02:12Z,SYNTHETIC,2026-09-07T05:41:13.878692Z
TX001347,AC000232,AC000249,354793.83,2025-12-05T11:29:36Z,SYNTHETIC,2026-09-07T05:41:13.878698Z
TX001348,AC000064,AC000171,6725.56,2026-02-23T06:55:46Z,SYNTHETIC,2026-09-07T05:41:13.878704Z
TX001349,AC000180,AC000156,466920.45,2024-10-20T10:29:56Z,SYNTHETIC,2026-09-07T05:41:13.878711Z
TX001350,AC000343,AC000009,35963.27,2025-06-27T23:31:43Z,SYNTHETIC,2026-09-07T05:41:13.878717Z
TX001351,AC000069,AC000218,379558.74,2024-12-22T07:55:25Z,SYNTHETIC,2026-09-07T05:41:13.878724Z
TX001352,AC000273,AC000215,196180.6,2026-02-15T05:41:40Z,SYNTHETIC,2026-09-07T05:41:13.878730Z
TX001353,AC000105,AC000214,405138.43,2024-05-31T00:17:09Z,SYNTHETIC,2026-09-07T05:41:13.878736Z
TX001354,AC000238,AC000354,226589.55,2024-07-26T16:28:14Z,SYNTHETIC,2026-09-07T05:41:13.878742Z
TX001355,AC000298,AC000085,457866.08,2026-04-09T23:10:54Z,SYNTHETIC,2026-09-07T05:41:13.878748Z
TX001356,AC000290,AC000186,60562.1,2025-02-09T12:16:12Z,SYNTHETIC,2026-09-07T05:41:13.878754Z
TX001357,AC000024,AC000074,27679.11,2026-04-17T23:08:30Z,SYNTHETIC,2026-09-07T05:41:13.878760Z
TX001358,AC000025,AC000314,496478.5,2024-11-06T13:18:33Z,SYNTHETIC,2026-09-07T05:41:13.878767Z
TX001359,AC000188,AC000176,461489.06,2025-03-20T12:23:44Z,SYNTHETIC,2026-09-07T05:41:13.878775Z
TX001360,AC000136,AC000170,472907.04,2025-07-14T07:50:20Z,SYNTHETIC,2026-09-07T05:41:13.878781Z
TX001361,AC000160,AC000079,221224.24,2024-04-12T07:08:56Z,SYNTHETIC,2026-09-07T05:41:13.878786Z
TX001362,AC000210,AC000229,282779.65,2026-01-04T03:20:58Z,SYNTHETIC,2026-09-07T05:41:13.878793Z
TX001363,AC000211,AC000234,16330.04,2026-01-13T16:37:09Z,SYNTHETIC,2026-09-07T05:41:13.878799Z
TX001364,AC000115,AC000283,388881.97,2025-10-02T21:30:31Z,SYNTHETIC,2026-09-07T05:41:13.878805Z
TX001365,AC000332,AC000094,228665.9,2025-04-15T06:37:36Z,SYNTHETIC,2026-09-07T05:41:13.878810Z
TX001366,AC000188,AC000247,312134.4,2025-09-23T00:50:25Z,SYNTHETIC,2026-09-07T05:41:13.878816Z
TX001367,AC000336,AC000076,433519.41,2026-04-13T19:22:42Z,SYNTHETIC,2026-09-07T05:41:13.878822Z
TX001368,AC000007,AC000392,100493.23,2026-03-28T15:38:05Z,SYNTHETIC,2026-09-07T05:41:13.878828Z
TX001369,AC000110,AC000085,301730.78,2026-05-21T22:36:52Z,SYNTHETIC,2026-09-07T05:41:13.878834Z
TX001370,AC000211,AC000067,288891.3,2024-04-08T13:08:45Z,SYNTHETIC,2026-09-07T05:41:13.878840Z
TX001371,AC000359,AC000090,209882.9,2026-08-07T19:28:19Z,SYNTHETIC,2026-09-07T05:41:13.878845Z
TX001372,AC000162,AC000318,61410.78,2025-05-31T17:18:29Z,SYNTHETIC,2026-09-07T05:41:13.878851Z
TX001373,AC000039,AC000351,227702.76,2026-08-18T22:19:47Z,SYNTHETIC,2026-09-07T05:41:13.878859Z
TX001374,AC000083,AC000218,165655.12,2025-04-06T02:46:37Z,SYNTHETIC,2026-09-07T05:41:13.878866Z
TX001375,AC000346,AC000156,200238.47,2024-07-29T07:45:56Z,SYNTHETIC,2026-09-07T05:41:13.878872Z
TX001376,AC000089,AC000181,186616.81,2024-08-17T10:42:08Z,SYNTHETIC,2026-09-07T05:41:13.878878Z
TX001377,AC000178,AC000090,457951.58,2026-03-13T12:23:28Z,SYNTHETIC,2026-09-07T05:41:13.878884Z
TX001378,AC000122,AC000360,225434.67,2025-04-23T11:34:15Z,SYNTHETIC,2026-09-07T05:41:13.878892Z
TX001379,AC000245,AC000065,37455.11,2025-01-29T10:31:29Z,SYNTHETIC,2026-09-07T05:41:13.878898Z
TX001380,AC000262,AC000106,431070.07,2025-02-16T12:03:29Z,SYNTHETIC,2026-09-07T05:41:13.878904Z
TX001381,AC000145,AC000005,358777.37,2024-11-23T08:08:16Z,SYNTHETIC,2026-09-07T05:41:13.878912Z
TX001382,AC000171,AC000208,99878.72,2025-05-28T04:20:17Z,SYNTHETIC,2026-09-07T05:41:13.878918Z
TX001383,AC000100,AC000169,475732.07,2024-07-17T06:15:54Z,SYNTHETIC,2026-09-07T05:41:13.878923Z
TX001384,AC000263,AC000117,356230.69,2026-04-06T21:04:50Z,SYNTHETIC,2026-09-07T05:41:13.878929Z
TX001385,AC000178,AC000179,151340.76,2024-07-23T20:55:12Z,SYNTHETIC,2026-09-07T05:41:13.878935Z
TX001386,AC000048,AC000088,421333.66,2025-12-16T00:35:55Z,SYNTHETIC,2026-09-07T05:41:13.878940Z
TX001387,AC000171,AC000312,471805.05,2025-01-08T10:47:26Z,SYNTHETIC,2026-09-07T05:41:13.878946Z
TX001388,AC000271,AC000257,66380.92,2026-01-02T20:50:32Z,SYNTHETIC,2026-09-07T05:41:13.878952Z
TX001389,AC000040,AC000299,305546.5,2026-03-23T18:24:24Z,SYNTHETIC,2026-09-07T05:41:13.878957Z
TX001390,AC000135,AC000016,255021.58,2024-11-04T11:27:20Z,SYNTHETIC,2026-09-07T05:41:13.878963Z
TX001391,AC000345,AC000101,126511.43,2026-06-03T07:05:46Z,SYNTHETIC,2026-09-07T05:41:13.878969Z
TX001392,AC000270,AC000198,261225.86,2024-06-12T15:03:29Z,SYNTHETIC,2026-09-07T05:41:13.878974Z
TX001393,AC000186,AC000046,10884.02,2024-05-11T08:42:21Z,SYNTHETIC,2026-09-07T05:41:13.878980Z
TX001394,AC000058,AC000285,490836.6,2024-04-16T02:35:05Z,SYNTHETIC,2026-09-07T05:41:13.878985Z
TX001395,AC000299,AC000219,133477.9,2024-10-05T22:58:33Z,SYNTHETIC,2026-09-07T05:41:13.878991Z
TX001396,AC000358,AC000361,236936.39,2025-02-20T03:55:35Z,SYNTHETIC,2026-09-07T05:41:13.878997Z
TX001397,AC000092,AC000302,367019.59,2024-10-29T17:45:09Z,SYNTHETIC,2026-09-07T05:41:13.879002Z
TX001398,AC000315,AC000058,227321.48,2024-02-02T01:08:15Z,SYNTHETIC,2026-09-07T05:41:13.879010Z
TX001399,AC000271,AC000325,109268.95,2024-12-15T13:48:52Z,SYNTHETIC,2026-09-07T05:41:13.879016Z
TX001400,AC000098,AC000074,7794.48,2024-06-12T03:36:06Z,SYNTHETIC,2026-09-07T05:41:13.879022Z
TX001401,AC000300,AC000362,370756.36,2026-07-25T02:23:23Z,SYNTHETIC,2026-09-07T05:41:13.879028Z
TX001402,AC000196,AC000356,19986,2025-11-24T10:44:10Z,SYNTHETIC,2026-09-07T05:41:13.879035Z
TX001403,AC000227,AC000133,162818.1,2024-12-30T10:36:57Z,SYNTHETIC,2026-09-07T05:41:13.879040Z
TX001404,AC000197,AC000318,388830.95,2024-03-20T11:05:36Z,SYNTHETIC,2026-09-07T05:41:13.879046Z
TX001405,AC000236,AC000123,222155.91,2025-07-14T22:52:01Z,SYNTHETIC,2026-09-07T05:41:13.879052Z
TX001406,AC000287,AC000233,384004.42,2024-06-23T03:21:30Z,SYNTHETIC,2026-09-07T05:41:13.879062Z
TX001407,AC000113,AC000152,16954.14,2026-03-28T01:33:39Z,SYNTHETIC,2026-09-07T05:41:13.879067Z
TX001408,AC000106,AC000062,31298.58,2024-11-25T05:59:20Z,SYNTHETIC,2026-09-07T05:41:13.879073Z
TX001409,AC000273,AC000003,443964.84,2025-05-10T01:29:47Z,SYNTHETIC,2026-09-07T05:41:13.879079Z
TX001410,AC000199,AC000342,482672.3,2024-10-20T14:25:15Z,SYNTHETIC,2026-09-07T05:41:13.879085Z
TX001411,AC000142,AC000068,244507.1,2024-11-03T19:20:59Z,SYNTHETIC,2026-09-07T05:41:13.879091Z
TX001412,AC000247,AC000021,332622.15,2026-03-31T03:01:17Z,SYNTHETIC,2026-09-07T05:41:13.879098Z
TX001413,AC000163,AC000184,341241.83,2024-01-15T13:49:37Z,SYNTHETIC,2026-09-07T05:41:13.879106Z
TX001414,AC000108,AC000296,127178.57,2024-07-16T08:52:34Z,SYNTHETIC,2026-09-07T05:41:13.879111Z
TX001415,AC000221,AC000064,65461.15,2026-06-25T10:05:41Z,SYNTHETIC,2026-09-07T05:41:13.879120Z
TX001416,AC000334,AC000176,89161.91,2024-01-21T11:16:11Z,SYNTHETIC,2026-09-07T05:41:13.879125Z
TX001417,AC000065,AC000107,459722.54,2024-03-18T16:24:14Z,SYNTHETIC,2026-09-07T05:41:13.879134Z
TX001418,AC000246,AC000342,381304.83,2024-08-09T15:41:14Z,SYNTHETIC,2026-09-07T05:41:13.879140Z
TX001419,AC000017,AC000325,454344.38,2025-04-13T23:32:29Z,SYNTHETIC,2026-09-07T05:41:13.879146Z
TX001420,AC000219,AC000025,398148.55,2024-02-04T14:03:22Z,SYNTHETIC,2026-09-07T05:41:13.879152Z
TX001421,AC000126,AC000054,166046.7,2025-09-08T00:08:18Z,SYNTHETIC,2026-09-07T05:41:13.879158Z
TX001422,AC000034,AC000005,332696.49,2024-02-06T17:35:34Z,SYNTHETIC,2026-09-07T05:41:13.879163Z
TX001423,AC000196,AC000049,145085.28,2024-10-13T15:49:39Z,SYNTHETIC,2026-09-07T05:41:13.879169Z
TX001424,AC000294,AC000124,41614.72,2025-11-29T19:56:02Z,SYNTHETIC,2026-09-07T05:41:13.879175Z
TX001425,AC000300,AC000031,372060.94,2026-02-27T16:05:56Z,SYNTHETIC,2026-09-07T05:41:13.879181Z
TX001426,AC000053,AC000210,422793.29,2026-04-07T11:12:41Z,SYNTHETIC,2026-09-07T05:41:13.879187Z
TX001427,AC000261,AC000185,222363.76,2025-01-28T02:23:56Z,SYNTHETIC,2026-09-07T05:41:13.879193Z
TX001428,AC000156,AC000284,108234.06,2024-10-13T08:19:51Z,SYNTHETIC,2026-09-07T05:41:13.879198Z
TX001429,AC000237,AC000315,39584.55,2025-06-13T12:24:34Z,SYNTHETIC,2026-09-07T05:41:13.879204Z
TX001430,AC000280,AC000220,485713.41,2025-07-17T14:06:22Z,SYNTHETIC,2026-09-07T05:41:13.879209Z
TX001431,AC000159,AC000326,450689.14,2026-07-16T22:17:10Z,SYNTHETIC,2026-09-07T05:41:13.879215Z
TX001432,AC000338,AC000133,28088.66,2024-02-18T20:13:50Z,SYNTHETIC,2026-09-07T05:41:13.879221Z
TX001433,AC000032,AC000190,253150.98,2024-02-28T01:53:34Z,SYNTHETIC,2026-09-07T05:41:13.879227Z
TX001434,AC000026,AC000186,463512.81,2026-05-21T10:59:02Z,SYNTHETIC,2026-09-07T05:41:13.879232Z
TX001435,AC000037,AC000111,285188.26,2026-02-20T08:34:27Z,SYNTHETIC,2026-09-07T05:41:13.879238Z
TX001436,AC000332,AC000231,496668.34,2024-06-24T13:51:21Z,SYNTHETIC,2026-09-07T05:41:13.879244Z
TX001437,AC000175,AC000038,483777.34,2024-11-11T00:11:37Z,SYNTHETIC,2026-09-07T05:41:13.879251Z
TX001438,AC000220,AC000102,106740.36,2024-11-21T01:53:43Z,SYNTHETIC,2026-09-07T05:41:13.879257Z
TX001439,AC000259,AC000022,122925.03,2026-02-22T04:02:24Z,SYNTHETIC,2026-09-07T05:41:13.879263Z
TX001440,AC000111,AC000088,313168.03,2025-01-11T15:04:53Z,SYNTHETIC,2026-09-07T05:41:13.879268Z
TX001441,AC000247,AC000359,403882.84,2025-06-21T07:42:55Z,SYNTHETIC,2026-09-07T05:41:13.879274Z
TX001442,AC000339,AC000096,208071.7,2025-04-05T11:29:45Z,SYNTHETIC,2026-09-07T05:41:13.879280Z
TX001443,AC000100,AC000097,356110.39,2026-01-03T19:43:30Z,SYNTHETIC,2026-09-07T05:41:13.879285Z
TX001444,AC000051,AC000247,107158.85,2025-02-03T17:33:53Z,SYNTHETIC,2026-09-07T05:41:13.879291Z
TX001445,AC000268,AC000326,28853.64,2025-03-19T08:40:40Z,SYNTHETIC,2026-09-07T05:41:13.879298Z
TX001446,AC000283,AC000194,368744.48,2024-08-22T05:43:21Z,SYNTHETIC,2026-09-07T05:41:13.879304Z
TX001447,AC000238,AC000345,285880.29,2026-06-19T05:30:29Z,SYNTHETIC,2026-09-07T05:41:13.879310Z
TX001448,AC000095,AC000050,461988.09,2025-10-15T15:53:14Z,SYNTHETIC,2026-09-07T05:41:13.879315Z
TX001449,AC000313,AC000083,17276.6,2025-06-10T22:49:56Z,SYNTHETIC,2026-09-07T05:41:13.879321Z
TX001450,AC000319,AC000021,474875.88,2024-05-05T07:49:09Z,SYNTHETIC,2026-09-07T05:41:13.879327Z
TX001451,AC000069,AC000108,361713.08,2026-08-30T00:48:08Z,SYNTHETIC,2026-09-07T05:41:13.879333Z
TX001452,AC000362,AC000196,190691.31,2024-03-23T13:50:22Z,SYNTHETIC,2026-09-07T05:41:13.879338Z
TX001453,AC000107,AC000029,155314.73,2024-09-23T18:21:35Z,SYNTHETIC,2026-09-07T05:41:13.879344Z
TX001454,AC000229,AC000200,358758.14,2026-06-08T02:21:46Z,SYNTHETIC,2026-09-07T05:41:13.879350Z
TX001455,AC000124,AC000141,401660.51,2026-02-18T20:30:05Z,SYNTHETIC,2026-09-07T05:41:13.879356Z
TX001456,AC000162,AC000273,201303.89,2024-11-30T23:14:21Z,SYNTHETIC,2026-09-07T05:41:13.879363Z
TX001457,AC000069,AC000246,328592.2,2024-03-31T15:57:12Z,SYNTHETIC,2026-09-07T05:41:13.879369Z
TX001458,AC000322,AC000168,118577.91,2025-09-10T18:48:53Z,SYNTHETIC,2026-09-07T05:41:13.879377Z
TX001459,AC000181,AC000087,174309.42,2026-07-08T00:47:39Z,SYNTHETIC,2026-09-07T05:41:13.879383Z
TX001460,AC000206,AC000102,54593.59,2025-08-16T06:52:49Z,SYNTHETIC,2026-09-07T05:41:13.879388Z
TX001461,AC000185,AC000206,420997.39,2025-02-16T15:39:42Z,SYNTHETIC,2026-09-07T05:41:13.879394Z
TX001462,AC000351,AC000302,119334.83,2024-01-17T16:23:43Z,SYNTHETIC,2026-09-07T05:41:13.879400Z
TX001463,AC000087,AC000356,435339.61,2024-01-08T17:23:43Z,SYNTHETIC,2026-09-07T05:41:13.879406Z
TX001464,AC000280,AC000144,260318.99,2025-11-20T19:24:52Z,SYNTHETIC,2026-09-07T05:41:13.879412Z
TX001465,AC000006,AC000064,81784.72,2024-11-10T21:02:34Z,SYNTHETIC,2026-09-07T05:41:13.879417Z
TX001466,AC000281,AC000274,423576.86,2025-12-13T09:37:56Z,SYNTHETIC,2026-09-07T05:41:13.879423Z
TX001467,AC000074,AC000167,363594.88,2024-06-13T21:26:48Z,SYNTHETIC,2026-09-07T05:41:13.879429Z
TX001468,AC000070,AC000138,320723.07,2024-12-21T08:39:24Z,SYNTHETIC,2026-09-07T05:41:13.879435Z
TX001469,AC000300,AC000051,436033.63,2024-05-01T02:41:36Z,SYNTHETIC,2026-09-07T05:41:13.879440Z
TX001470,AC000045,AC000062,447420.3,2024-04-20T23:38:48Z,SYNTHETIC,2026-09-07T05:41:13.879446Z
TX001471,AC000305,AC000364,295191.95,2024-12-22T17:46:28Z,SYNTHETIC,2026-09-07T05:41:13.879452Z
TX001472,AC000239,AC000109,466576.54,2025-04-08T14:21:01Z,SYNTHETIC,2026-09-07T05:41:13.879457Z
TX001473,AC000233,AC000208,486321.4,2025-09-19T09:09:20Z,SYNTHETIC,2026-09-07T05:41:13.879463Z
TX001474,AC000258,AC000146,60074.34,2025-04-14T14:00:02Z,SYNTHETIC,2026-09-07T05:41:13.879469Z
TX001475,AC000221,AC000243,474098.02,2026-05-08T16:21:07Z,SYNTHETIC,2026-09-07T05:41:13.879475Z
TX001476,AC000037,AC000119,208112.65,2025-01-07T10:28:47Z,SYNTHETIC,2026-09-07T05:41:13.879482Z
TX001477,AC000190,AC000332,49753.64,2025-05-09T10:18:04Z,SYNTHETIC,2026-09-07T05:41:13.879490Z
TX001478,AC000121,AC000304,8853.53,2024-01-19T22:07:27Z,SYNTHETIC,2026-09-07T05:41:13.879496Z
TX001479,AC000291,AC000202,146361.41,2024-03-25T12:03:54Z,SYNTHETIC,2026-09-07T05:41:13.879501Z
TX001480,AC000164,AC000187,179310.17,2024-01-12T18:04:13Z,SYNTHETIC,2026-09-07T05:41:13.879507Z
TX001481,AC000321,AC000086,53644.14,2026-01-17T13:04:15Z,SYNTHETIC,2026-09-07T05:41:13.879512Z
TX001482,AC000290,AC000118,79727.18,2024-08-28T23:33:21Z,SYNTHETIC,2026-09-07T05:41:13.879518Z
TX001483,AC000350,AC000303,65338.25,2024-05-12T00:11:51Z,SYNTHETIC,2026-09-07T05:41:13.879524Z
TX001484,AC000069,AC000285,361235.29,2024-09-01T18:06:37Z,SYNTHETIC,2026-09-07T05:41:13.879529Z
TX001485,AC000178,AC000213,413345.41,2025-05-23T22:32:23Z,SYNTHETIC,2026-09-07T05:41:13.879536Z
TX001486,AC000300,AC000361,339106.45,2024-04-17T19:46:19Z,SYNTHETIC,2026-09-07T05:41:13.879543Z
TX001487,AC000272,AC000176,334243.88,2025-09-29T17:37:20Z,SYNTHETIC,2026-09-07T05:41:13.879549Z
TX001488,AC000333,AC000060,156885.79,2024-11-21T22:28:51Z,SYNTHETIC,2026-09-07T05:41:13.879554Z
TX001489,AC000100,AC000306,265157.36,2025-04-01T23:56:16Z,SYNTHETIC,2026-09-07T05:41:13.879560Z
TX001490,AC000148,AC000201,199055.1,2025-06-11T22:42:32Z,SYNTHETIC,2026-09-07T05:41:13.879566Z
TX001491,AC000158,AC000263,418707.81,2025-04-25T13:53:54Z,SYNTHETIC,2026-09-07T05:41:13.879572Z
TX001492,AC000094,AC000231,58678.03,2025-02-12T00:55:24Z,SYNTHETIC,2026-09-07T05:41:13.879578Z
TX001493,AC000309,AC000025,326471.04,2026-01-13T11:09:44Z,SYNTHETIC,2026-09-07T05:41:13.879584Z
TX001494,AC000124,AC000208,270432.88,2025-10-25T05:52:13Z,SYNTHETIC,2026-09-07T05:41:13.879589Z
TX001495,AC000223,AC000217,302263.81,2024-07-28T23:53:53Z,SYNTHETIC,2026-09-07T05:41:13.879596Z
TX001496,AC000198,AC000283,375818.23,2024-06-12T22:16:30Z,SYNTHETIC,2026-09-07T05:41:13.879602Z
TX001497,AC000067,AC000314,102393.52,2026-08-17T05:04:16Z,SYNTHETIC,2026-09-07T05:41:13.879608Z
TX001498,AC000010,AC000216,249108.38,2025-05-13T11:58:40Z,SYNTHETIC,2026-09-07T05:41:13.879613Z
TX001499,AC000018,AC000153,11964.66,2025-12-03T03:11:55Z,SYNTHETIC,2026-09-07T05:41:13.879619Z
TX001500,AC000189,AC000160,316505.16,2025-08-04T18:50:49Z,SYNTHETIC,2026-09-07T05:41:13.879626Z
TX001501,AC000018,AC000123,53289.39,2024-06-07T02:03:58Z,SYNTHETIC,2026-09-07T05:41:13.879632Z
TX001502,AC000153,AC000349,148721.4,2026-03-17T15:17:56Z,SYNTHETIC,2026-09-07T05:41:13.879637Z
TX001503,AC000183,AC000217,141159.14,2025-06-17T10:16:04Z,SYNTHETIC,2026-09-07T05:41:13.879643Z
TX001504,AC000126,AC000066,252095.07,2025-10-08T07:30:00Z,SYNTHETIC,2026-09-07T05:41:13.879648Z
TX001505,AC000320,AC000064,164456.67,2025-04-12T06:14:04Z,SYNTHETIC,2026-09-07T05:41:13.879654Z
TX001506,AC000085,AC000233,53669.61,2026-03-03T01:27:46Z,SYNTHETIC,2026-09-07T05:41:13.879660Z
TX001507,AC000186,AC000320,379041.09,2025-02-12T12:20:54Z,SYNTHETIC,2026-09-07T05:41:13.879665Z
TX001508,AC000140,AC000100,421674.91,2026-03-15T21:14:14Z,SYNTHETIC,2026-09-07T05:41:13.879671Z
TX001509,AC000302,AC000250,322630.05,2024-03-15T16:32:07Z,SYNTHETIC,2026-09-07T05:41:13.879678Z
TX001510,AC000347,AC000181,445120.64,2025-01-17T00:35:40Z,SYNTHETIC,2026-09-07T05:41:13.879684Z
TX001511,AC000070,AC000102,466458.5,2024-03-31T00:14:56Z,SYNTHETIC,2026-09-07T05:41:13.879689Z
TX001512,AC000062,AC000093,310759.87,2025-04-22T21:28:29Z,SYNTHETIC,2026-09-07T05:41:13.879695Z
TX001513,AC000148,AC000185,228240,2024-08-29T07:29:52Z,SYNTHETIC,2026-09-07T05:41:13.879701Z
TX001514,AC000300,AC000286,443529.53,2025-10-23T20:37:23Z,SYNTHETIC,2026-09-07T05:41:13.879707Z
TX001515,AC000103,AC000306,482561.06,2024-06-17T15:27:09Z,SYNTHETIC,2026-09-07T05:41:13.879714Z
TX001516,AC000287,AC000224,208536.73,2025-01-23T13:10:12Z,SYNTHETIC,2026-09-07T05:41:13.879720Z
TX001517,AC000113,AC000039,68622.64,2025-09-10T10:30:10Z,SYNTHETIC,2026-09-07T05:41:13.879727Z
TX001518,AC000210,AC000318,225117.84,2024-01-16T16:03:53Z,SYNTHETIC,2026-09-07T05:41:13.879732Z
TX001519,AC000279,AC000352,153078.85,2026-01-12T13:08:48Z,SYNTHETIC,2026-09-07T05:41:13.879738Z
TX001520,AC000272,AC000351,16924.49,2026-02-11T23:28:08Z,SYNTHETIC,2026-09-07T05:41:13.879744Z
TX001521,AC000281,AC000077,189589.77,2025-11-10T17:23:59Z,SYNTHETIC,2026-09-07T05:41:13.879749Z
TX001522,AC000331,AC000081,235091.59,2024-08-21T21:57:43Z,SYNTHETIC,2026-09-07T05:41:13.879754Z
TX001523,AC000353,AC000216,317920.62,2024-06-28T19:42:40Z,SYNTHETIC,2026-09-07T05:41:13.879760Z
TX001524,AC000354,AC000171,374213.99,2025-06-17T08:31:17Z,SYNTHETIC,2026-09-07T05:41:13.879766Z
TX001525,AC000217,AC000234,327705.76,2026-04-10T17:54:58Z,SYNTHETIC,2026-09-07T05:41:13.879771Z
TX001526,AC000274,AC000197,227206.14,2026-03-28T10:00:16Z,SYNTHETIC,2026-09-07T05:41:13.879777Z
TX001527,AC000197,AC000205,348871.32,2024-12-20T14:47:10Z,SYNTHETIC,2026-09-07T05:41:13.879783Z
TX001528,AC000177,AC000210,91391.62,2025-05-19T01:59:21Z,SYNTHETIC,2026-09-07T05:41:13.879788Z
TX001529,AC000291,AC000344,41913.19,2024-09-17T19:43:56Z,SYNTHETIC,2026-09-07T05:41:13.879794Z
TX001530,AC000079,AC000352,200950.42,2024-09-19T15:04:07Z,SYNTHETIC,2026-09-07T05:41:13.879800Z
TX001531,AC000355,AC000306,23297.38,2024-10-02T01:48:11Z,SYNTHETIC,2026-09-07T05:41:13.879805Z
TX001532,AC000211,AC000111,368215.03,2026-02-20T15:38:43Z,SYNTHETIC,2026-09-07T05:41:13.879810Z
TX001533,AC000088,AC000156,321885.48,2025-08-02T03:49:30Z,SYNTHETIC,2026-09-07T05:41:13.879816Z
TX001534,AC000158,AC000068,107203.04,2025-12-18T00:46:06Z,SYNTHETIC,2026-09-07T05:41:13.879823Z
TX001535,AC000248,AC000068,67740.69,2025-10-07T17:49:41Z,SYNTHETIC,2026-09-07T05:41:13.879829Z
TX001536,AC000300,AC000137,7786.04,2026-08-03T15:02:24Z,SYNTHETIC,2026-09-07T05:41:13.879835Z
TX001537,AC000219,AC000028,264676.75,2026-08-12T10:32:39Z,SYNTHETIC,2026-09-07T05:41:13.879841Z
TX001538,AC000131,AC000327,85353.49,2025-10-16T10:20:30Z,SYNTHETIC,2026-09-07T05:41:13.879847Z
TX001539,AC000192,AC000037,15738.33,2026-08-29T23:10:01Z,SYNTHETIC,2026-09-07T05:41:13.879853Z
TX001540,AC000360,AC000185,123905.85,2026-06-24T22:59:36Z,SYNTHETIC,2026-09-07T05:41:13.879859Z
TX001541,AC000047,AC000115,241898.67,2024-03-01T23:19:12Z,SYNTHETIC,2026-09-07T05:41:13.879866Z
TX001542,AC000237,AC000088,149397.41,2025-08-10T12:57:57Z,SYNTHETIC,2026-09-07T05:41:13.879873Z
TX001543,AC000013,AC000205,457324.82,2025-09-18T18:28:05Z,SYNTHETIC,2026-09-07T05:41:13.879881Z
TX001544,AC000319,AC000074,400469.63,2026-05-06T18:54:56Z,SYNTHETIC,2026-09-07T05:41:13.879887Z
TX001545,AC000134,AC000218,284974.48,2025-06-20T11:52:50Z,SYNTHETIC,2026-09-07T05:41:13.879892Z
TX001546,AC000257,AC000067,185090.42,2024-01-02T19:25:03Z,SYNTHETIC,2026-09-07T05:41:13.879897Z
TX001547,AC000354,AC000258,296489.79,2025-06-04T22:39:18Z,SYNTHETIC,2026-09-07T05:41:13.879903Z
TX001548,AC000283,AC000206,466429.99,2026-08-11T10:49:20Z,SYNTHETIC,2026-09-07T05:41:13.879909Z
TX001549,AC000262,AC000231,454114.17,2026-07-02T12:16:50Z,SYNTHETIC,2026-09-07T05:41:13.879915Z
TX001550,AC000031,AC000174,233147.58,2026-06-01T19:04:10Z,SYNTHETIC,2026-09-07T05:41:13.879921Z
TX001551,AC000013,AC000197,11288.85,2024-12-30T01:11:56Z,SYNTHETIC,2026-09-07T05:41:13.879927Z
TX001552,AC000293,AC000257,280975.31,2025-03-19T23:16:36Z,SYNTHETIC,2026-09-07T05:41:13.879932Z
TX001553,AC000287,AC000165,352675.31,2026-02-13T20:44:27Z,SYNTHETIC,2026-09-07T05:41:13.879938Z
TX001554,AC000141,AC000276,22292.27,2026-07-13T10:56:36Z,SYNTHETIC,2026-09-07T05:41:13.879945Z
TX001555,AC000146,AC000169,124682.6,2024-10-04T06:54:09Z,SYNTHETIC,2026-09-07T05:41:13.879951Z
TX001556,AC000359,AC000263,227503.78,2026-01-06T21:20:33Z,SYNTHETIC,2026-09-07T05:41:13.879957Z
TX001557,AC000338,AC000110,99326.68,2026-02-07T18:26:51Z,SYNTHETIC,2026-09-07T05:41:13.879962Z
TX001558,AC000257,AC000202,99708.75,2025-06-18T21:56:54Z,SYNTHETIC,2026-09-07T05:41:13.879968Z
TX001559,AC000042,AC000306,22545.18,2024-05-12T12:58:33Z,SYNTHETIC,2026-09-07T05:41:13.879975Z
TX001560,AC000284,AC000025,70667.43,2025-11-26T01:38:45Z,SYNTHETIC,2026-09-07T05:41:13.879980Z
TX001561,AC000356,AC000279,105142.27,2024-05-16T01:04:56Z,SYNTHETIC,2026-09-07T05:41:13.879986Z
TX001562,AC000353,AC000029,458976.93,2026-08-16T01:10:23Z,SYNTHETIC,2026-09-07T05:41:13.879991Z
TX001563,AC000064,AC000016,391994.47,2025-11-04T01:20:25Z,SYNTHETIC,2026-09-07T05:41:13.879997Z
TX001564,AC000086,AC000336,15496.62,2024-10-16T09:23:14Z,SYNTHETIC,2026-09-07T05:41:13.880002Z
TX001565,AC000248,AC000034,145073.23,2024-08-22T07:43:11Z,SYNTHETIC,2026-09-07T05:41:13.880008Z
TX001566,AC000085,AC000125,221951.5,2026-04-01T23:01:57Z,SYNTHETIC,2026-09-07T05:41:13.880014Z
TX001567,AC000075,AC000138,29765.34,2024-05-01T07:02:00Z,SYNTHETIC,2026-09-07T05:41:13.880019Z
TX001568,AC000148,AC000035,367687.56,2024-04-15T10:35:11Z,SYNTHETIC,2026-09-07T05:41:13.880024Z
TX001569,AC000307,AC000103,126219.66,2025-01-13T18:06:18Z,SYNTHETIC,2026-09-07T05:41:13.880030Z
TX001570,AC000346,AC000282,54811.43,2026-03-25T11:32:26Z,SYNTHETIC,2026-09-07T05:41:13.880036Z
TX001571,AC000053,AC000246,236672.38,2024-07-03T13:33:22Z,SYNTHETIC,2026-09-07T05:41:13.880042Z
TX001572,AC000350,AC000163,297182.49,2024-09-21T02:39:10Z,SYNTHETIC,2026-09-07T05:41:13.880048Z
TX001573,AC000081,AC000054,136491.08,2025-07-05T00:34:26Z,SYNTHETIC,2026-09-07T05:41:13.880059Z
TX001574,AC000117,AC000353,331117.62,2026-04-27T06:35:42Z,SYNTHETIC,2026-09-07T05:41:13.880065Z
TX001575,AC000003,AC000160,306923.1,2024-01-08T08:37:36Z,SYNTHETIC,2026-09-07T05:41:13.880071Z
TX001576,AC000191,AC000296,266726.51,2024-10-09T13:16:33Z,SYNTHETIC,2026-09-07T05:41:13.880077Z
TX001577,AC000315,AC000271,48504.26,2025-10-20T18:24:53Z,SYNTHETIC,2026-09-07T05:41:13.880083Z
TX001578,AC000141,AC000055,339706.05,2026-06-24T13:19:06Z,SYNTHETIC,2026-09-07T05:41:13.880089Z
TX001579,AC000053,AC000223,282927.88,2026-08-10T04:39:24Z,SYNTHETIC,2026-09-07T05:41:13.880096Z
TX001580,AC000121,AC000348,48794.1,2024-05-24T15:37:07Z,SYNTHETIC,2026-09-07T05:41:13.880102Z
TX001581,AC000111,AC000017,289718.65,2026-03-11T07:09:35Z,SYNTHETIC,2026-09-07T05:41:13.880108Z
TX001582,AC000021,AC000208,169830.3,2026-04-09T21:42:38Z,SYNTHETIC,2026-09-07T05:41:13.880113Z
TX001583,AC000079,AC000151,215773.83,2024-06-04T05:24:52Z,SYNTHETIC,2026-09-07T05:41:13.880119Z
TX001584,AC000143,AC000126,121217.27,2025-09-21T22:35:30Z,SYNTHETIC,2026-09-07T05:41:13.880125Z
TX001585,AC000197,AC000360,103344.2,2025-06-15T07:09:53Z,SYNTHETIC,2026-09-07T05:41:13.880132Z
TX001586,AC000114,AC000023,307870.92,2024-08-18T08:55:21Z,SYNTHETIC,2026-09-07T05:41:13.880143Z
TX001587,AC000067,AC000120,69192.56,2026-05-09T08:57:48Z,SYNTHETIC,2026-09-07T05:41:13.880148Z
TX001588,AC000171,AC000197,151389.17,2024-09-17T11:55:43Z,SYNTHETIC,2026-09-07T05:41:13.880154Z
TX001589,AC000045,AC000154,154353.43,2025-01-30T10:17:09Z,SYNTHETIC,2026-09-07T05:41:13.880160Z
TX001590,AC000042,AC000091,417368.18,2025-06-22T17:35:17Z,SYNTHETIC,2026-09-07T05:41:13.880165Z
TX001591,AC000302,AC000061,331071.63,2025-12-25T16:02:13Z,SYNTHETIC,2026-09-07T05:41:13.880171Z
TX001592,AC000249,AC000070,450767.63,2025-07-05T05:54:18Z,SYNTHETIC,2026-09-07T05:41:13.880176Z
TX001593,AC000085,AC000346,94116.18,2025-04-15T19:55:30Z,SYNTHETIC,2026-09-07T05:41:13.880183Z
TX001594,AC000088,AC000309,498879.31,2025-10-23T01:08:02Z,SYNTHETIC,2026-09-07T05:41:13.880189Z
TX001595,AC000027,AC000343,481687.84,2024-05-13T01:26:58Z,SYNTHETIC,2026-09-07T05:41:13.880195Z
TX001596,AC000237,AC000228,99016.93,2025-01-05T10:36:48Z,SYNTHETIC,2026-09-07T05:41:13.880201Z
TX001597,AC000083,AC000309,352448.2,2025-10-23T05:44:11Z,SYNTHETIC,2026-09-07T05:41:13.880206Z
TX001598,AC000155,AC000079,170740.17,2026-08-12T07:59:54Z,SYNTHETIC,2026-09-07T05:41:13.880212Z
TX001599,AC000096,AC000204,430586.58,2024-09-29T01:42:29Z,SYNTHETIC,2026-09-07T05:41:13.880218Z
TX001600,AC000002,AC000199,270899.47,2024-04-19T13:50:42Z,SYNTHETIC,2026-09-07T05:41:13.880224Z
TX001601,AC000216,AC000334,280519.59,2026-08-15T10:50:16Z,SYNTHETIC,2026-09-07T05:41:13.880230Z
TX001602,AC000226,AC000243,443753.49,2026-04-13T17:57:47Z,SYNTHETIC,2026-09-07T05:41:13.880235Z
TX001603,AC000337,AC000352,198103.91,2025-04-15T07:35:48Z,SYNTHETIC,2026-09-07T05:41:13.880241Z
TX001604,AC000364,AC000348,446893.66,2025-04-29T09:22:49Z,SYNTHETIC,2026-09-07T05:41:13.880248Z
TX001605,AC000164,AC000120,440682.86,2024-08-30T12:52:04Z,SYNTHETIC,2026-09-07T05:41:13.880255Z
TX001606,AC000139,AC000325,454939.67,2026-02-09T03:58:59Z,SYNTHETIC,2026-09-07T05:41:13.880260Z
TX001607,AC000035,AC000027,384847.83,2025-04-11T12:40:15Z,SYNTHETIC,2026-09-07T05:41:13.880266Z
TX001608,AC000002,AC000225,447546.08,2024-03-12T01:21:29Z,SYNTHETIC,2026-09-07T05:41:13.880272Z
TX001609,AC000047,AC000085,432413.62,2025-11-26T06:16:14Z,SYNTHETIC,2026-09-07T05:41:13.880278Z
TX001610,AC000154,AC000213,85784.63,2025-08-07T14:20:44Z,SYNTHETIC,2026-09-07T05:41:13.880284Z
TX001611,AC000164,AC000280,165309.44,2025-01-26T10:13:32Z,SYNTHETIC,2026-09-07T05:41:13.880290Z
TX001612,AC000056,AC000352,499345.99,2025-05-25T19:40:51Z,SYNTHETIC,2026-09-07T05:41:13.880306Z
TX001613,AC000129,AC000289,297976.39,2024-08-23T23:03:51Z,SYNTHETIC,2026-09-07T05:41:13.880316Z
TX001614,AC000066,AC000363,127508.94,2024-01-04T10:58:44Z,SYNTHETIC,2026-09-07T05:41:13.880322Z
TX001615,AC000059,AC000119,316967.37,2024-07-02T03:14:01Z,SYNTHETIC,2026-09-07T05:41:13.880329Z
TX001616,AC000106,AC000112,296253.14,2025-08-10T17:31:18Z,SYNTHETIC,2026-09-07T05:41:13.880336Z
TX001617,AC000219,AC000350,153037.5,2024-01-17T13:43:56Z,SYNTHETIC,2026-09-07T05:41:13.880343Z
TX001618,AC000131,AC000267,304273.24,2024-12-26T23:47:09Z,SYNTHETIC,2026-09-07T05:41:13.880349Z
TX001619,AC000030,AC000107,32593.51,2024-07-27T01:15:04Z,SYNTHETIC,2026-09-07T05:41:13.880355Z
TX001620,AC000188,AC000352,243352.27,2025-05-10T09:06:38Z,SYNTHETIC,2026-09-07T05:41:13.880361Z
TX001621,AC000078,AC000247,433859.77,2024-08-06T02:43:34Z,SYNTHETIC,2026-09-07T05:41:13.880367Z
TX001622,AC000207,AC000203,461649.41,2025-01-12T07:44:08Z,SYNTHETIC,2026-09-07T05:41:13.880373Z
TX001623,AC000030,AC000298,457248.8,2024-02-19T05:00:17Z,SYNTHETIC,2026-09-07T05:41:13.880379Z
TX001624,AC000219,AC000236,321327.63,2024-07-05T21:36:55Z,SYNTHETIC,2026-09-07T05:41:13.880385Z
TX001625,AC000142,AC000052,383979.12,2024-05-13T09:27:43Z,SYNTHETIC,2026-09-07T05:41:13.880391Z
TX001626,AC000058,AC000336,434319.24,2025-05-08T08:36:55Z,SYNTHETIC,2026-09-07T05:41:13.880397Z
TX001627,AC000031,AC000043,231675.55,2024-03-10T23:37:31Z,SYNTHETIC,2026-09-07T05:41:13.880403Z
TX001628,AC000258,AC000057,470330.91,2025-06-10T06:36:28Z,SYNTHETIC,2026-09-07T05:41:13.880410Z
TX001629,AC000290,AC000217,272986.86,2025-05-06T02:27:06Z,SYNTHETIC,2026-09-07T05:41:13.880416Z
TX001630,AC000166,AC000359,309850.92,2025-02-27T02:15:59Z,SYNTHETIC,2026-09-07T05:41:13.880422Z
TX001631,AC000078,AC000009,392398.59,2024-10-01T20:30:13Z,SYNTHETIC,2026-09-07T05:41:13.880427Z
TX001632,AC000125,AC000334,338280.17,2025-07-23T21:07:02Z,SYNTHETIC,2026-09-07T05:41:13.880435Z
TX001633,AC000269,AC000310,56058.06,2025-05-12T00:05:00Z,SYNTHETIC,2026-09-07T05:41:13.880441Z
TX001634,AC000326,AC000194,268768.7,2024-09-18T13:56:04Z,SYNTHETIC,2026-09-07T05:41:13.880447Z
TX001635,AC000248,AC000325,388685.05,2025-01-19T23:49:44Z,SYNTHETIC,2026-09-07T05:41:13.880453Z
TX001636,AC000056,AC000164,186079.43,2024-06-29T13:30:35Z,SYNTHETIC,2026-09-07T05:41:13.880461Z
TX001637,AC000036,AC000334,366872.72,2024-05-03T12:57:50Z,SYNTHETIC,2026-09-07T05:41:13.880466Z
TX001638,AC000190,AC000250,299962.95,2024-07-20T11:39:36Z,SYNTHETIC,2026-09-07T05:41:13.880472Z
TX001639,AC000173,AC000015,350662.17,2025-08-25T10:10:43Z,SYNTHETIC,2026-09-07T05:41:13.880478Z
TX001640,AC000056,AC000359,193996.97,2024-10-13T00:16:11Z,SYNTHETIC,2026-09-07T05:41:13.880484Z
TX001641,AC000036,AC000031,103591.82,2024-08-17T22:44:52Z,SYNTHETIC,2026-09-07T05:41:13.880491Z
TX001642,AC000282,AC000190,312620.45,2024-01-17T15:56:04Z,SYNTHETIC,2026-09-07T05:41:13.880497Z
TX001643,AC000193,AC000002,322410.2,2025-03-15T21:15:20Z,SYNTHETIC,2026-09-07T05:41:13.880503Z
TX001644,AC000253,AC000276,364953.4,2025-09-01T22:19:44Z,SYNTHETIC,2026-09-07T05:41:13.880508Z
TX001645,AC000092,AC000130,34961.01,2024-01-11T20:12:51Z,SYNTHETIC,2026-09-07T05:41:13.880514Z
TX001646,AC000340,AC000166,343887.48,2025-06-14T12:06:35Z,SYNTHETIC,2026-09-07T05:41:13.880519Z
TX001647,AC000124,AC000185,385963.13,2024-11-18T06:26:28Z,SYNTHETIC,2026-09-07T05:41:13.880525Z
TX001648,AC000299,AC000171,48624.26,2026-03-20T05:56:00Z,SYNTHETIC,2026-09-07T05:41:13.880530Z
TX001649,AC000305,AC000110,80562.93,2025-05-22T08:46:51Z,SYNTHETIC,2026-09-07T05:41:13.880536Z
TX001650,AC000194,AC000183,65748.62,2026-07-13T20:49:41Z,SYNTHETIC,2026-09-07T05:41:13.880542Z
TX001651,AC000300,AC000204,108820.58,2025-03-18T23:34:02Z,SYNTHETIC,2026-09-07T05:41:13.880550Z
TX001652,AC000284,AC000206,372008.1,2026-04-01T21:14:07Z,SYNTHETIC,2026-09-07T05:41:13.880556Z
TX001653,AC000280,AC000192,216750.76,2024-08-29T14:07:47Z,SYNTHETIC,2026-09-07T05:41:13.880562Z
TX001654,AC000049,AC000165,453978.86,2026-04-29T05:44:15Z,SYNTHETIC,2026-09-07T05:41:13.880568Z
TX001655,AC000108,AC000220,440810.48,2026-01-25T20:46:16Z,SYNTHETIC,2026-09-07T05:41:13.880574Z
TX001656,AC000359,AC000325,489369.04,2024-06-02T00:53:18Z,SYNTHETIC,2026-09-07T05:41:13.880580Z
TX001657,AC000234,AC000224,409924.17,2026-02-14T07:07:03Z,SYNTHETIC,2026-09-07T05:41:13.880585Z
TX001658,AC000291,AC000308,323059.78,2025-06-30T08:27:51Z,SYNTHETIC,2026-09-07T05:41:13.880591Z
TX001659,AC000114,AC000341,140528.84,2024-03-11T17:26:35Z,SYNTHETIC,2026-09-07T05:41:13.880597Z
TX001660,AC000225,AC000258,119157.63,2025-07-06T16:49:23Z,SYNTHETIC,2026-09-07T05:41:13.880603Z
TX001661,AC000240,AC000129,143798.04,2026-07-19T02:01:36Z,SYNTHETIC,2026-09-07T05:41:13.880608Z
TX001662,AC000292,AC000355,468337.15,2024-08-14T06:27:42Z,SYNTHETIC,2026-09-07T05:41:13.880614Z
TX001663,AC000353,AC000208,358000.78,2025-12-16T08:47:01Z,SYNTHETIC,2026-09-07T05:41:13.880619Z
TX001664,AC000225,AC000321,319913.11,2024-06-08T07:19:33Z,SYNTHETIC,2026-09-07T05:41:13.880625Z
TX001665,AC000207,AC000223,37978.26,2024-03-24T23:35:13Z,SYNTHETIC,2026-09-07T05:41:13.880630Z
TX001666,AC000339,AC000122,145704.87,2026-03-16T11:48:16Z,SYNTHETIC,2026-09-07T05:41:13.880636Z
TX001667,AC000360,AC000099,417574.99,2025-03-22T05:45:59Z,SYNTHETIC,2026-09-07T05:41:13.880642Z
TX001668,AC000346,AC000079,451010.32,2025-03-01T09:58:32Z,SYNTHETIC,2026-09-07T05:41:13.880649Z
TX001669,AC000312,AC000277,497525.23,2024-06-29T22:43:18Z,SYNTHETIC,2026-09-07T05:41:13.880655Z
TX001670,AC000332,AC000190,145079.5,2025-08-26T12:55:10Z,SYNTHETIC,2026-09-07T05:41:13.880663Z
TX001671,AC000079,AC000144,316182.61,2025-09-14T21:31:02Z,SYNTHETIC,2026-09-07T05:41:13.880669Z
TX001672,AC000205,AC000120,109891,2024-10-06T16:07:54Z,SYNTHETIC,2026-09-07T05:41:13.880676Z
TX001673,AC000104,AC000151,157988.71,2024-11-17T12:23:53Z,SYNTHETIC,2026-09-07T05:41:13.880681Z
TX001674,AC000231,AC000056,391725.6,2025-04-29T00:27:25Z,SYNTHETIC,2026-09-07T05:41:13.880689Z
TX001675,AC000324,AC000072,297323.55,2024-11-28T06:39:46Z,SYNTHETIC,2026-09-07T05:41:13.880695Z
TX001676,AC000009,AC000172,472319.88,2026-06-12T13:15:19Z,SYNTHETIC,2026-09-07T05:41:13.880700Z
TX001677,AC000070,AC000103,279698.37,2024-09-07T19:42:58Z,SYNTHETIC,2026-09-07T05:41:13.880706Z
TX001678,AC000359,AC000138,88577.96,2026-04-15T13:04:56Z,SYNTHETIC,2026-09-07T05:41:13.880711Z
TX001679,AC000326,AC000003,264630.28,2025-01-12T02:50:21Z,SYNTHETIC,2026-09-07T05:41:13.880717Z
TX001680,AC000134,AC000255,310316.83,2024-01-14T12:09:05Z,SYNTHETIC,2026-09-07T05:41:13.880723Z
TX001681,AC000021,AC000066,281581.39,2026-04-08T13:21:42Z,SYNTHETIC,2026-09-07T05:41:13.880729Z
TX001682,AC000217,AC000050,158160.24,2025-04-06T04:48:59Z,SYNTHETIC,2026-09-07T05:41:13.880734Z
TX001683,AC000241,AC000161,357888.41,2025-10-24T04:48:14Z,SYNTHETIC,2026-09-07T05:41:13.880740Z
TX001684,AC000066,AC000147,467478.81,2024-04-05T09:55:22Z,SYNTHETIC,2026-09-07T05:41:13.880746Z
TX001685,AC000259,AC000015,335129.74,2024-09-03T11:16:20Z,SYNTHETIC,2026-09-07T05:41:13.880751Z
TX001686,AC000130,AC000188,278372.01,2024-02-21T20:38:13Z,SYNTHETIC,2026-09-07T05:41:13.880757Z
TX001687,AC000241,AC000329,108988.19,2025-09-06T04:12:50Z,SYNTHETIC,2026-09-07T05:41:13.880763Z
TX001688,AC000184,AC000185,403281.63,2026-02-13T07:31:40Z,SYNTHETIC,2026-09-07T05:41:13.880769Z
TX001689,AC000120,AC000271,260362.18,2024-04-04T17:42:12Z,SYNTHETIC,2026-09-07T05:41:13.880775Z
TX001690,AC000024,AC000326,112738.04,2025-09-22T15:47:28Z,SYNTHETIC,2026-09-07T05:41:13.880783Z
TX001691,AC000074,AC000041,422253.11,2024-10-12T00:42:19Z,SYNTHETIC,2026-09-07T05:41:13.880788Z
TX001692,AC000022,AC000139,305227.49,2024-11-23T10:16:46Z,SYNTHETIC,2026-09-07T05:41:13.880794Z
TX001693,AC000035,AC000157,70460.21,2026-03-03T05:34:06Z,SYNTHETIC,2026-09-07T05:41:13.880800Z
TX001694,AC000167,AC000148,290776.95,2024-04-05T15:26:33Z,SYNTHETIC,2026-09-07T05:41:13.880805Z
TX001695,AC000286,AC000053,371378.97,2026-03-25T07:07:01Z,SYNTHETIC,2026-09-07T05:41:13.880811Z
TX001696,AC000209,AC000052,321812.73,2025-01-03T16:59:21Z,SYNTHETIC,2026-09-07T05:41:13.880817Z
TX001697,AC000264,AC000243,16785.77,2025-08-09T10:22:09Z,SYNTHETIC,2026-09-07T05:41:13.880823Z
TX001698,AC000110,AC000256,257790.48,2024-02-19T17:54:29Z,SYNTHETIC,2026-09-07T05:41:13.880829Z
TX001699,AC000187,AC000067,496576.79,2025-02-16T19:37:25Z,SYNTHETIC,2026-09-07T05:41:13.880835Z
TX001700,AC000307,AC000341,213854.69,2024-04-17T17:44:18Z,SYNTHETIC,2026-09-07T05:41:13.880844Z
TX001701,AC000181,AC000036,419887.52,2024-10-04T14:01:01Z,SYNTHETIC,2026-09-07T05:41:13.880850Z
TX001702,AC000051,AC000320,208703.2,2024-04-29T14:46:11Z,SYNTHETIC,2026-09-07T05:41:13.880856Z
TX001703,AC000272,AC000164,25008.81,2025-07-16T11:18:49Z,SYNTHETIC,2026-09-07T05:41:13.880862Z
TX001704,AC000237,AC000042,151742.72,2024-12-14T23:01:32Z,SYNTHETIC,2026-09-07T05:41:13.880868Z
TX001705,AC000198,AC000262,11087.44,2026-01-19T14:52:34Z,SYNTHETIC,2026-09-07T05:41:13.880874Z
TX001706,AC000308,AC000020,42264.5,2025-04-06T15:41:05Z,SYNTHETIC,2026-09-07T05:41:13.880879Z
TX001707,AC000257,AC000189,34503.46,2025-01-31T09:53:32Z,SYNTHETIC,2026-09-07T05:41:13.880885Z
TX001708,AC000170,AC000326,359148.87,2026-08-18T03:55:16Z,SYNTHETIC,2026-09-07T05:41:13.880890Z
TX001709,AC000171,AC000069,114974.93,2026-05-27T20:33:04Z,SYNTHETIC,2026-09-07T05:41:13.880896Z
TX001710,AC000006,AC000051,21620.99,2024-10-27T05:18:51Z,SYNTHETIC,2026-09-07T05:41:13.880903Z
TX001711,AC000287,AC000082,240355.71,2024-12-26T16:28:57Z,SYNTHETIC,2026-09-07T05:41:13.880910Z
TX001712,AC000306,AC000268,238740.45,2026-08-12T00:21:45Z,SYNTHETIC,2026-09-07T05:41:13.880915Z
TX001713,AC000259,AC000332,123332.89,2026-06-09T00:41:38Z,SYNTHETIC,2026-09-07T05:41:13.880923Z
TX001714,AC000245,AC000091,24022.87,2026-02-22T09:15:39Z,SYNTHETIC,2026-09-07T05:41:13.880929Z
TX001715,AC000075,AC000264,496582.23,2024-04-21T14:22:28Z,SYNTHETIC,2026-09-07T05:41:13.880935Z
TX001716,AC000332,AC000005,269159.15,2026-05-24T05:37:12Z,SYNTHETIC,2026-09-07T05:41:13.880941Z
TX001717,AC000345,AC000253,249548.54,2024-03-20T16:50:30Z,SYNTHETIC,2026-09-07T05:41:13.880947Z
TX001718,AC000030,AC000094,163373.6,2025-02-11T21:04:12Z,SYNTHETIC,2026-09-07T05:41:13.880953Z
TX001719,AC000071,AC000086,273379.72,2025-11-24T09:35:31Z,SYNTHETIC,2026-09-07T05:41:13.880959Z
TX001720,AC000151,AC000354,440791.5,2025-08-14T18:31:34Z,SYNTHETIC,2026-09-07T05:41:13.880965Z
TX001721,AC000180,AC000247,119448.35,2025-10-28T06:44:09Z,SYNTHETIC,2026-09-07T05:41:13.880970Z
TX001722,AC000332,AC000240,338447.34,2025-04-09T21:50:21Z,SYNTHETIC,2026-09-07T05:41:13.880976Z
TX001723,AC000235,AC000054,177541.79,2025-08-08T14:07:14Z,SYNTHETIC,2026-09-07T05:41:13.880982Z
TX001724,AC000095,AC000069,341716.74,2025-10-23T19:45:13Z,SYNTHETIC,2026-09-07T05:41:13.880988Z
TX001725,AC000232,AC000256,127719.85,2026-02-22T09:41:03Z,SYNTHETIC,2026-09-07T05:41:13.880994Z
TX001726,AC000036,AC000193,280230.51,2026-04-04T02:50:12Z,SYNTHETIC,2026-09-07T05:41:13.881000Z
TX001727,AC000349,AC000314,294964.5,2024-01-31T13:07:47Z,SYNTHETIC,2026-09-07T05:41:13.881005Z
TX001728,AC000193,AC000048,459691.4,2025-03-25T14:17:29Z,SYNTHETIC,2026-09-07T05:41:13.881011Z
TX001729,AC000100,AC000027,250840.39,2025-04-13T21:06:58Z,SYNTHETIC,2026-09-07T05:41:13.881018Z
TX001730,AC000030,AC000344,476300.42,2024-01-07T06:13:15Z,SYNTHETIC,2026-09-07T05:41:13.881025Z
TX001731,AC000355,AC000144,384558.97,2026-07-11T10:19:36Z,SYNTHETIC,2026-09-07T05:41:13.881030Z
TX001732,AC000200,AC000076,279811.03,2025-06-04T22:22:36Z,SYNTHETIC,2026-09-07T05:41:13.881038Z
TX001733,AC000149,AC000307,392602.19,2025-09-08T23:20:02Z,SYNTHETIC,2026-09-07T05:41:13.881045Z
TX001734,AC000306,AC000047,445488.72,2025-08-17T14:10:00Z,SYNTHETIC,2026-09-07T05:41:13.881051Z
TX001735,AC000162,AC000055,445128.95,2026-01-31T05:58:32Z,SYNTHETIC,2026-09-07T05:41:13.881057Z
TX001736,AC000065,AC000214,13513.61,2026-08-06T18:00:09Z,SYNTHETIC,2026-09-07T05:41:13.881062Z
TX001737,AC000027,AC000165,125123.4,2026-01-13T23:59:17Z,SYNTHETIC,2026-09-07T05:41:13.881068Z
TX001738,AC000316,AC000038,443583.51,2024-10-11T11:47:56Z,SYNTHETIC,2026-09-07T05:41:13.881074Z
TX001739,AC000300,AC000304,472969.93,2026-01-01T11:28:34Z,SYNTHETIC,2026-09-07T05:41:13.881081Z
TX001740,AC000246,AC000218,477734.62,2025-12-05T19:36:10Z,SYNTHETIC,2026-09-07T05:41:13.881087Z
TX001741,AC000265,AC000023,481822.28,2025-08-28T17:47:56Z,SYNTHETIC,2026-09-07T05:41:13.881093Z
TX001742,AC000281,AC000301,216042.55,2024-11-19T03:33:39Z,SYNTHETIC,2026-09-07T05:41:13.881099Z
TX001743,AC000071,AC000342,143866.35,2026-04-01T19:32:39Z,SYNTHETIC,2026-09-07T05:41:13.881105Z
TX001744,AC000059,AC000308,301770.25,2024-05-09T07:14:51Z,SYNTHETIC,2026-09-07T05:41:13.881111Z
TX001745,AC000037,AC000067,157184.68,2025-01-13T01:26:34Z,SYNTHETIC,2026-09-07T05:41:13.881116Z
TX001746,AC000197,AC000236,112731.91,2024-02-20T15:22:10Z,SYNTHETIC,2026-09-07T05:41:13.881122Z
TX001747,AC000187,AC000267,474663.81,2025-06-30T07:00:28Z,SYNTHETIC,2026-09-07T05:41:13.881128Z
TX001748,AC000347,AC000036,118799.4,2025-08-30T16:31:01Z,SYNTHETIC,2026-09-07T05:41:13.881133Z
TX001749,AC000296,AC000170,239110.97,2024-10-22T12:24:14Z,SYNTHETIC,2026-09-07T05:41:13.881141Z
TX001750,AC000146,AC000147,88638.39,2026-03-13T04:51:59Z,SYNTHETIC,2026-09-07T05:41:13.881147Z
TX001751,AC000081,AC000175,463267.3,2025-10-30T16:14:44Z,SYNTHETIC,2026-09-07T05:41:13.881153Z
TX001752,AC000125,AC000030,282526.18,2024-02-08T01:54:17Z,SYNTHETIC,2026-09-07T05:41:13.881159Z
TX001753,AC000197,AC000130,479675.29,2024-09-14T00:31:20Z,SYNTHETIC,2026-09-07T05:41:13.881164Z
TX001754,AC000110,AC000199,17331.61,2024-02-03T12:22:07Z,SYNTHETIC,2026-09-07T05:41:13.881170Z
TX001755,AC000057,AC000309,457932.4,2025-10-28T16:00:49Z,SYNTHETIC,2026-09-07T05:41:13.881178Z
TX001756,AC000158,AC000294,119013.1,2025-12-16T08:09:19Z,SYNTHETIC,2026-09-07T05:41:13.881184Z
TX001757,AC000344,AC000248,191659.7,2024-03-16T19:38:24Z,SYNTHETIC,2026-09-07T05:41:13.881190Z
TX001758,AC000252,AC000036,64252.15,2024-08-24T17:01:39Z,SYNTHETIC,2026-09-07T05:41:13.881195Z
TX001759,AC000340,AC000100,361543.31,2024-10-06T07:29:45Z,SYNTHETIC,2026-09-07T05:41:13.881201Z
TX001760,AC000254,AC000198,19614.88,2024-11-10T00:03:45Z,SYNTHETIC,2026-09-07T05:41:13.881207Z
TX001761,AC000349,AC000135,386930.71,2026-06-15T08:08:48Z,SYNTHETIC,2026-09-07T05:41:13.881212Z
TX001762,AC000315,AC000253,194955.39,2025-10-12T05:38:55Z,SYNTHETIC,2026-09-07T05:41:13.881218Z
TX001763,AC000188,AC000173,494118.34,2024-07-13T12:40:20Z,SYNTHETIC,2026-09-07T05:41:13.881223Z
TX001764,AC000130,AC000279,291519.78,2026-04-09T05:51:41Z,SYNTHETIC,2026-09-07T05:41:13.881231Z
TX001765,AC000101,AC000219,256564.74,2026-02-26T06:03:52Z,SYNTHETIC,2026-09-07T05:41:13.881237Z
TX001766,AC000049,AC000054,291795.38,2026-07-26T22:58:15Z,SYNTHETIC,2026-09-07T05:41:13.881243Z
TX001767,AC000211,AC000353,419560.51,2026-01-31T16:09:56Z,SYNTHETIC,2026-09-07T05:41:13.881249Z
TX001768,AC000026,AC000113,265413.54,2026-07-28T05:48:40Z,SYNTHETIC,2026-09-07T05:41:13.881257Z
TX001769,AC000017,AC000269,182372.52,2026-04-30T11:08:07Z,SYNTHETIC,2026-09-07T05:41:13.881263Z
TX001770,AC000110,AC000141,423345.48,2025-10-10T07:37:54Z,SYNTHETIC,2026-09-07T05:41:13.881269Z
TX001771,AC000253,AC000100,38512.57,2025-04-01T08:43:02Z,SYNTHETIC,2026-09-07T05:41:13.881274Z
TX001772,AC000133,AC000111,50026.58,2025-01-09T09:17:50Z,SYNTHETIC,2026-09-07T05:41:13.881280Z
TX001773,AC000104,AC000131,80628.99,2025-11-11T11:40:41Z,SYNTHETIC,2026-09-07T05:41:13.881286Z
TX001774,AC000255,AC000110,92171.21,2024-08-24T22:45:09Z,SYNTHETIC,2026-09-07T05:41:13.881291Z
TX001775,AC000058,AC000286,104150.04,2024-07-21T15:16:19Z,SYNTHETIC,2026-09-07T05:41:13.881297Z
TX001776,AC000136,AC000137,35146.32,2024-01-27T12:39:09Z,SYNTHETIC,2026-09-07T05:41:13.881303Z
TX001777,AC000203,AC000039,126751.16,2026-04-05T02:56:31Z,SYNTHETIC,2026-09-07T05:41:13.881309Z
TX001778,AC000340,AC000239,122302.32,2024-03-06T00:27:52Z,SYNTHETIC,2026-09-07T05:41:13.881314Z
TX001779,AC000327,AC000346,348544.27,2026-04-18T21:58:26Z,SYNTHETIC,2026-09-07T05:41:13.881320Z
TX001780,AC000189,AC000263,413208.15,2025-04-11T23:25:21Z,SYNTHETIC,2026-09-07T05:41:13.881325Z
TX001781,AC000100,AC000283,113948.75,2024-11-04T12:24:21Z,SYNTHETIC,2026-09-07T05:41:13.881331Z
TX001782,AC000285,AC000291,272568.19,2024-11-07T09:45:34Z,SYNTHETIC,2026-09-07T05:41:13.881337Z
TX001783,AC000181,AC000144,214813.49,2026-04-21T10:26:22Z,SYNTHETIC,2026-09-07T05:41:13.881342Z
TX001784,AC000264,AC000168,94496.13,2026-06-24T00:36:52Z,SYNTHETIC,2026-09-07T05:41:13.881348Z
TX001785,AC000146,AC000231,302622.71,2026-02-17T04:02:59Z,SYNTHETIC,2026-09-07T05:41:13.881354Z
TX001786,AC000193,AC000046,230797.95,2024-05-02T11:47:57Z,SYNTHETIC,2026-09-07T05:41:13.881359Z
TX001787,AC000173,AC000191,50525.81,2026-04-08T03:30:29Z,SYNTHETIC,2026-09-07T05:41:13.881365Z
TX001788,AC000076,AC000060,67558.77,2026-03-05T02:36:16Z,SYNTHETIC,2026-09-07T05:41:13.881373Z
TX001789,AC000009,AC000143,216869.34,2026-06-27T04:41:18Z,SYNTHETIC,2026-09-07T05:41:13.881378Z
TX001790,AC000239,AC000280,254722.89,2026-01-04T20:01:57Z,SYNTHETIC,2026-09-07T05:41:13.881385Z
TX001791,AC000317,AC000176,60546.22,2026-07-07T04:14:31Z,SYNTHETIC,2026-09-07T05:41:13.881391Z
TX001792,AC000045,AC000272,138955.86,2025-05-17T05:33:45Z,SYNTHETIC,2026-09-07T05:41:13.881397Z
TX001793,AC000260,AC000274,122506.54,2024-08-27T20:43:58Z,SYNTHETIC,2026-09-07T05:41:13.881403Z
TX001794,AC000088,AC000190,134829.35,2025-06-19T23:42:10Z,SYNTHETIC,2026-09-07T05:41:13.881408Z
TX001795,AC000163,AC000355,188029.91,2025-07-14T04:46:29Z,SYNTHETIC,2026-09-07T05:41:13.881414Z
TX001796,AC000243,AC000349,222498.64,2024-04-01T15:35:19Z,SYNTHETIC,2026-09-07T05:41:13.881421Z
TX001797,AC000026,AC000199,341265.27,2024-01-31T12:55:32Z,SYNTHETIC,2026-09-07T05:41:13.881427Z
TX001798,AC000207,AC000279,159969.95,2024-08-13T23:17:24Z,SYNTHETIC,2026-09-07T05:41:13.881434Z
TX001799,AC000321,AC000243,17238.49,2026-05-27T15:59:32Z,SYNTHETIC,2026-09-07T05:41:13.881440Z
TX001800,AC000321,AC000150,294615.83,2026-06-02T08:53:06Z,SYNTHETIC,2026-09-07T05:41:13.881445Z
TX001801,AC000089,AC000336,215573.57,2024-09-21T03:02:28Z,SYNTHETIC,2026-09-07T05:41:13.881451Z
TX001802,AC000126,AC000297,179026.93,2025-11-16T15:37:05Z,SYNTHETIC,2026-09-07T05:41:13.881457Z
TX001803,AC000299,AC000014,451537.88,2024-10-26T01:46:04Z,SYNTHETIC,2026-09-07T05:41:13.881463Z
TX001804,AC000338,AC000089,115881.21,2025-06-06T01:14:19Z,SYNTHETIC,2026-09-07T05:41:13.881468Z
TX001805,AC000046,AC000298,326819.21,2026-08-29T08:50:49Z,SYNTHETIC,2026-09-07T05:41:13.881474Z
TX001806,AC000184,AC000361,40794.64,2025-10-25T08:41:55Z,SYNTHETIC,2026-09-07T05:41:13.881479Z
TX001807,AC000089,AC000077,321450.1,2024-01-22T08:57:13Z,SYNTHETIC,2026-09-07T05:41:13.881487Z
TX001808,AC000326,AC000245,338353.29,2026-08-05T16:48:17Z,SYNTHETIC,2026-09-07T05:41:13.881493Z
TX001809,AC000145,AC000088,322213.5,2025-04-25T01:29:46Z,SYNTHETIC,2026-09-07T05:41:13.881499Z
TX001810,AC000228,AC000135,410596.3,2025-11-24T16:25:44Z,SYNTHETIC,2026-09-07T05:41:13.881504Z
TX001811,AC000089,AC000313,495559.15,2025-09-15T22:17:08Z,SYNTHETIC,2026-09-07T05:41:13.881510Z
TX001812,AC000157,AC000313,52687.4,2025-07-12T11:16:30Z,SYNTHETIC,2026-09-07T05:41:13.881516Z
TX001813,AC000007,AC000219,239544.61,2026-01-07T18:49:18Z,SYNTHETIC,2026-09-07T05:41:13.881521Z
TX001814,AC000076,AC000071,285869.92,2026-07-15T07:11:48Z,SYNTHETIC,2026-09-07T05:41:13.881527Z
TX001815,AC000303,AC000051,498575.72,2024-12-04T01:04:02Z,SYNTHETIC,2026-09-07T05:41:13.881533Z
TX001816,AC000362,AC000133,75462.42,2026-06-10T11:39:35Z,SYNTHETIC,2026-09-07T05:41:13.881538Z
TX001817,AC000149,AC000155,477119.75,2025-02-02T14:43:26Z,SYNTHETIC,2026-09-07T05:41:13.881544Z
TX001818,AC000303,AC000197,435279.07,2026-06-03T13:46:51Z,SYNTHETIC,2026-09-07T05:41:13.881550Z
TX001819,AC000201,AC000031,229836.1,2025-06-04T15:00:08Z,SYNTHETIC,2026-09-07T05:41:13.881556Z
TX001820,AC000299,AC000099,491355.54,2024-11-18T17:22:07Z,SYNTHETIC,2026-09-07T05:41:13.881561Z
TX001821,AC000107,AC000189,289073.71,2025-02-03T08:08:23Z,SYNTHETIC,2026-09-07T05:41:13.881567Z
TX001822,AC000282,AC000362,18465.27,2024-08-13T17:16:48Z,SYNTHETIC,2026-09-07T05:41:13.881573Z
TX001823,AC000134,AC000302,109381.68,2024-02-03T02:23:33Z,SYNTHETIC,2026-09-07T05:41:13.881579Z
TX001824,AC000186,AC000207,325525.43,2024-08-06T08:40:49Z,SYNTHETIC,2026-09-07T05:41:13.881584Z
TX001825,AC000313,AC000088,479090.28,2024-07-19T09:50:28Z,SYNTHETIC,2026-09-07T05:41:13.881590Z
TX001826,AC000033,AC000046,40160.57,2024-08-14T23:52:28Z,SYNTHETIC,2026-09-07T05:41:13.881596Z
TX001827,AC000103,AC000121,238344.94,2026-05-12T21:54:02Z,SYNTHETIC,2026-09-07T05:41:13.881604Z
TX001828,AC000076,AC000143,122424.84,2025-05-21T16:06:57Z,SYNTHETIC,2026-09-07T05:41:13.881611Z
TX001829,AC000102,AC000211,9179.33,2025-04-24T21:53:22Z,SYNTHETIC,2026-09-07T05:41:13.881617Z
TX001830,AC000250,AC000197,116988.25,2026-04-11T06:10:27Z,SYNTHETIC,2026-09-07T05:41:13.881623Z
TX001831,AC000190,AC000361,468278.96,2025-01-09T20:55:11Z,SYNTHETIC,2026-09-07T05:41:13.881629Z
TX001832,AC000078,AC000349,365084.48,2024-12-17T12:44:49Z,SYNTHETIC,2026-09-07T05:41:13.881634Z
TX001833,AC000064,AC000273,299158.3,2026-03-16T16:18:47Z,SYNTHETIC,2026-09-07T05:41:13.881640Z
TX001834,AC000129,AC000007,105354.28,2024-11-24T09:53:44Z,SYNTHETIC,2026-09-07T05:41:13.881646Z
TX001835,AC000297,AC000332,443342.28,2026-08-20T00:18:46Z,SYNTHETIC,2026-09-07T05:41:13.881652Z
TX001836,AC000259,AC000044,418728.68,2024-09-24T00:25:17Z,SYNTHETIC,2026-09-07T05:41:13.881657Z
TX001837,AC000106,AC000233,473995.21,2026-08-25T05:56:36Z,SYNTHETIC,2026-09-07T05:41:13.881663Z
TX001838,AC000292,AC000043,313021.44,2026-05-22T14:49:13Z,SYNTHETIC,2026-09-07T05:41:13.881669Z
TX001839,AC000307,AC000015,131162.97,2024-12-29T03:51:36Z,SYNTHETIC,2026-09-07T05:41:13.881674Z
TX001840,AC000047,AC000131,189885.72,2024-04-03T09:58:24Z,SYNTHETIC,2026-09-07T05:41:13.881681Z
TX001841,AC000318,AC000296,441733.25,2024-01-21T06:06:21Z,SYNTHETIC,2026-09-07T05:41:13.881688Z
TX001842,AC000068,AC000124,98749.36,2025-02-09T07:04:53Z,SYNTHETIC,2026-09-07T05:41:13.881693Z
TX001843,AC000003,AC000359,360930.37,2024-05-30T02:28:20Z,SYNTHETIC,2026-09-07T05:41:13.881699Z
TX001844,AC000156,AC000169,239998.69,2024-10-24T03:25:09Z,SYNTHETIC,2026-09-07T05:41:13.881705Z
TX001845,AC000119,AC000035,446259.95,2025-10-16T20:34:50Z,SYNTHETIC,2026-09-07T05:41:13.881710Z
TX001846,AC000325,AC000090,73444.42,2024-07-14T05:47:25Z,SYNTHETIC,2026-09-07T05:41:13.881717Z
TX001847,AC000026,AC000194,268865.16,2024-10-03T08:04:33Z,SYNTHETIC,2026-09-07T05:41:13.881723Z
TX001848,AC000088,AC000140,151821.7,2025-04-04T19:26:42Z,SYNTHETIC,2026-09-07T05:41:13.881728Z
TX001849,AC000301,AC000287,423616.45,2025-03-20T05:18:28Z,SYNTHETIC,2026-09-07T05:41:13.881735Z
TX001850,AC000347,AC000069,452791.78,2025-02-06T17:42:14Z,SYNTHETIC,2026-09-07T05:41:13.881741Z
TX001851,AC000112,AC000259,269137.05,2026-03-11T01:21:51Z,SYNTHETIC,2026-09-07T05:41:13.881747Z
TX001852,AC000256,AC000231,420373.42,2024-11-04T13:13:55Z,SYNTHETIC,2026-09-07T05:41:13.881753Z
TX001853,AC000237,AC000099,369687.63,2024-06-12T07:08:21Z,SYNTHETIC,2026-09-07T05:41:13.881758Z
TX001854,AC000310,AC000307,128197.32,2026-05-24T09:11:06Z,SYNTHETIC,2026-09-07T05:41:13.881764Z
TX001855,AC000213,AC000200,216001.97,2026-05-29T11:16:31Z,SYNTHETIC,2026-09-07T05:41:13.881770Z
TX001856,AC000290,AC000043,178810.24,2025-10-11T02:50:20Z,SYNTHETIC,2026-09-07T05:41:13.881779Z
TX001857,AC000057,AC000316,386837,2025-03-07T18:00:30Z,SYNTHETIC,2026-09-07T05:41:13.881787Z
TX001858,AC000010,AC000101,151117.83,2025-11-20T11:28:53Z,SYNTHETIC,2026-09-07T05:41:13.881796Z
TX001859,AC000114,AC000282,325617.71,2024-07-22T05:33:08Z,SYNTHETIC,2026-09-07T05:41:13.881806Z
TX001860,AC000158,AC000311,295839.88,2024-12-04T13:18:21Z,SYNTHETIC,2026-09-07T05:41:13.881816Z
TX001861,AC000065,AC000199,233292.59,2026-03-26T01:30:57Z,SYNTHETIC,2026-09-07T05:41:13.881825Z
TX001862,AC000085,AC000011,126451.56,2024-03-21T04:06:44Z,SYNTHETIC,2026-09-07T05:41:13.881834Z
TX001863,AC000392,AC000039,275897.07,2025-11-28T03:17:36Z,SYNTHETIC,2026-09-07T05:41:13.881843Z
TX001864,AC000050,AC000171,265487.94,2026-06-27T10:07:52Z,SYNTHETIC,2026-09-07T05:41:13.881853Z
TX001865,AC000075,AC000242,284656.89,2026-04-01T07:36:03Z,SYNTHETIC,2026-09-07T05:41:13.881863Z
TX001866,AC000144,AC000246,330370.54,2025-03-23T00:43:38Z,SYNTHETIC,2026-09-07T05:41:13.881873Z
TX001867,AC000058,AC000219,375036.57,2024-11-14T03:44:14Z,SYNTHETIC,2026-09-07T05:41:13.881883Z
TX001868,AC000247,AC000101,49915.17,2024-06-29T09:48:21Z,SYNTHETIC,2026-09-07T05:41:13.881893Z
TX001869,AC000009,AC000212,352128.49,2026-02-08T04:48:32Z,SYNTHETIC,2026-09-07T05:41:13.881900Z
TX001870,AC000024,AC000319,101458.26,2025-06-20T05:38:19Z,SYNTHETIC,2026-09-07T05:41:13.881907Z
TX001871,AC000219,AC000088,466690.84,2025-02-14T07:58:18Z,SYNTHETIC,2026-09-07T05:41:13.881913Z
TX001872,AC000036,AC000197,113035.63,2025-02-15T23:40:45Z,SYNTHETIC,2026-09-07T05:41:13.881919Z
TX001873,AC000183,AC000271,133901.46,2024-07-01T13:38:51Z,SYNTHETIC,2026-09-07T05:41:13.881924Z
TX001874,AC000297,AC000256,124325.03,2026-07-07T09:35:19Z,SYNTHETIC,2026-09-07T05:41:13.881930Z
TX001875,AC000051,AC000248,357736.77,2026-06-18T16:46:40Z,SYNTHETIC,2026-09-07T05:41:13.881936Z
TX001876,AC000061,AC000055,361395.53,2025-01-27T09:44:25Z,SYNTHETIC,2026-09-07T05:41:13.881942Z
TX001877,AC000116,AC000142,87442.88,2025-12-17T20:46:53Z,SYNTHETIC,2026-09-07T05:41:13.881948Z
TX001878,AC000210,AC000166,208945.69,2025-03-05T02:47:15Z,SYNTHETIC,2026-09-07T05:41:13.881953Z
TX001879,AC000217,AC000111,281114.87,2025-04-30T15:32:00Z,SYNTHETIC,2026-09-07T05:41:13.881959Z
TX001880,AC000251,AC000255,191665.19,2024-07-18T05:53:47Z,SYNTHETIC,2026-09-07T05:41:13.881965Z
TX001881,AC000219,AC000284,170836.43,2026-08-09T06:50:45Z,SYNTHETIC,2026-09-07T05:41:13.881971Z
TX001882,AC000232,AC000231,341495.74,2026-02-10T04:33:44Z,SYNTHETIC,2026-09-07T05:41:13.881977Z
TX001883,AC000043,AC000211,367644.14,2024-07-28T07:01:19Z,SYNTHETIC,2026-09-07T05:41:13.881984Z
TX001884,AC000147,AC000062,224687.38,2025-06-27T19:24:16Z,SYNTHETIC,2026-09-07T05:41:13.881991Z
TX001885,AC000335,AC000113,123542.9,2024-09-30T03:14:25Z,SYNTHETIC,2026-09-07T05:41:13.881998Z
TX001886,AC000280,AC000336,239070.7,2024-11-01T15:04:49Z,SYNTHETIC,2026-09-07T05:41:13.882004Z
TX001887,AC000292,AC000072,317760.48,2025-09-07T12:19:37Z,SYNTHETIC,2026-09-07T05:41:13.882010Z
TX001888,AC000326,AC000335,395065.77,2026-01-30T07:13:11Z,SYNTHETIC,2026-09-07T05:41:13.882016Z
TX001889,AC000091,AC000175,217460.37,2025-11-02T08:33:07Z,SYNTHETIC,2026-09-07T05:41:13.882022Z
TX001890,AC000222,AC000134,36574.4,2025-09-02T06:02:28Z,SYNTHETIC,2026-09-07T05:41:13.882028Z
TX001891,AC000051,AC000300,140953.88,2024-07-15T12:39:42Z,SYNTHETIC,2026-09-07T05:41:13.882035Z
TX001892,AC000202,AC000166,34646.25,2026-04-17T04:01:13Z,SYNTHETIC,2026-09-07T05:41:13.882041Z
TX001893,AC000181,AC000089,312273.65,2025-03-24T03:55:14Z,SYNTHETIC,2026-09-07T05:41:13.882046Z
TX001894,AC000152,AC000137,211471.55,2026-04-06T19:11:57Z,SYNTHETIC,2026-09-07T05:41:13.882052Z
TX001895,AC000320,AC000169,168717.79,2025-11-12T00:29:01Z,SYNTHETIC,2026-09-07T05:41:13.882058Z
TX001896,AC000189,AC000181,362782.91,2025-08-08T10:05:51Z,SYNTHETIC,2026-09-07T05:41:13.882064Z
TX001897,AC000323,AC000225,459861.17,2025-12-19T20:03:42Z,SYNTHETIC,2026-09-07T05:41:13.882070Z
TX001898,AC000340,AC000294,22698.11,2024-02-19T23:29:24Z,SYNTHETIC,2026-09-07T05:41:13.882076Z
TX001899,AC000354,AC000002,52754.4,2026-05-07T14:08:49Z,SYNTHETIC,2026-09-07T05:41:13.882081Z
TX001900,AC000151,AC000022,359337.62,2025-03-15T00:14:22Z,SYNTHETIC,2026-09-07T05:41:13.882087Z
TX001901,AC000089,AC000125,294823.22,2025-06-10T16:16:13Z,SYNTHETIC,2026-09-07T05:41:13.882093Z
TX001902,AC000031,AC000166,392783.63,2024-08-11T06:20:24Z,SYNTHETIC,2026-09-07T05:41:13.882099Z
TX001903,AC000137,AC000214,328166.51,2025-01-22T05:27:09Z,SYNTHETIC,2026-09-07T05:41:13.882104Z
TX001904,AC000137,AC000231,359756.01,2025-11-14T02:08:53Z,SYNTHETIC,2026-09-07T05:41:13.882110Z
TX001905,AC000271,AC000336,167248.36,2024-08-02T02:18:56Z,SYNTHETIC,2026-09-07T05:41:13.882117Z
TX001906,AC000322,AC000003,33191.37,2025-04-25T07:36:52Z,SYNTHETIC,2026-09-07T05:41:13.882123Z
TX001907,AC000230,AC000051,301748.37,2025-06-16T08:22:02Z,SYNTHETIC,2026-09-07T05:41:13.882129Z
TX001908,AC000078,AC000144,469562.64,2025-03-23T12:00:47Z,SYNTHETIC,2026-09-07T05:41:13.882135Z
TX001909,AC000246,AC000035,364262.14,2024-05-06T02:20:06Z,SYNTHETIC,2026-09-07T05:41:13.882141Z
TX001910,AC000083,AC000032,322405.6,2024-01-21T19:50:36Z,SYNTHETIC,2026-09-07T05:41:13.882147Z
TX001911,AC000264,AC000090,450248.98,2024-01-28T13:57:05Z,SYNTHETIC,2026-09-07T05:41:13.882152Z
TX001912,AC000345,AC000271,186015.89,2025-09-07T16:09:27Z,SYNTHETIC,2026-09-07T05:41:13.882159Z
TX001913,AC000136,AC000250,58075.41,2024-09-07T01:03:19Z,SYNTHETIC,2026-09-07T05:41:13.882164Z
TX001914,AC000229,AC000259,96866.13,2025-12-27T20:38:37Z,SYNTHETIC,2026-09-07T05:41:13.882170Z
TX001915,AC000024,AC000044,177806.91,2024-03-02T21:45:43Z,SYNTHETIC,2026-09-07T05:41:13.882176Z
TX001916,AC000138,AC000254,224896.67,2025-11-25T20:04:30Z,SYNTHETIC,2026-09-07T05:41:13.882182Z
TX001917,AC000005,AC000262,196043.19,2024-12-12T07:40:19Z,SYNTHETIC,2026-09-07T05:41:13.882188Z
TX001918,AC000297,AC000352,373062.2,2026-05-17T02:38:42Z,SYNTHETIC,2026-09-07T05:41:13.882193Z
TX001919,AC000118,AC000321,462237.88,2026-03-25T09:16:14Z,SYNTHETIC,2026-09-07T05:41:13.882199Z
TX001920,AC000363,AC000001,193659.95,2024-12-21T04:31:54Z,SYNTHETIC,2026-09-07T05:41:13.882205Z
TX001921,AC000332,AC000326,359901.89,2026-06-13T15:32:52Z,SYNTHETIC,2026-09-07T05:41:13.882210Z
TX001922,AC000250,AC000305,159846.9,2025-01-16T23:21:50Z,SYNTHETIC,2026-09-07T05:41:13.882217Z
TX001923,AC000316,AC000292,154522.82,2024-03-15T01:54:01Z,SYNTHETIC,2026-09-07T05:41:13.882224Z
TX001924,AC000248,AC000335,80109.82,2025-09-17T15:18:25Z,SYNTHETIC,2026-09-07T05:41:13.882232Z
TX001925,AC000221,AC000232,354168.82,2024-03-23T16:07:01Z,SYNTHETIC,2026-09-07T05:41:13.882239Z
TX001926,AC000171,AC000295,242566.91,2026-07-19T22:15:33Z,SYNTHETIC,2026-09-07T05:41:13.882245Z
TX001927,AC000244,AC000266,85751.02,2025-03-03T04:59:57Z,SYNTHETIC,2026-09-07T05:41:13.882250Z
TX001928,AC000139,AC000212,165043.94,2025-10-31T18:59:07Z,SYNTHETIC,2026-09-07T05:41:13.882256Z
TX001929,AC000342,AC000122,216637.14,2025-10-14T21:47:21Z,SYNTHETIC,2026-09-07T05:41:13.882262Z
TX001930,AC000136,AC000135,499294.5,2025-04-13T19:14:46Z,SYNTHETIC,2026-09-07T05:41:13.882268Z
TX001931,AC000035,AC000111,234126.77,2026-08-21T13:04:48Z,SYNTHETIC,2026-09-07T05:41:13.882273Z
TX001932,AC000276,AC000029,125198.03,2025-05-25T21:12:24Z,SYNTHETIC,2026-09-07T05:41:13.882279Z
TX001933,AC000343,AC000115,343096.18,2024-03-19T07:52:39Z,SYNTHETIC,2026-09-07T05:41:13.882284Z
TX001934,AC000175,AC000128,155961.92,2025-02-26T07:27:21Z,SYNTHETIC,2026-09-07T05:41:13.882290Z
TX001935,AC000223,AC000118,379166.91,2024-08-03T18:34:10Z,SYNTHETIC,2026-09-07T05:41:13.882296Z
TX001936,AC000296,AC000078,356687.03,2025-11-17T13:47:57Z,SYNTHETIC,2026-09-07T05:41:13.882302Z
TX001937,AC000219,AC000201,430303.23,2026-06-22T14:07:30Z,SYNTHETIC,2026-09-07T05:41:13.882317Z
TX001938,AC000181,AC000183,359783.01,2024-04-01T23:27:19Z,SYNTHETIC,2026-09-07T05:41:13.882323Z
TX001939,AC000071,AC000315,486876.54,2024-11-14T04:24:49Z,SYNTHETIC,2026-09-07T05:41:13.882329Z
TX001940,AC000217,AC000190,489538.08,2025-12-07T19:28:25Z,SYNTHETIC,2026-09-07T05:41:13.882335Z
TX001941,AC000126,AC000286,434704.29,2024-10-05T01:36:50Z,SYNTHETIC,2026-09-07T05:41:13.882340Z
TX001942,AC000143,AC000206,261452.97,2024-11-20T12:05:05Z,SYNTHETIC,2026-09-07T05:41:13.882346Z
TX001943,AC000207,AC000280,29418.74,2025-08-11T20:36:16Z,SYNTHETIC,2026-09-07T05:41:13.882352Z
TX001944,AC000213,AC000004,276921.79,2025-03-11T23:54:10Z,SYNTHETIC,2026-09-07T05:41:13.882359Z
TX001945,AC000109,AC000199,212953.89,2024-08-24T18:26:26Z,SYNTHETIC,2026-09-07T05:41:13.882365Z
TX001946,AC000033,AC000109,53657.57,2024-02-04T00:02:28Z,SYNTHETIC,2026-09-07T05:41:13.882371Z
TX001947,AC000206,AC000097,398675.23,2024-05-18T21:30:14Z,SYNTHETIC,2026-09-07T05:41:13.882376Z
TX001948,AC000207,AC000230,74179.63,2025-10-13T14:04:01Z,SYNTHETIC,2026-09-07T05:41:13.882382Z
TX001949,AC000141,AC000139,388120.35,2024-12-18T18:30:41Z,SYNTHETIC,2026-09-07T05:41:13.882388Z
TX001950,AC000223,AC000310,70910.34,2026-04-24T07:44:17Z,SYNTHETIC,2026-09-07T05:41:13.882394Z
TX001951,AC000039,AC000306,149873.22,2025-06-03T23:06:30Z,SYNTHETIC,2026-09-07T05:41:13.882400Z
TX001952,AC000062,AC000293,16028.28,2024-11-23T01:36:09Z,SYNTHETIC,2026-09-07T05:41:13.882405Z
TX001953,AC000091,AC000355,197059.24,2025-08-09T20:48:30Z,SYNTHETIC,2026-09-07T05:41:13.882411Z
TX001954,AC000108,AC000132,126925.33,2026-05-03T20:09:47Z,SYNTHETIC,2026-09-07T05:41:13.882417Z
TX001955,AC000074,AC000237,393773.01,2025-02-25T17:44:20Z,SYNTHETIC,2026-09-07T05:41:13.882424Z
TX001956,AC000124,AC000309,414545.78,2026-05-18T00:50:12Z,SYNTHETIC,2026-09-07T05:41:13.882431Z
TX001957,AC000342,AC000039,30907.74,2026-06-21T09:15:08Z,SYNTHETIC,2026-09-07T05:41:13.882437Z
TX001958,AC000035,AC000266,60358.9,2026-07-22T09:03:22Z,SYNTHETIC,2026-09-07T05:41:13.882442Z
TX001959,AC000038,AC000194,304054.93,2026-07-22T15:17:31Z,SYNTHETIC,2026-09-07T05:41:13.882448Z
TX001960,AC000243,AC000140,333316.63,2025-02-11T19:52:54Z,SYNTHETIC,2026-09-07T05:41:13.882454Z
TX001961,AC000324,AC000299,301053.72,2024-04-28T10:28:34Z,SYNTHETIC,2026-09-07T05:41:13.882460Z
TX001962,AC000082,AC000026,24353.27,2024-02-22T04:54:05Z,SYNTHETIC,2026-09-07T05:41:13.882466Z
TX001963,AC000160,AC000287,237131.53,2026-08-01T10:28:17Z,SYNTHETIC,2026-09-07T05:41:13.882473Z
TX001964,AC000255,AC000305,40178.23,2024-08-30T17:51:22Z,SYNTHETIC,2026-09-07T05:41:13.882478Z
TX001965,AC000282,AC000338,234091.23,2024-03-03T16:32:47Z,SYNTHETIC,2026-09-07T05:41:13.882484Z
TX001966,AC000270,AC000324,395080.38,2024-04-17T09:51:19Z,SYNTHETIC,2026-09-07T05:41:13.882490Z
TX001967,AC000230,AC000072,419859.89,2025-05-06T21:00:31Z,SYNTHETIC,2026-09-07T05:41:13.882495Z
TX001968,AC000278,AC000275,395179.14,2026-05-10T10:04:31Z,SYNTHETIC,2026-09-07T05:41:13.882502Z
TX001969,AC000098,AC000096,266688.52,2024-06-30T09:22:22Z,SYNTHETIC,2026-09-07T05:41:13.882508Z
TX001970,AC000106,AC000340,181375.34,2024-09-28T09:20:29Z,SYNTHETIC,2026-09-07T05:41:13.882514Z
TX001971,AC000327,AC000110,112490.44,2026-02-02T21:32:22Z,SYNTHETIC,2026-09-07T05:41:13.882520Z
TX001972,AC000155,AC000094,145251.63,2026-04-10T11:59:15Z,SYNTHETIC,2026-09-07T05:41:13.882526Z
TX001973,AC000156,AC000062,102554.01,2026-02-19T05:18:15Z,SYNTHETIC,2026-09-07T05:41:13.882532Z
TX001974,AC000189,AC000292,350041.64,2025-01-05T08:41:34Z,SYNTHETIC,2026-09-07T05:41:13.882537Z
TX001975,AC000246,AC000138,429982.26,2024-09-28T13:20:23Z,SYNTHETIC,2026-09-07T05:41:13.882543Z
TX001976,AC000350,AC000010,305478.45,2025-04-19T01:17:13Z,SYNTHETIC,2026-09-07T05:41:13.882548Z
TX001977,AC000341,AC000337,408725.87,2026-06-06T01:07:01Z,SYNTHETIC,2026-09-07T05:41:13.882554Z
TX001978,AC000318,AC000272,213215.56,2025-10-21T20:09:40Z,SYNTHETIC,2026-09-07T05:41:13.882560Z
TX001979,AC000355,AC000043,59473.27,2024-06-21T07:33:17Z,SYNTHETIC,2026-09-07T05:41:13.882565Z
TX001980,AC000110,AC000166,489673.69,2025-02-27T01:10:02Z,SYNTHETIC,2026-09-07T05:41:13.882571Z
TX001981,AC000350,AC000278,123676.65,2026-03-14T11:20:49Z,SYNTHETIC,2026-09-07T05:41:13.882577Z
TX001982,AC000161,AC000015,89876.17,2024-01-03T21:45:52Z,SYNTHETIC,2026-09-07T05:41:13.882583Z
TX001983,AC000320,AC000219,465525.22,2026-01-16T13:34:01Z,SYNTHETIC,2026-09-07T05:41:13.882591Z
TX001984,AC000302,AC000091,190580.69,2025-09-30T21:41:51Z,SYNTHETIC,2026-09-07T05:41:13.882597Z
TX001985,AC000001,AC000341,247387,2025-11-24T14:43:09Z,SYNTHETIC,2026-09-07T05:41:13.882604Z
TX001986,AC000283,AC000210,329385.51,2025-04-25T06:16:36Z,SYNTHETIC,2026-09-07T05:41:13.882609Z
TX001987,AC000340,AC000136,38428.87,2026-07-27T03:07:16Z,SYNTHETIC,2026-09-07T05:41:13.882617Z
TX001988,AC000274,AC000188,363549.47,2024-12-16T09:41:18Z,SYNTHETIC,2026-09-07T05:41:13.882623Z
TX001989,AC000184,AC000105,468138.46,2025-07-30T06:21:37Z,SYNTHETIC,2026-09-07T05:41:13.882628Z
TX001990,AC000278,AC000344,157015.37,2026-08-09T00:09:11Z,SYNTHETIC,2026-09-07T05:41:13.882634Z
TX001991,AC000043,AC000263,479879.49,2025-12-03T19:37:48Z,SYNTHETIC,2026-09-07T05:41:13.882640Z
TX001992,AC000303,AC000234,426495.57,2024-03-18T15:58:33Z,SYNTHETIC,2026-09-07T05:41:13.882646Z
TX001993,AC000199,AC000020,135801.61,2024-08-01T06:35:35Z,SYNTHETIC,2026-09-07T05:41:13.882651Z
TX001994,AC000331,AC000295,408226.28,2026-05-04T20:09:24Z,SYNTHETIC,2026-09-07T05:41:13.882657Z
TX001995,AC000359,AC000267,128607.57,2025-07-05T03:49:45Z,SYNTHETIC,2026-09-07T05:41:13.882664Z
TX001996,AC000048,AC000297,72390.28,2026-03-03T16:10:48Z,SYNTHETIC,2026-09-07T05:41:13.882670Z
TX001997,AC000317,AC000203,446485.29,2026-01-22T09:50:32Z,SYNTHETIC,2026-09-07T05:41:13.882676Z
TX001998,AC000250,AC000158,154031.23,2025-09-27T02:47:33Z,SYNTHETIC,2026-09-07T05:41:13.882682Z
TX001999,AC000256,AC000195,264143.61,2025-02-19T02:06:13Z,SYNTHETIC,2026-09-07T05:41:13.882688Z
TX002000,AC000143,AC000079,181645.68,2026-07-18T16:20:08Z,SYNTHETIC,2026-09-07T05:41:13.882694Z
TX002001,AC000126,AC000134,282957.54,2024-09-08T16:24:55Z,SYNTHETIC,2026-09-07T05:41:13.882700Z
TX002002,AC000153,AC000019,239287.04,2026-05-31T17:55:51Z,SYNTHETIC,2026-09-07T05:41:13.882707Z
TX002003,AC000083,AC000224,380242.01,2025-11-18T01:17:17Z,SYNTHETIC,2026-09-07T05:41:13.882713Z
TX002004,AC000138,AC000357,230330.42,2024-07-13T17:32:33Z,SYNTHETIC,2026-09-07T05:41:13.882719Z
TX002005,AC000319,AC000085,282612.39,2024-07-26T06:12:40Z,SYNTHETIC,2026-09-07T05:41:13.882725Z
TX002006,AC000122,AC000328,357277.5,2025-08-30T05:54:50Z,SYNTHETIC,2026-09-07T05:41:13.882730Z
TX002007,AC000203,AC000327,76784.68,2025-01-11T06:05:03Z,SYNTHETIC,2026-09-07T05:41:13.882736Z
TX002008,AC000007,AC000061,491254.02,2025-04-20T04:53:35Z,SYNTHETIC,2026-09-07T05:41:13.882742Z
TX002009,AC000131,AC000205,229036.56,2026-04-29T06:23:21Z,SYNTHETIC,2026-09-07T05:41:13.882748Z
TX002010,AC000089,AC000139,278669.93,2025-07-18T13:17:34Z,SYNTHETIC,2026-09-07T05:41:13.882756Z
TX002011,AC000253,AC000036,113661.54,2025-11-06T18:47:26Z,SYNTHETIC,2026-09-07T05:41:13.882761Z
TX002012,AC000272,AC000078,144246.27,2025-02-20T12:12:07Z,SYNTHETIC,2026-09-07T05:41:13.882767Z
TX002013,AC000014,AC000256,301660.94,2025-03-30T10:41:40Z,SYNTHETIC,2026-09-07T05:41:13.882773Z
TX002014,AC000104,AC000316,8226.4,2025-06-21T06:15:18Z,SYNTHETIC,2026-09-07T05:41:13.882780Z
TX002015,AC000035,AC000223,274710.46,2026-03-03T08:48:10Z,SYNTHETIC,2026-09-07T05:41:13.882785Z
TX002016,AC000118,AC000275,217672.75,2025-03-28T02:18:22Z,SYNTHETIC,2026-09-07T05:41:13.882792Z
TX002017,AC000183,AC000238,221806.65,2025-05-21T17:29:36Z,SYNTHETIC,2026-09-07T05:41:13.882798Z
TX002018,AC000223,AC000341,178294.63,2024-08-01T18:48:26Z,SYNTHETIC,2026-09-07T05:41:13.882807Z
TX002019,AC000295,AC000364,416075.59,2024-06-06T18:58:50Z,SYNTHETIC,2026-09-07T05:41:13.882815Z
TX002020,AC000159,AC000164,90262.37,2024-11-16T01:40:05Z,SYNTHETIC,2026-09-07T05:41:13.882821Z
TX002021,AC000026,AC000027,390313.41,2024-06-06T20:48:39Z,SYNTHETIC,2026-09-07T05:41:13.882828Z
TX002022,AC000325,AC000205,301348.7,2024-03-02T16:31:37Z,SYNTHETIC,2026-09-07T05:41:13.882835Z
TX002023,AC000024,AC000105,397119.36,2024-09-27T05:04:51Z,SYNTHETIC,2026-09-07T05:41:13.882841Z
TX002024,AC000019,AC000144,109679.26,2026-08-27T20:14:20Z,SYNTHETIC,2026-09-07T05:41:13.882847Z
TX002025,AC000167,AC000230,344471.17,2025-10-01T06:21:38Z,SYNTHETIC,2026-09-07T05:41:13.882853Z
TX002026,AC000348,AC000046,468515.07,2026-02-17T11:56:43Z,SYNTHETIC,2026-09-07T05:41:13.882859Z
TX002027,AC000318,AC000009,495298.69,2025-08-13T08:35:59Z,SYNTHETIC,2026-09-07T05:41:13.882865Z
TX002028,AC000130,AC000257,109924.48,2026-01-24T19:36:50Z,SYNTHETIC,2026-09-07T05:41:13.882871Z
TX002029,AC000328,AC000257,141790.59,2024-10-26T17:43:35Z,SYNTHETIC,2026-09-07T05:41:13.882877Z
TX002030,AC000291,AC000031,159035.43,2024-12-17T23:54:00Z,SYNTHETIC,2026-09-07T05:41:13.882882Z
TX002031,AC000133,AC000094,355408.27,2026-02-14T01:39:17Z,SYNTHETIC,2026-09-07T05:41:13.882888Z
TX002032,AC000229,AC000215,76733.28,2025-11-01T06:57:45Z,SYNTHETIC,2026-09-07T05:41:13.882893Z
TX002033,AC000056,AC000140,440920.43,2025-04-27T16:31:49Z,SYNTHETIC,2026-09-07T05:41:13.882899Z
TX002034,AC000231,AC000194,18065.12,2026-05-02T06:24:38Z,SYNTHETIC,2026-09-07T05:41:13.882905Z
TX002035,AC000116,AC000015,368735.84,2025-06-10T15:06:11Z,SYNTHETIC,2026-09-07T05:41:13.882911Z
TX002036,AC000123,AC000281,66042.46,2024-03-09T13:52:35Z,SYNTHETIC,2026-09-07T05:41:13.882917Z
TX002037,AC000075,AC000068,357181.87,2024-06-12T13:53:06Z,SYNTHETIC,2026-09-07T05:41:13.882923Z
TX002038,AC000307,AC000296,241704.8,2026-03-18T00:13:23Z,SYNTHETIC,2026-09-07T05:41:13.882928Z
TX002039,AC000024,AC000117,86487.65,2025-10-06T22:47:38Z,SYNTHETIC,2026-09-07T05:41:13.882934Z
TX002040,AC000196,AC000054,401146.11,2024-08-09T13:20:03Z,SYNTHETIC,2026-09-07T05:41:13.882940Z
TX002041,AC000169,AC000347,444468.61,2026-08-08T20:20:29Z,SYNTHETIC,2026-09-07T05:41:13.882948Z
TX002042,AC000158,AC000023,216140.22,2026-02-05T02:45:59Z,SYNTHETIC,2026-09-07T05:41:13.882954Z
TX002043,AC000320,AC000228,328758.11,2024-01-28T13:28:26Z,SYNTHETIC,2026-09-07T05:41:13.882960Z
TX002044,AC000025,AC000201,415070.11,2025-02-21T23:39:06Z,SYNTHETIC,2026-09-07T05:41:13.882965Z
TX002045,AC000081,AC000011,308739.23,2026-05-08T03:40:40Z,SYNTHETIC,2026-09-07T05:41:13.882971Z
TX002046,AC000030,AC000309,258182.87,2026-07-28T13:19:48Z,SYNTHETIC,2026-09-07T05:41:13.882977Z
TX002047,AC000250,AC000135,176562.25,2024-07-29T00:30:41Z,SYNTHETIC,2026-09-07T05:41:13.882983Z
TX002048,AC000051,AC000340,426805.8,2025-08-06T23:11:30Z,SYNTHETIC,2026-09-07T05:41:13.882989Z
TX002049,AC000039,AC000290,486911.5,2026-07-03T18:19:13Z,SYNTHETIC,2026-09-07T05:41:13.882995Z
TX002050,AC000049,AC000155,199912.68,2026-02-17T04:30:42Z,SYNTHETIC,2026-09-07T05:41:13.883001Z
TX002051,AC000307,AC000145,262377.44,2025-03-30T02:13:28Z,SYNTHETIC,2026-09-07T05:41:13.883009Z
TX002052,AC000147,AC000224,72120.15,2025-08-10T20:14:44Z,SYNTHETIC,2026-09-07T05:41:13.883015Z
TX002053,AC000215,AC000297,422423.84,2026-07-20T04:07:57Z,SYNTHETIC,2026-09-07T05:41:13.883022Z
TX002054,AC000310,AC000282,117573.26,2024-12-16T00:05:14Z,SYNTHETIC,2026-09-07T05:41:13.883028Z
TX002055,AC000171,AC000146,28754.71,2026-03-04T13:53:34Z,SYNTHETIC,2026-09-07T05:41:13.883034Z
TX002056,AC000096,AC000314,453384.51,2026-03-01T05:26:02Z,SYNTHETIC,2026-09-07T05:41:13.883039Z
TX002057,AC000197,AC000083,380859.21,2026-05-20T17:10:38Z,SYNTHETIC,2026-09-07T05:41:13.883045Z
TX002058,AC000193,AC000339,265645.35,2025-11-01T21:23:28Z,SYNTHETIC,2026-09-07T05:41:13.883053Z
TX002059,AC000288,AC000237,142805.28,2026-08-11T17:15:38Z,SYNTHETIC,2026-09-07T05:41:13.883062Z
TX002060,AC000138,AC000025,391151.4,2026-07-16T12:25:37Z,SYNTHETIC,2026-09-07T05:41:13.883070Z
TX002061,AC000341,AC000028,287701.21,2024-06-28T11:42:06Z,SYNTHETIC,2026-09-07T05:41:13.883080Z
TX002062,AC000064,AC000010,434880.04,2025-03-22T03:20:14Z,SYNTHETIC,2026-09-07T05:41:13.883088Z
TX002063,AC000016,AC000109,499347.09,2024-10-18T02:18:07Z,SYNTHETIC,2026-09-07T05:41:13.883097Z
TX002064,AC000313,AC000104,334129.95,2024-04-22T01:10:09Z,SYNTHETIC,2026-09-07T05:41:13.883106Z
TX002065,AC000142,AC000317,231167.91,2025-03-12T23:32:46Z,SYNTHETIC,2026-09-07T05:41:13.883115Z
TX002066,AC000097,AC000294,331814.21,2024-11-06T03:03:13Z,SYNTHETIC,2026-09-07T05:41:13.883123Z
TX002067,AC000152,AC000079,228931.42,2025-05-24T03:44:08Z,SYNTHETIC,2026-09-07T05:41:13.883132Z
TX002068,AC000176,AC000273,443404.66,2026-08-03T03:14:42Z,SYNTHETIC,2026-09-07T05:41:13.883140Z
TX002069,AC000077,AC000331,124571.66,2026-04-06T00:06:30Z,SYNTHETIC,2026-09-07T05:41:13.883150Z
TX002070,AC000019,AC000159,179759.86,2024-09-22T02:06:22Z,SYNTHETIC,2026-09-07T05:41:13.883159Z
TX002071,AC000125,AC000034,361557,2025-07-05T00:26:26Z,SYNTHETIC,2026-09-07T05:41:13.883166Z
TX002072,AC000154,AC000043,269047.87,2025-01-14T15:47:53Z,SYNTHETIC,2026-09-07T05:41:13.883172Z
TX002073,AC000201,AC000104,447479.74,2025-02-28T08:12:30Z,SYNTHETIC,2026-09-07T05:41:13.883178Z
TX002074,AC000014,AC000118,458103.7,2024-04-09T06:23:57Z,SYNTHETIC,2026-09-07T05:41:13.883183Z
TX002075,AC000362,AC000096,71278.55,2025-09-16T08:58:39Z,SYNTHETIC,2026-09-07T05:41:13.883189Z
TX002076,AC000272,AC000179,378146.69,2024-04-29T23:03:12Z,SYNTHETIC,2026-09-07T05:41:13.883195Z
TX002077,AC000024,AC000151,348707.85,2024-11-19T06:03:20Z,SYNTHETIC,2026-09-07T05:41:13.883201Z
TX002078,AC000003,AC000083,239319.9,2024-11-15T23:14:45Z,SYNTHETIC,2026-09-07T05:41:13.883206Z
TX002079,AC000150,AC000015,484687.65,2024-09-09T21:11:04Z,SYNTHETIC,2026-09-07T05:41:13.883212Z
TX002080,AC000149,AC000246,70583.68,2026-08-22T13:09:37Z,SYNTHETIC,2026-09-07T05:41:13.883220Z
TX002081,AC000084,AC000161,255213.36,2025-09-10T06:40:34Z,SYNTHETIC,2026-09-07T05:41:13.883226Z
TX002082,AC000198,AC000363,313941.9,2026-07-17T17:42:23Z,SYNTHETIC,2026-09-07T05:41:13.883231Z
TX002083,AC000069,AC000354,335046.86,2026-04-29T21:18:57Z,SYNTHETIC,2026-09-07T05:41:13.883239Z
TX002084,AC000140,AC000266,184181.58,2025-10-28T20:58:03Z,SYNTHETIC,2026-09-07T05:41:13.883245Z
TX002085,AC000056,AC000145,259786.12,2024-09-14T22:54:44Z,SYNTHETIC,2026-09-07T05:41:13.883250Z
TX002086,AC000101,AC000164,459886.97,2026-08-28T03:34:22Z,SYNTHETIC,2026-09-07T05:41:13.883256Z
TX002087,AC000161,AC000064,301206.28,2025-01-11T12:50:19Z,SYNTHETIC,2026-09-07T05:41:13.883261Z
TX002088,AC000342,AC000331,146736.89,2026-06-09T11:37:11Z,SYNTHETIC,2026-09-07T05:41:13.883267Z
TX002089,AC000040,AC000191,325603.15,2025-07-03T10:05:05Z,SYNTHETIC,2026-09-07T05:41:13.883273Z
TX002090,AC000220,AC000035,148635.22,2026-07-08T11:15:50Z,SYNTHETIC,2026-09-07T05:41:13.883279Z
TX002091,AC000123,AC000318,317080.39,2026-04-23T19:28:19Z,SYNTHETIC,2026-09-07T05:41:13.883285Z
TX002092,AC000035,AC000016,20982.65,2024-10-22T11:11:50Z,SYNTHETIC,2026-09-07T05:41:13.883290Z
TX002093,AC000017,AC000148,118923.83,2026-01-27T12:19:59Z,SYNTHETIC,2026-09-07T05:41:13.883296Z
TX002094,AC000200,AC000230,150832.95,2024-11-20T13:14:26Z,SYNTHETIC,2026-09-07T05:41:13.883301Z
TX002095,AC000046,AC000205,210703.56,2026-02-14T09:35:30Z,SYNTHETIC,2026-09-07T05:41:13.883309Z
TX002096,AC000071,AC000090,403132.67,2025-10-22T00:57:11Z,SYNTHETIC,2026-09-07T05:41:13.883315Z
TX002097,AC000054,AC000241,131082.82,2025-01-21T03:52:41Z,SYNTHETIC,2026-09-07T05:41:13.883320Z
TX002098,AC000098,AC000076,418844,2024-03-01T23:50:05Z,SYNTHETIC,2026-09-07T05:41:13.883326Z
TX002099,AC000392,AC000090,204387.34,2026-04-27T16:20:10Z,SYNTHETIC,2026-09-07T05:41:13.883332Z
TX002100,AC000259,AC000260,16358.8,2025-04-16T00:09:53Z,SYNTHETIC,2026-09-07T05:41:13.883339Z
TX002101,AC000071,AC000318,35463.68,2025-03-08T05:53:09Z,SYNTHETIC,2026-09-07T05:41:13.883346Z
TX002102,AC000119,AC000229,459079.63,2024-06-12T20:05:16Z,SYNTHETIC,2026-09-07T05:41:13.883352Z
TX002103,AC000244,AC000020,361735.32,2025-08-21T21:47:27Z,SYNTHETIC,2026-09-07T05:41:13.883357Z
TX002104,AC000090,AC000284,203690.62,2026-03-05T02:21:07Z,SYNTHETIC,2026-09-07T05:41:13.883363Z
TX002105,AC000227,AC000297,258798.08,2026-06-17T10:02:38Z,SYNTHETIC,2026-09-07T05:41:13.883368Z
TX002106,AC000152,AC000208,80425.04,2024-06-10T12:51:01Z,SYNTHETIC,2026-09-07T05:41:13.883374Z
TX002107,AC000328,AC000118,413023.62,2026-03-20T18:11:26Z,SYNTHETIC,2026-09-07T05:41:13.883380Z
TX002108,AC000314,AC000310,202148.28,2024-05-02T23:52:27Z,SYNTHETIC,2026-09-07T05:41:13.883386Z
TX002109,AC000241,AC000350,64592.54,2024-09-23T14:33:42Z,SYNTHETIC,2026-09-07T05:41:13.883392Z
TX002110,AC000322,AC000335,81734.73,2024-08-14T03:27:34Z,SYNTHETIC,2026-09-07T05:41:13.883398Z
TX002111,AC000006,AC000310,195397.25,2026-02-05T04:13:21Z,SYNTHETIC,2026-09-07T05:41:13.883403Z
TX002112,AC000300,AC000007,290694.25,2025-12-12T08:36:45Z,SYNTHETIC,2026-09-07T05:41:13.883409Z
TX002113,AC000327,AC000038,322069.46,2024-08-29T09:33:45Z,SYNTHETIC,2026-09-07T05:41:13.883415Z
TX002114,AC000190,AC000201,123847.75,2025-11-06T09:52:53Z,SYNTHETIC,2026-09-07T05:41:13.883422Z
TX002115,AC000085,AC000060,197218.75,2024-06-12T13:39:44Z,SYNTHETIC,2026-09-07T05:41:13.883428Z
TX002116,AC000269,AC000293,123096.35,2025-04-26T06:19:21Z,SYNTHETIC,2026-09-07T05:41:13.883433Z
TX002117,AC000038,AC000063,51475.88,2024-10-05T10:46:53Z,SYNTHETIC,2026-09-07T05:41:13.883439Z
TX002118,AC000130,AC000074,149115.23,2025-07-01T18:53:02Z,SYNTHETIC,2026-09-07T05:41:13.883445Z
TX002119,AC000220,AC000007,439875.74,2026-02-27T21:58:47Z,SYNTHETIC,2026-09-07T05:41:13.883452Z
TX002120,AC000214,AC000351,372741.57,2026-04-16T15:58:44Z,SYNTHETIC,2026-09-07T05:41:13.883458Z
TX002121,AC000001,AC000233,255556.09,2025-06-06T22:26:45Z,SYNTHETIC,2026-09-07T05:41:13.883464Z
TX002122,AC000218,AC000063,418691.76,2026-07-08T09:20:14Z,SYNTHETIC,2026-09-07T05:41:13.883470Z
TX002123,AC000038,AC000028,442591.1,2024-10-09T14:57:14Z,SYNTHETIC,2026-09-07T05:41:13.883478Z
TX002124,AC000276,AC000006,236695.32,2025-03-14T15:47:34Z,SYNTHETIC,2026-09-07T05:41:13.883485Z
TX002125,AC000362,AC000083,51720.05,2026-07-18T15:37:10Z,SYNTHETIC,2026-09-07T05:41:13.883491Z
TX002126,AC000168,AC000063,5873.89,2025-03-05T04:07:16Z,SYNTHETIC,2026-09-07T05:41:13.883498Z
TX002127,AC000188,AC000355,91888.33,2026-05-16T18:39:25Z,SYNTHETIC,2026-09-07T05:41:13.883504Z
TX002128,AC000135,AC000137,324443.89,2026-07-22T13:45:22Z,SYNTHETIC,2026-09-07T05:41:13.883510Z
TX002129,AC000001,AC000230,286445.48,2024-07-26T07:14:27Z,SYNTHETIC,2026-09-07T05:41:13.883516Z
TX002130,AC000167,AC000331,233509.43,2025-09-15T21:09:56Z,SYNTHETIC,2026-09-07T05:41:13.883521Z
TX002131,AC000306,AC000162,395724.99,2025-08-27T09:40:16Z,SYNTHETIC,2026-09-07T05:41:13.883527Z
TX002132,AC000261,AC000327,90725.58,2024-12-01T01:26:34Z,SYNTHETIC,2026-09-07T05:41:13.883532Z
TX002133,AC000004,AC000041,487393.79,2024-07-01T09:21:16Z,SYNTHETIC,2026-09-07T05:41:13.883538Z
TX002134,AC000102,AC000296,116314.79,2024-09-24T10:35:02Z,SYNTHETIC,2026-09-07T05:41:13.883544Z
TX002135,AC000325,AC000169,385991.95,2025-07-03T14:30:15Z,SYNTHETIC,2026-09-07T05:41:13.883549Z
TX002136,AC000234,AC000341,143419.01,2024-10-18T23:06:05Z,SYNTHETIC,2026-09-07T05:41:13.883555Z
TX002137,AC000274,AC000123,356584.93,2025-03-27T23:34:21Z,SYNTHETIC,2026-09-07T05:41:13.883561Z
TX002138,AC000163,AC000047,353626.03,2026-01-02T03:56:49Z,SYNTHETIC,2026-09-07T05:41:13.883569Z
TX002139,AC000202,AC000119,251408.95,2026-04-11T16:42:25Z,SYNTHETIC,2026-09-07T05:41:13.883577Z
TX002140,AC000295,AC000360,114157.82,2025-06-30T07:46:27Z,SYNTHETIC,2026-09-07T05:41:13.883583Z
TX002141,AC000278,AC000163,452167.67,2025-02-03T13:43:44Z,SYNTHETIC,2026-09-07T05:41:13.883589Z
TX002142,AC000018,AC000278,348711.34,2026-07-25T10:49:41Z,SYNTHETIC,2026-09-07T05:41:13.883595Z
TX002143,AC000031,AC000158,366939.08,2025-05-02T05:52:31Z,SYNTHETIC,2026-09-07T05:41:13.883601Z
TX002144,AC000352,AC000234,357919.31,2025-04-03T13:40:17Z,SYNTHETIC,2026-09-07T05:41:13.883607Z
TX002145,AC000346,AC000329,223727.36,2025-01-07T11:25:53Z,SYNTHETIC,2026-09-07T05:41:13.883613Z
TX002146,AC000249,AC000314,133846.93,2025-05-15T04:18:33Z,SYNTHETIC,2026-09-07T05:41:13.883620Z
TX002147,AC000228,AC000031,326093.17,2026-05-01T18:57:18Z,SYNTHETIC,2026-09-07T05:41:13.883626Z
TX002148,AC000275,AC000255,349348.09,2025-09-17T17:39:32Z,SYNTHETIC,2026-09-07T05:41:13.883632Z
TX002149,AC000005,AC000016,12431.51,2025-08-22T08:52:49Z,SYNTHETIC,2026-09-07T05:41:13.883637Z
TX002150,AC000281,AC000137,302820.58,2025-04-04T10:13:39Z,SYNTHETIC,2026-09-07T05:41:13.883643Z
TX002151,AC000187,AC000208,310682.58,2026-08-08T22:26:59Z,SYNTHETIC,2026-09-07T05:41:13.883648Z
TX002152,AC000111,AC000254,27208.27,2025-10-11T21:59:00Z,SYNTHETIC,2026-09-07T05:41:13.883654Z
TX002153,AC000275,AC000328,220411.87,2025-05-23T02:00:52Z,SYNTHETIC,2026-09-07T05:41:13.883660Z
TX002154,AC000029,AC000307,180435.25,2026-08-25T22:57:20Z,SYNTHETIC,2026-09-07T05:41:13.883665Z
TX002155,AC000323,AC000116,493368.78,2026-01-02T15:30:36Z,SYNTHETIC,2026-09-07T05:41:13.883671Z
TX002156,AC000310,AC000120,66529.39,2025-03-04T23:57:33Z,SYNTHETIC,2026-09-07T05:41:13.883677Z
TX002157,AC000178,AC000176,130657.3,2026-05-22T12:17:41Z,SYNTHETIC,2026-09-07T05:41:13.883683Z
TX002158,AC000006,AC000139,250978.11,2025-10-09T19:17:45Z,SYNTHETIC,2026-09-07T05:41:13.883690Z
TX002159,AC000194,AC000356,51027.07,2026-01-20T14:30:56Z,SYNTHETIC,2026-09-07T05:41:13.883696Z
TX002160,AC000329,AC000253,176712.17,2026-01-13T15:47:53Z,SYNTHETIC,2026-09-07T05:41:13.883702Z
TX002161,AC000320,AC000285,213226,2024-04-27T03:51:50Z,SYNTHETIC,2026-09-07T05:41:13.883708Z
TX002162,AC000313,AC000321,300786.05,2026-02-21T21:40:10Z,SYNTHETIC,2026-09-07T05:41:13.883715Z
TX002163,AC000067,AC000155,473648.88,2024-01-27T00:43:14Z,SYNTHETIC,2026-09-07T05:41:13.883721Z
TX002164,AC000147,AC000220,82537.98,2026-03-29T21:20:04Z,SYNTHETIC,2026-09-07T05:41:13.883727Z
TX002165,AC000028,AC000273,6979.41,2026-05-24T21:43:18Z,SYNTHETIC,2026-09-07T05:41:13.883732Z
TX002166,AC000053,AC000114,347223.9,2024-03-10T16:56:27Z,SYNTHETIC,2026-09-07T05:41:13.883739Z
TX002167,AC000170,AC000015,325685.82,2024-03-17T16:43:41Z,SYNTHETIC,2026-09-07T05:41:13.883745Z
TX002168,AC000229,AC000210,388796.4,2025-08-08T16:01:50Z,SYNTHETIC,2026-09-07T05:41:13.883750Z
TX002169,AC000093,AC000344,29182.63,2025-01-13T19:57:44Z,SYNTHETIC,2026-09-07T05:41:13.883756Z
TX002170,AC000131,AC000194,345101.24,2026-05-16T05:42:50Z,SYNTHETIC,2026-09-07T05:41:13.883761Z
TX002171,AC000358,AC000030,428171.91,2026-03-08T11:19:57Z,SYNTHETIC,2026-09-07T05:41:13.883768Z
TX002172,AC000230,AC000236,222922.67,2025-07-29T08:12:16Z,SYNTHETIC,2026-09-07T05:41:13.883774Z
TX002173,AC000258,AC000153,148981.31,2026-07-04T19:40:55Z,SYNTHETIC,2026-09-07T05:41:13.883780Z
TX002174,AC000243,AC000217,210682.2,2024-06-19T10:11:16Z,SYNTHETIC,2026-09-07T05:41:13.883786Z
TX002175,AC000319,AC000054,177683.43,2025-08-24T23:23:50Z,SYNTHETIC,2026-09-07T05:41:13.883791Z
TX002176,AC000211,AC000161,142528.56,2025-12-22T22:53:02Z,SYNTHETIC,2026-09-07T05:41:13.883797Z
TX002177,AC000201,AC000209,208138.26,2024-05-18T07:59:42Z,SYNTHETIC,2026-09-07T05:41:13.883802Z
TX002178,AC000079,AC000066,107902.14,2025-03-05T22:07:27Z,SYNTHETIC,2026-09-07T05:41:13.883811Z
TX002179,AC000254,AC000280,411287.41,2025-01-30T04:58:34Z,SYNTHETIC,2026-09-07T05:41:13.883817Z
TX002180,AC000182,AC000199,331545.56,2026-02-24T13:03:45Z,SYNTHETIC,2026-09-07T05:41:13.883824Z
TX002181,AC000021,AC000266,410749.48,2025-01-01T13:51:02Z,SYNTHETIC,2026-09-07T05:41:13.883830Z
TX002182,AC000334,AC000171,9061.52,2024-02-27T07:37:51Z,SYNTHETIC,2026-09-07T05:41:13.883836Z
TX002183,AC000138,AC000127,272632.05,2024-05-19T04:43:30Z,SYNTHETIC,2026-09-07T05:41:13.883841Z
TX002184,AC000160,AC000013,30855.21,2025-08-22T00:54:40Z,SYNTHETIC,2026-09-07T05:41:13.883847Z
TX002185,AC000205,AC000328,344618.7,2025-11-15T10:39:59Z,SYNTHETIC,2026-09-07T05:41:13.883853Z
TX002186,AC000255,AC000138,245101.63,2025-11-26T19:18:38Z,SYNTHETIC,2026-09-07T05:41:13.883859Z
TX002187,AC000044,AC000350,63882.63,2024-09-04T17:10:54Z,SYNTHETIC,2026-09-07T05:41:13.883865Z
TX002188,AC000185,AC000360,326840.38,2024-10-26T06:40:03Z,SYNTHETIC,2026-09-07T05:41:13.883870Z
TX002189,AC000075,AC000045,453142.33,2026-04-07T06:06:38Z,SYNTHETIC,2026-09-07T05:41:13.883876Z
TX002190,AC000190,AC000131,180729.97,2025-12-09T08:43:27Z,SYNTHETIC,2026-09-07T05:41:13.883882Z
TX002191,AC000283,AC000165,335230.06,2025-01-02T15:04:11Z,SYNTHETIC,2026-09-07T05:41:13.883888Z
TX002192,AC000282,AC000266,492647.49,2026-03-25T06:55:29Z,SYNTHETIC,2026-09-07T05:41:13.883894Z
TX002193,AC000279,AC000081,56663.28,2025-09-28T21:41:48Z,SYNTHETIC,2026-09-07T05:41:13.883902Z
TX002194,AC000321,AC000008,237464.09,2025-12-31T18:39:45Z,SYNTHETIC,2026-09-07T05:41:13.883911Z
TX002195,AC000079,AC000321,448156.07,2024-06-22T08:33:14Z,SYNTHETIC,2026-09-07T05:41:13.883918Z
TX002196,AC000254,AC000233,464935.85,2024-10-25T12:40:17Z,SYNTHETIC,2026-09-07T05:41:13.883927Z
TX002197,AC000219,AC000042,111087.11,2025-08-10T03:17:55Z,SYNTHETIC,2026-09-07T05:41:13.883937Z
TX002198,AC000244,AC000205,74614.13,2025-10-09T20:25:28Z,SYNTHETIC,2026-09-07T05:41:13.883945Z
TX002199,AC000315,AC000338,150561.2,2024-09-16T10:03:40Z,SYNTHETIC,2026-09-07T05:41:13.883953Z
TX002200,AC000279,AC000194,436893.86,2024-06-18T23:19:53Z,SYNTHETIC,2026-09-07T05:41:13.883961Z
TX002201,AC000059,AC000303,495226.59,2026-05-23T08:49:18Z,SYNTHETIC,2026-09-07T05:41:13.883968Z
TX002202,AC000333,AC000127,168779.42,2025-02-12T21:58:42Z,SYNTHETIC,2026-09-07T05:41:13.883976Z
TX002203,AC000297,AC000083,75029.28,2024-08-16T00:49:40Z,SYNTHETIC,2026-09-07T05:41:13.883986Z
TX002204,AC000085,AC000352,447133.91,2025-10-16T16:47:24Z,SYNTHETIC,2026-09-07T05:41:13.883993Z
TX002205,AC000320,AC000392,445909.38,2024-02-01T00:30:37Z,SYNTHETIC,2026-09-07T05:41:13.884002Z
TX002206,AC000262,AC000042,44762.81,2025-09-03T06:23:09Z,SYNTHETIC,2026-09-07T05:41:13.884011Z
TX002207,AC000018,AC000319,48281.59,2025-12-03T23:44:51Z,SYNTHETIC,2026-09-07T05:41:13.884020Z
TX002208,AC000196,AC000193,129313.26,2026-04-12T09:07:37Z,SYNTHETIC,2026-09-07T05:41:13.884028Z
TX002209,AC000289,AC000149,322932.3,2025-10-03T23:20:21Z,SYNTHETIC,2026-09-07T05:41:13.884037Z
TX002210,AC000076,AC000039,255997.95,2024-03-17T05:56:32Z,SYNTHETIC,2026-09-07T05:41:13.884049Z
TX002211,AC000312,AC000138,110686.45,2024-09-23T04:10:56Z,SYNTHETIC,2026-09-07T05:41:13.884058Z
TX002212,AC000247,AC000216,176265.32,2025-11-06T10:55:32Z,SYNTHETIC,2026-09-07T05:41:13.884067Z
TX002213,AC000221,AC000265,340036.02,2024-05-31T00:25:48Z,SYNTHETIC,2026-09-07T05:41:13.884077Z
TX002214,AC000119,AC000134,123803.26,2026-08-14T15:13:33Z,SYNTHETIC,2026-09-07T05:41:13.884086Z
TX002215,AC000068,AC000204,187599.47,2025-12-15T19:39:45Z,SYNTHETIC,2026-09-07T05:41:13.884096Z
TX002216,AC000359,AC000257,186412.17,2024-08-16T08:44:20Z,SYNTHETIC,2026-09-07T05:41:13.884106Z
TX002217,AC000149,AC000277,34778.73,2026-06-06T09:21:32Z,SYNTHETIC,2026-09-07T05:41:13.884117Z
TX002218,AC000121,AC000206,483655.95,2026-04-11T23:46:14Z,SYNTHETIC,2026-09-07T05:41:13.884126Z
TX002219,AC000282,AC000303,372486.45,2026-08-08T09:37:32Z,SYNTHETIC,2026-09-07T05:41:13.884136Z
TX002220,AC000074,AC000175,211724.83,2026-01-22T04:21:30Z,SYNTHETIC,2026-09-07T05:41:13.884147Z
TX002221,AC000277,AC000131,208662.4,2025-08-19T02:43:33Z,SYNTHETIC,2026-09-07T05:41:13.884156Z
TX002222,AC000227,AC000237,101728.19,2026-06-03T19:56:16Z,SYNTHETIC,2026-09-07T05:41:13.884166Z
TX002223,AC000020,AC000080,288747.79,2025-10-16T00:54:52Z,SYNTHETIC,2026-09-07T05:41:13.884177Z
TX002224,AC000265,AC000324,255141.07,2024-07-18T04:24:54Z,SYNTHETIC,2026-09-07T05:41:13.884189Z
TX002225,AC000351,AC000313,100428.62,2025-06-06T13:22:41Z,SYNTHETIC,2026-09-07T05:41:13.884198Z
TX002226,AC000253,AC000343,192691.25,2024-12-17T05:01:28Z,SYNTHETIC,2026-09-07T05:41:13.884208Z
TX002227,AC000272,AC000226,410964.73,2024-07-23T18:35:56Z,SYNTHETIC,2026-09-07T05:41:13.884218Z
TX002228,AC000040,AC000238,277373.5,2025-10-05T01:32:34Z,SYNTHETIC,2026-09-07T05:41:13.884228Z
TX002229,AC000364,AC000346,79578.23,2024-09-23T15:35:21Z,SYNTHETIC,2026-09-07T05:41:13.884237Z
TX002230,AC000037,AC000128,433037.4,2024-10-10T16:28:54Z,SYNTHETIC,2026-09-07T05:41:13.884248Z
TX002231,AC000274,AC000029,364081.75,2024-02-09T04:17:45Z,SYNTHETIC,2026-09-07T05:41:13.884258Z
TX002232,AC000293,AC000326,168753.78,2025-08-06T06:45:02Z,SYNTHETIC,2026-09-07T05:41:13.884269Z
TX002233,AC000221,AC000197,170290.49,2024-09-08T15:56:21Z,SYNTHETIC,2026-09-07T05:41:13.884279Z
TX002234,AC000047,AC000175,411758.17,2024-11-26T05:15:49Z,SYNTHETIC,2026-09-07T05:41:13.884289Z
TX002235,AC000317,AC000174,377200.53,2026-03-10T17:06:06Z,SYNTHETIC,2026-09-07T05:41:13.884299Z
TX002236,AC000158,AC000146,20544.25,2026-01-05T21:30:09Z,SYNTHETIC,2026-09-07T05:41:13.884344Z
TX002237,AC000205,AC000351,33454.19,2025-05-08T00:14:27Z,SYNTHETIC,2026-09-07T05:41:13.884358Z
TX002238,AC000029,AC000214,295237.51,2025-01-17T03:32:44Z,SYNTHETIC,2026-09-07T05:41:13.884368Z
TX002239,AC000248,AC000118,488465.07,2024-06-12T06:36:24Z,SYNTHETIC,2026-09-07T05:41:13.884378Z
TX002240,AC000213,AC000239,49362.93,2024-02-05T07:08:43Z,SYNTHETIC,2026-09-07T05:41:13.884387Z
TX002241,AC000271,AC000209,347782.01,2025-12-26T22:16:50Z,SYNTHETIC,2026-09-07T05:41:13.884399Z
TX002242,AC000109,AC000144,452175.38,2025-05-11T14:19:46Z,SYNTHETIC,2026-09-07T05:41:13.884412Z
TX002243,AC000178,AC000297,81923.78,2024-08-02T01:06:04Z,SYNTHETIC,2026-09-07T05:41:13.884422Z
TX002244,AC000131,AC000154,49951.81,2024-10-28T18:10:04Z,SYNTHETIC,2026-09-07T05:41:13.884432Z
TX002245,AC000210,AC000030,310528.02,2024-02-23T12:21:51Z,SYNTHETIC,2026-09-07T05:41:13.884442Z
TX002246,AC000127,AC000286,8460.96,2026-07-01T19:11:49Z,SYNTHETIC,2026-09-07T05:41:13.884453Z
TX002247,AC000019,AC000348,216808.88,2025-04-21T06:04:44Z,SYNTHETIC,2026-09-07T05:41:13.884461Z
TX002248,AC000316,AC000025,152482.31,2025-07-02T09:56:23Z,SYNTHETIC,2026-09-07T05:41:13.884472Z
TX002249,AC000075,AC000248,394031.41,2026-04-17T18:29:07Z,SYNTHETIC,2026-09-07T05:41:13.884484Z
TX002250,AC000273,AC000072,383214.35,2026-06-28T20:03:25Z,SYNTHETIC,2026-09-07T05:41:13.884494Z
TX002251,AC000315,AC000132,298584.52,2024-10-26T10:35:59Z,SYNTHETIC,2026-09-07T05:41:13.884503Z
TX002252,AC000032,AC000303,308397.07,2024-09-24T23:38:00Z,SYNTHETIC,2026-09-07T05:41:13.884514Z
TX002253,AC000133,AC000190,499570.75,2025-10-09T00:52:45Z,SYNTHETIC,2026-09-07T05:41:13.884523Z
TX002254,AC000223,AC000239,331384.87,2024-12-14T12:45:30Z,SYNTHETIC,2026-09-07T05:41:13.884534Z
TX002255,AC000199,AC000024,157303.36,2024-07-16T08:22:03Z,SYNTHETIC,2026-09-07T05:41:13.884543Z
TX002256,AC000344,AC000173,259947,2026-05-22T07:55:43Z,SYNTHETIC,2026-09-07T05:41:13.884556Z
TX002257,AC000294,AC000112,481845.99,2024-05-25T14:37:03Z,SYNTHETIC,2026-09-07T05:41:13.884567Z
TX002258,AC000227,AC000105,222801.34,2026-05-20T00:37:01Z,SYNTHETIC,2026-09-07T05:41:13.884577Z
TX002259,AC000122,AC000283,372247.41,2024-11-21T06:25:57Z,SYNTHETIC,2026-09-07T05:41:13.884588Z
TX002260,AC000216,AC000028,55202.84,2025-08-03T01:24:07Z,SYNTHETIC,2026-09-07T05:41:13.884598Z
TX002261,AC000171,AC000252,183245.16,2024-08-15T02:15:14Z,SYNTHETIC,2026-09-07T05:41:13.884608Z
TX002262,AC000282,AC000316,365508.04,2024-01-05T09:23:40Z,SYNTHETIC,2026-09-07T05:41:13.884618Z
TX002263,AC000311,AC000279,428404.71,2026-03-20T09:15:34Z,SYNTHETIC,2026-09-07T05:41:13.884629Z
TX002264,AC000260,AC000287,85607.06,2025-04-04T13:26:37Z,SYNTHETIC,2026-09-07T05:41:13.884639Z
TX002265,AC000168,AC000191,301216.17,2024-09-04T16:18:25Z,SYNTHETIC,2026-09-07T05:41:13.884652Z
TX002266,AC000274,AC000298,499022.82,2024-10-05T04:56:33Z,SYNTHETIC,2026-09-07T05:41:13.884662Z
TX002267,AC000171,AC000296,420211.3,2025-08-26T12:20:51Z,SYNTHETIC,2026-09-07T05:41:13.884672Z
TX002268,AC000184,AC000279,120229.03,2026-08-29T13:05:50Z,SYNTHETIC,2026-09-07T05:41:13.884682Z
TX002269,AC000086,AC000314,242732.44,2025-02-20T00:31:06Z,SYNTHETIC,2026-09-07T05:41:13.884692Z
TX002270,AC000063,AC000283,328505.59,2025-03-27T08:38:50Z,SYNTHETIC,2026-09-07T05:41:13.884703Z
TX002271,AC000281,AC000094,356621.47,2024-10-07T14:46:15Z,SYNTHETIC,2026-09-07T05:41:13.884713Z
TX002272,AC000228,AC000223,201645.49,2025-06-18T12:16:46Z,SYNTHETIC,2026-09-07T05:41:13.884723Z
TX002273,AC000283,AC000001,33900.27,2025-02-24T06:48:23Z,SYNTHETIC,2026-09-07T05:41:13.884733Z
TX002274,AC000158,AC000349,392797.41,2025-11-08T05:25:48Z,SYNTHETIC,2026-09-07T05:41:13.884757Z
TX002275,AC000290,AC000240,494883.66,2024-02-09T14:43:12Z,SYNTHETIC,2026-09-07T05:41:13.884769Z
TX002276,AC000261,AC000098,349826.06,2024-02-15T11:36:38Z,SYNTHETIC,2026-09-07T05:41:13.884779Z
TX002277,AC000347,AC000159,14896.37,2025-03-28T15:30:40Z,SYNTHETIC,2026-09-07T05:41:13.884789Z
TX002278,AC000182,AC000338,182073.44,2024-03-26T00:08:32Z,SYNTHETIC,2026-09-07T05:41:13.884799Z
TX002279,AC000131,AC000228,275112.64,2025-04-02T17:41:16Z,SYNTHETIC,2026-09-07T05:41:13.884810Z
TX002280,AC000254,AC000173,114354,2024-06-09T08:58:17Z,SYNTHETIC,2026-09-07T05:41:13.884820Z
TX002281,AC000149,AC000096,430551.82,2024-12-17T05:12:45Z,SYNTHETIC,2026-09-07T05:41:13.884831Z
TX002282,AC000257,AC000013,462005.16,2024-02-25T17:45:54Z,SYNTHETIC,2026-09-07T05:41:13.884841Z
TX002283,AC000126,AC000287,219287.6,2026-01-05T07:43:34Z,SYNTHETIC,2026-09-07T05:41:13.884852Z
TX002284,AC000254,AC000344,32021.45,2025-06-11T00:48:48Z,SYNTHETIC,2026-09-07T05:41:13.884861Z
TX002285,AC000321,AC000026,13134.7,2025-02-07T02:40:26Z,SYNTHETIC,2026-09-07T05:41:13.884873Z
TX002286,AC000098,AC000362,412849.92,2024-04-02T12:44:48Z,SYNTHETIC,2026-09-07T05:41:13.884883Z
TX002287,AC000309,AC000033,298360.89,2026-01-26T23:15:08Z,SYNTHETIC,2026-09-07T05:41:13.884893Z
TX002288,AC000135,AC000348,206724.46,2024-05-13T00:34:02Z,SYNTHETIC,2026-09-07T05:41:13.884902Z
TX002289,AC000030,AC000209,383862.53,2025-12-12T18:48:51Z,SYNTHETIC,2026-09-07T05:41:13.884912Z
TX002290,AC000151,AC000043,220105.33,2026-07-19T22:02:03Z,SYNTHETIC,2026-09-07T05:41:13.884923Z
TX002291,AC000328,AC000033,334986.66,2026-01-03T00:05:24Z,SYNTHETIC,2026-09-07T05:41:13.884933Z
TX002292,AC000009,AC000319,340701.59,2026-03-27T09:14:03Z,SYNTHETIC,2026-09-07T05:41:13.884944Z
TX002293,AC000182,AC000085,459929.79,2024-09-26T04:14:48Z,SYNTHETIC,2026-09-07T05:41:13.884954Z
TX002294,AC000073,AC000328,481500.4,2026-04-05T13:43:49Z,SYNTHETIC,2026-09-07T05:41:13.884962Z
TX002295,AC000209,AC000268,211513.71,2024-08-01T16:59:13Z,SYNTHETIC,2026-09-07T05:41:13.884975Z
TX002296,AC000018,AC000230,171531.24,2025-10-04T09:12:17Z,SYNTHETIC,2026-09-07T05:41:13.884984Z
TX002297,AC000252,AC000115,120805.76,2026-08-03T15:11:48Z,SYNTHETIC,2026-09-07T05:41:13.884993Z
TX002298,AC000178,AC000358,239290.75,2024-02-21T00:05:27Z,SYNTHETIC,2026-09-07T05:41:13.885002Z
TX002299,AC000019,AC000213,155460.11,2025-03-11T23:37:47Z,SYNTHETIC,2026-09-07T05:41:13.885012Z
TX002300,AC000136,AC000119,300116.39,2026-05-16T03:15:08Z,SYNTHETIC,2026-09-07T05:41:13.885023Z
TX002301,AC000135,AC000161,383600.86,2025-11-28T22:43:32Z,SYNTHETIC,2026-09-07T05:41:13.885032Z
TX002302,AC000142,AC000078,299943.17,2026-04-28T09:48:33Z,SYNTHETIC,2026-09-07T05:41:13.885043Z
TX002303,AC000136,AC000181,27556.59,2026-03-04T05:00:28Z,SYNTHETIC,2026-09-07T05:41:13.885053Z
TX002304,AC000106,AC000262,107105.3,2025-06-22T04:18:56Z,SYNTHETIC,2026-09-07T05:41:13.885063Z
TX002305,AC000082,AC000168,48797.49,2026-06-18T07:33:42Z,SYNTHETIC,2026-09-07T05:41:13.885073Z
TX002306,AC000121,AC000081,452768.22,2024-03-13T11:36:02Z,SYNTHETIC,2026-09-07T05:41:13.885085Z
TX002307,AC000104,AC000010,205408.86,2025-06-23T09:15:54Z,SYNTHETIC,2026-09-07T05:41:13.885095Z
TX002308,AC000087,AC000151,413721.79,2025-01-04T03:42:13Z,SYNTHETIC,2026-09-07T05:41:13.885106Z
TX002309,AC000067,AC000063,252982.56,2024-07-23T09:26:12Z,SYNTHETIC,2026-09-07T05:41:13.885117Z
TX002310,AC000154,AC000227,31699.45,2026-06-14T07:43:15Z,SYNTHETIC,2026-09-07T05:41:13.885127Z
TX002311,AC000264,AC000211,155975.18,2025-05-01T12:36:57Z,SYNTHETIC,2026-09-07T05:41:13.885137Z
TX002312,AC000307,AC000143,485548.75,2025-06-16T23:20:21Z,SYNTHETIC,2026-09-07T05:41:13.885147Z
TX002313,AC000182,AC000293,140660.19,2025-01-04T05:07:31Z,SYNTHETIC,2026-09-07T05:41:13.885157Z
TX002314,AC000355,AC000293,141969.05,2025-03-02T17:51:39Z,SYNTHETIC,2026-09-07T05:41:13.885169Z
TX002315,AC000147,AC000339,370645.69,2025-12-23T15:52:20Z,SYNTHETIC,2026-09-07T05:41:13.885179Z
TX002316,AC000277,AC000336,335930.07,2025-08-20T11:38:14Z,SYNTHETIC,2026-09-07T05:41:13.885188Z
TX002317,AC000138,AC000054,185703.11,2024-10-06T23:10:29Z,SYNTHETIC,2026-09-07T05:41:13.885198Z
TX002318,AC000218,AC000320,322756.56,2026-08-08T14:43:50Z,SYNTHETIC,2026-09-07T05:41:13.885208Z
TX002319,AC000127,AC000081,211118.11,2025-06-25T16:31:03Z,SYNTHETIC,2026-09-07T05:41:13.885220Z
TX002320,AC000165,AC000015,449598.89,2026-04-22T17:24:38Z,SYNTHETIC,2026-09-07T05:41:13.885231Z
TX002321,AC000301,AC000342,459230.39,2025-07-04T21:37:21Z,SYNTHETIC,2026-09-07T05:41:13.885241Z
TX002322,AC000063,AC000147,487644.83,2026-01-23T19:36:48Z,SYNTHETIC,2026-09-07T05:41:13.885251Z
TX002323,AC000242,AC000022,148666.61,2026-05-31T05:08:34Z,SYNTHETIC,2026-09-07T05:41:13.885261Z
TX002324,AC000067,AC000346,212468.24,2026-07-09T01:07:55Z,SYNTHETIC,2026-09-07T05:41:13.885271Z
TX002325,AC000013,AC000179,449715.96,2026-06-24T13:06:58Z,SYNTHETIC,2026-09-07T05:41:13.885281Z
TX002326,AC000094,AC000067,421310.62,2024-05-12T09:25:47Z,SYNTHETIC,2026-09-07T05:41:13.885291Z
TX002327,AC000188,AC000252,204853.27,2026-02-08T13:28:02Z,SYNTHETIC,2026-09-07T05:41:13.885301Z
TX002328,AC000002,AC000101,341574.11,2024-10-26T23:07:24Z,SYNTHETIC,2026-09-07T05:41:13.885311Z
TX002329,AC000304,AC000147,398873.87,2025-09-29T05:40:41Z,SYNTHETIC,2026-09-07T05:41:13.885321Z
TX002330,AC000284,AC000136,331727,2024-02-24T17:42:39Z,SYNTHETIC,2026-09-07T05:41:13.885331Z
TX002331,AC000252,AC000094,176597.78,2026-01-19T17:36:31Z,SYNTHETIC,2026-09-07T05:41:13.885340Z
TX002332,AC000102,AC000050,163047.22,2024-08-31T10:34:32Z,SYNTHETIC,2026-09-07T05:41:13.885350Z
TX002333,AC000168,AC000245,82442.94,2024-03-25T03:53:43Z,SYNTHETIC,2026-09-07T05:41:13.885360Z
TX002334,AC000001,AC000206,192472.1,2025-04-03T23:22:01Z,SYNTHETIC,2026-09-07T05:41:13.885373Z
TX002335,AC000163,AC000336,419981.33,2026-04-22T00:41:35Z,SYNTHETIC,2026-09-07T05:41:13.885383Z
TX002336,AC000026,AC000052,364944,2025-07-22T15:10:45Z,SYNTHETIC,2026-09-07T05:41:13.885393Z
TX002337,AC000063,AC000281,170786.06,2025-04-02T10:15:12Z,SYNTHETIC,2026-09-07T05:41:13.885403Z
TX002338,AC000352,AC000136,54807.21,2025-03-20T20:22:25Z,SYNTHETIC,2026-09-07T05:41:13.885416Z
TX002339,AC000356,AC000022,468887.12,2026-03-13T06:21:53Z,SYNTHETIC,2026-09-07T05:41:13.885426Z
TX002340,AC000283,AC000328,261735.43,2026-06-30T20:53:45Z,SYNTHETIC,2026-09-07T05:41:13.885438Z
TX002341,AC000311,AC000025,54064.21,2025-10-01T14:25:08Z,SYNTHETIC,2026-09-07T05:41:13.885447Z
TX002342,AC000183,AC000261,209939.66,2024-02-28T11:36:30Z,SYNTHETIC,2026-09-07T05:41:13.885457Z
TX002343,AC000282,AC000127,52680.55,2025-07-11T18:49:03Z,SYNTHETIC,2026-09-07T05:41:13.885467Z
TX002344,AC000248,AC000231,120077.81,2024-07-22T14:44:08Z,SYNTHETIC,2026-09-07T05:41:13.885478Z
TX002345,AC000392,AC000290,257187.41,2025-08-16T00:58:22Z,SYNTHETIC,2026-09-07T05:41:13.885488Z
TX002346,AC000226,AC000265,326328.53,2026-06-21T09:15:25Z,SYNTHETIC,2026-09-07T05:41:13.885498Z
TX002347,AC000027,AC000233,106284.15,2024-03-13T00:42:09Z,SYNTHETIC,2026-09-07T05:41:13.885508Z
TX002348,AC000204,AC000086,183091.77,2026-01-28T10:05:24Z,SYNTHETIC,2026-09-07T05:41:13.885519Z
TX002349,AC000157,AC000322,146851.3,2024-06-24T23:46:47Z,SYNTHETIC,2026-09-07T05:41:13.885529Z
TX002350,AC000245,AC000203,52685.72,2025-11-16T01:37:15Z,SYNTHETIC,2026-09-07T05:41:13.885542Z
TX002351,AC000076,AC000257,311690.21,2025-04-29T07:09:37Z,SYNTHETIC,2026-09-07T05:41:13.885552Z
TX002352,AC000129,AC000289,232077.09,2025-10-23T06:10:03Z,SYNTHETIC,2026-09-07T05:41:13.885563Z
TX002353,AC000201,AC000006,396301.26,2024-06-04T22:55:32Z,SYNTHETIC,2026-09-07T05:41:13.885575Z
TX002354,AC000269,AC000036,46297.33,2024-04-07T16:34:35Z,SYNTHETIC,2026-09-07T05:41:13.885584Z
TX002355,AC000317,AC000255,350818.22,2024-02-28T20:34:42Z,SYNTHETIC,2026-09-07T05:41:13.885594Z
TX002356,AC000252,AC000011,57080.56,2024-01-14T04:52:47Z,SYNTHETIC,2026-09-07T05:41:13.885603Z
TX002357,AC000275,AC000111,307259.18,2025-07-07T13:29:48Z,SYNTHETIC,2026-09-07T05:41:13.885613Z
TX002358,AC000216,AC000042,306373.5,2026-05-22T10:52:11Z,SYNTHETIC,2026-09-07T05:41:13.885623Z
TX002359,AC000127,AC000037,240565.64,2025-04-02T12:47:55Z,SYNTHETIC,2026-09-07T05:41:13.885633Z
TX002360,AC000226,AC000061,10173.58,2026-02-15T00:33:24Z,SYNTHETIC,2026-09-07T05:41:13.885642Z
TX002361,AC000033,AC000026,26685.79,2025-04-23T05:58:45Z,SYNTHETIC,2026-09-07T05:41:13.885650Z
TX002362,AC000045,AC000233,418822.19,2024-06-15T11:48:10Z,SYNTHETIC,2026-09-07T05:41:13.885660Z
TX002363,AC000350,AC000111,91474.25,2025-07-10T18:29:37Z,SYNTHETIC,2026-09-07T05:41:13.885669Z
TX002364,AC000222,AC000234,268860.65,2025-06-19T20:12:47Z,SYNTHETIC,2026-09-07T05:41:13.885678Z
TX002365,AC000018,AC000075,428022.57,2024-02-24T09:12:57Z,SYNTHETIC,2026-09-07T05:41:13.885688Z
TX002366,AC000218,AC000211,312598.34,2026-03-09T19:16:24Z,SYNTHETIC,2026-09-07T05:41:13.885695Z
TX002367,AC000040,AC000011,206660.92,2024-02-21T17:07:25Z,SYNTHETIC,2026-09-07T05:41:13.885701Z
TX002368,AC000347,AC000234,377912.79,2025-11-12T21:46:44Z,SYNTHETIC,2026-09-07T05:41:13.885707Z
TX002369,AC000244,AC000021,22535.85,2025-10-04T19:11:59Z,SYNTHETIC,2026-09-07T05:41:13.885715Z
TX002370,AC000219,AC000150,132563.45,2026-07-17T07:39:30Z,SYNTHETIC,2026-09-07T05:41:13.885721Z
TX002371,AC000351,AC000017,240437.9,2025-07-22T01:17:44Z,SYNTHETIC,2026-09-07T05:41:13.885727Z
TX002372,AC000099,AC000228,138952.42,2026-07-05T10:40:00Z,SYNTHETIC,2026-09-07T05:41:13.885732Z
TX002373,AC000343,AC000087,349525.52,2025-03-06T06:52:14Z,SYNTHETIC,2026-09-07T05:41:13.885739Z
TX002374,AC000307,AC000362,338570.33,2026-07-31T20:48:34Z,SYNTHETIC,2026-09-07T05:41:13.885745Z
TX002375,AC000268,AC000112,163810.76,2025-06-02T10:07:06Z,SYNTHETIC,2026-09-07T05:41:13.885751Z
TX002376,AC000185,AC000207,321242.81,2026-03-20T03:59:55Z,SYNTHETIC,2026-09-07T05:41:13.885759Z
TX002377,AC000094,AC000139,326552.65,2026-06-11T19:10:17Z,SYNTHETIC,2026-09-07T05:41:13.885771Z
TX002378,AC000046,AC000350,5239.53,2024-11-19T22:07:38Z,SYNTHETIC,2026-09-07T05:41:13.885781Z
TX002379,AC000090,AC000219,291876.06,2024-01-24T18:00:46Z,SYNTHETIC,2026-09-07T05:41:13.885790Z
TX002380,AC000076,AC000268,95095.95,2025-06-16T06:48:10Z,SYNTHETIC,2026-09-07T05:41:13.885799Z
TX002381,AC000298,AC000280,51460.54,2026-02-20T05:32:41Z,SYNTHETIC,2026-09-07T05:41:13.885810Z
TX002382,AC000022,AC000238,240585.44,2025-07-29T07:04:31Z,SYNTHETIC,2026-09-07T05:41:13.885820Z
TX002383,AC000118,AC000140,404305.52,2025-11-15T08:55:27Z,SYNTHETIC,2026-09-07T05:41:13.885830Z
TX002384,AC000188,AC000355,436702.56,2026-03-07T02:02:34Z,SYNTHETIC,2026-09-07T05:41:13.885840Z
TX002385,AC000059,AC000071,98347.99,2024-09-14T22:31:35Z,SYNTHETIC,2026-09-07T05:41:13.885850Z
TX002386,AC000176,AC000078,176256.78,2024-05-29T02:39:43Z,SYNTHETIC,2026-09-07T05:41:13.885858Z
TX002387,AC000089,AC000359,398947.56,2024-08-08T16:43:51Z,SYNTHETIC,2026-09-07T05:41:13.885865Z
TX002388,AC000182,AC000309,31612.89,2024-02-17T02:55:01Z,SYNTHETIC,2026-09-07T05:41:13.885875Z
TX002389,AC000112,AC000199,243419.59,2024-07-28T00:15:54Z,SYNTHETIC,2026-09-07T05:41:13.885884Z
TX002390,AC000050,AC000089,468631.01,2025-07-18T15:03:37Z,SYNTHETIC,2026-09-07T05:41:13.885893Z
TX002391,AC000303,AC000073,88427.79,2026-03-17T01:16:44Z,SYNTHETIC,2026-09-07T05:41:13.885903Z
TX002392,AC000199,AC000286,291577.41,2026-01-13T04:26:24Z,SYNTHETIC,2026-09-07T05:41:13.885914Z
TX002393,AC000270,AC000153,71603.1,2025-01-15T08:32:57Z,SYNTHETIC,2026-09-07T05:41:13.885928Z
TX002394,AC000179,AC000145,35709.96,2024-08-25T22:45:21Z,SYNTHETIC,2026-09-07T05:41:13.885937Z
TX002395,AC000012,AC000055,300304.7,2024-05-01T14:47:54Z,SYNTHETIC,2026-09-07T05:41:13.885947Z
TX002396,AC000043,AC000079,124906.69,2024-04-25T19:24:51Z,SYNTHETIC,2026-09-07T05:41:13.885957Z
TX002397,AC000013,AC000318,456725.59,2024-04-09T16:20:53Z,SYNTHETIC,2026-09-07T05:41:13.885966Z
TX002398,AC000340,AC000204,78647.53,2025-08-16T01:54:59Z,SYNTHETIC,2026-09-07T05:41:13.885976Z
TX002399,AC000073,AC000392,22861.73,2026-04-30T03:11:31Z,SYNTHETIC,2026-09-07T05:41:13.885986Z
TX002400,AC000248,AC000198,91515.58,2024-02-05T09:32:15Z,SYNTHETIC,2026-09-07T05:41:13.885996Z
TX002401,AC000356,AC000046,381398.07,2025-09-15T04:30:22Z,SYNTHETIC,2026-09-07T05:41:13.886008Z
TX002402,AC000293,AC000148,307704.27,2026-06-05T04:14:44Z,SYNTHETIC,2026-09-07T05:41:13.886018Z
TX002403,AC000096,AC000166,197149.96,2025-10-08T18:43:10Z,SYNTHETIC,2026-09-07T05:41:13.886028Z
TX002404,AC000116,AC000027,193228.24,2026-05-13T19:08:18Z,SYNTHETIC,2026-09-07T05:41:13.886038Z
TX002405,AC000268,AC000191,249660.58,2025-09-27T03:50:54Z,SYNTHETIC,2026-09-07T05:41:13.886048Z
TX002406,AC000259,AC000235,389475.42,2024-04-11T17:55:07Z,SYNTHETIC,2026-09-07T05:41:13.886058Z
TX002407,AC000036,AC000013,249129.44,2024-08-06T19:28:43Z,SYNTHETIC,2026-09-07T05:41:13.886068Z
TX002408,AC000332,AC000326,418245.28,2026-04-20T02:57:40Z,SYNTHETIC,2026-09-07T05:41:13.886078Z
TX002409,AC000053,AC000013,236697.47,2024-06-03T10:42:49Z,SYNTHETIC,2026-09-07T05:41:13.886088Z
TX002410,AC000332,AC000200,329468.96,2026-04-03T02:06:59Z,SYNTHETIC,2026-09-07T05:41:13.886098Z
TX002411,AC000098,AC000115,297767.78,2024-09-13T13:08:29Z,SYNTHETIC,2026-09-07T05:41:13.886108Z
TX002412,AC000125,AC000239,215207.7,2025-09-01T03:56:40Z,SYNTHETIC,2026-09-07T05:41:13.886121Z
TX002413,AC000116,AC000134,427144.72,2025-07-24T09:16:35Z,SYNTHETIC,2026-09-07T05:41:13.886131Z
TX002414,AC000212,AC000285,85205.14,2025-06-17T01:51:53Z,SYNTHETIC,2026-09-07T05:41:13.886140Z
TX002415,AC000167,AC000086,216565.9,2025-12-09T06:27:25Z,SYNTHETIC,2026-09-07T05:41:13.886149Z
TX002416,AC000262,AC000296,21394.16,2025-03-26T16:57:23Z,SYNTHETIC,2026-09-07T05:41:13.886160Z
TX002417,AC000162,AC000157,448864.96,2024-09-04T20:50:37Z,SYNTHETIC,2026-09-07T05:41:13.886169Z
TX002418,AC000079,AC000339,365977.47,2026-03-14T19:59:38Z,SYNTHETIC,2026-09-07T05:41:13.886180Z
TX002419,AC000035,AC000094,17089.53,2026-02-13T21:25:30Z,SYNTHETIC,2026-09-07T05:41:13.886188Z
TX002420,AC000278,AC000103,179365.6,2026-04-06T01:30:22Z,SYNTHETIC,2026-09-07T05:41:13.886198Z
TX002421,AC000109,AC000276,491735.19,2025-07-12T02:10:44Z,SYNTHETIC,2026-09-07T05:41:13.886208Z
TX002422,AC000091,AC000062,402465.53,2024-05-10T03:11:08Z,SYNTHETIC,2026-09-07T05:41:13.886218Z
TX002423,AC000235,AC000256,133483.84,2026-02-19T01:10:10Z,SYNTHETIC,2026-09-07T05:41:13.886227Z
TX002424,AC000079,AC000211,407402.78,2026-01-21T02:51:42Z,SYNTHETIC,2026-09-07T05:41:13.886238Z
TX002425,AC000337,AC000317,301686.78,2024-03-24T11:30:03Z,SYNTHETIC,2026-09-07T05:41:13.886247Z
TX002426,AC000356,AC000199,240319.55,2024-07-23T00:26:33Z,SYNTHETIC,2026-09-07T05:41:13.886257Z
TX002427,AC000114,AC000205,111935.23,2026-01-07T06:10:20Z,SYNTHETIC,2026-09-07T05:41:13.886268Z
TX002428,AC000119,AC000005,434691.31,2024-06-27T06:54:15Z,SYNTHETIC,2026-09-07T05:41:13.886277Z
TX002429,AC000018,AC000198,340177.62,2026-08-10T10:02:24Z,SYNTHETIC,2026-09-07T05:41:13.886287Z
TX002430,AC000313,AC000360,261319.39,2024-03-15T06:36:55Z,SYNTHETIC,2026-09-07T05:41:13.886297Z
TX002431,AC000392,AC000236,263760.8,2025-03-08T11:40:06Z,SYNTHETIC,2026-09-07T05:41:13.886309Z
TX002432,AC000337,AC000052,256310.94,2026-05-19T06:40:07Z,SYNTHETIC,2026-09-07T05:41:13.886331Z
TX002433,AC000167,AC000051,172968.45,2026-01-14T00:47:47Z,SYNTHETIC,2026-09-07T05:41:13.886344Z
TX002434,AC000028,AC000062,409094.46,2026-06-01T04:17:04Z,SYNTHETIC,2026-09-07T05:41:13.886355Z
TX002435,AC000077,AC000362,27496.27,2025-01-06T04:57:47Z,SYNTHETIC,2026-09-07T05:41:13.886367Z
TX002436,AC000271,AC000044,477851.28,2026-07-06T17:36:09Z,SYNTHETIC,2026-09-07T05:41:13.886377Z
TX002437,AC000111,AC000147,254260.27,2026-07-10T13:10:58Z,SYNTHETIC,2026-09-07T05:41:13.886504Z
TX002438,AC000059,AC000194,370530.01,2026-07-24T09:51:25Z,SYNTHETIC,2026-09-07T05:41:13.886528Z
TX002439,AC000046,AC000260,280906.27,2024-07-28T01:05:55Z,SYNTHETIC,2026-09-07T05:41:13.886591Z
TX002440,AC000311,AC000152,188912.74,2024-06-18T18:03:56Z,SYNTHETIC,2026-09-07T05:41:13.886668Z
TX002441,AC000192,AC000027,22557.51,2024-06-27T02:44:04Z,SYNTHETIC,2026-09-07T05:41:13.887074Z
TX002442,AC000084,AC000127,111062.57,2025-04-14T00:05:59Z,SYNTHETIC,2026-09-07T05:41:13.887104Z
TX002443,AC000145,AC000342,83765.86,2025-02-12T09:56:18Z,SYNTHETIC,2026-09-07T05:41:13.887192Z
TX002444,AC000068,AC000294,497862.61,2025-01-03T07:10:12Z,SYNTHETIC,2026-09-07T05:41:13.887206Z
TX002445,AC000095,AC000163,263464.49,2024-05-27T15:04:25Z,SYNTHETIC,2026-09-07T05:41:13.887217Z
TX002446,AC000127,AC000040,283784.68,2024-06-11T07:51:14Z,SYNTHETIC,2026-09-07T05:41:13.887227Z
TX002447,AC000100,AC000313,265911.06,2024-01-11T17:03:13Z,SYNTHETIC,2026-09-07T05:41:13.887238Z
TX002448,AC000033,AC000169,307350.84,2026-08-24T11:35:48Z,SYNTHETIC,2026-09-07T05:41:13.887248Z
TX002449,AC000257,AC000345,231473.85,2025-11-04T14:43:02Z,SYNTHETIC,2026-09-07T05:41:13.887258Z
TX002450,AC000267,AC000161,398684.61,2025-11-01T10:21:26Z,SYNTHETIC,2026-09-07T05:41:13.887269Z
TX002451,AC000095,AC000161,219332.02,2024-08-22T16:26:15Z,SYNTHETIC,2026-09-07T05:41:13.887282Z
TX002452,AC000321,AC000047,59007.58,2024-09-02T10:42:57Z,SYNTHETIC,2026-09-07T05:41:13.887292Z
TX002453,AC000008,AC000201,419019.79,2026-02-16T08:02:25Z,SYNTHETIC,2026-09-07T05:41:13.887303Z
TX002454,AC000017,AC000236,379026.96,2024-08-16T05:33:46Z,SYNTHETIC,2026-09-07T05:41:13.887313Z
TX002455,AC000244,AC000239,471583.04,2025-06-03T18:13:13Z,SYNTHETIC,2026-09-07T05:41:13.887323Z
TX002456,AC000263,AC000088,358111.05,2025-09-23T19:38:24Z,SYNTHETIC,2026-09-07T05:41:13.887334Z
TX002457,AC000069,AC000007,320314.05,2026-03-09T17:52:16Z,SYNTHETIC,2026-09-07T05:41:13.887344Z
TX002458,AC000098,AC000300,32925.74,2025-12-14T18:32:24Z,SYNTHETIC,2026-09-07T05:41:13.887354Z
TX002459,AC000077,AC000322,374135.98,2024-01-09T02:32:46Z,SYNTHETIC,2026-09-07T05:41:13.887364Z
TX002460,AC000075,AC000294,136862.77,2026-01-17T19:02:30Z,SYNTHETIC,2026-09-07T05:41:13.887374Z
TX002461,AC000296,AC000101,425509.09,2025-11-03T22:30:37Z,SYNTHETIC,2026-09-07T05:41:13.887384Z
TX002462,AC000292,AC000055,223618.56,2026-04-28T13:51:56Z,SYNTHETIC,2026-09-07T05:41:13.887394Z
TX002463,AC000184,AC000333,376397.6,2025-12-16T10:17:47Z,SYNTHETIC,2026-09-07T05:41:13.887404Z
TX002464,AC000084,AC000068,472465.06,2025-02-07T12:56:42Z,SYNTHETIC,2026-09-07T05:41:13.887413Z
TX002465,AC000364,AC000150,85801.07,2024-09-06T17:45:57Z,SYNTHETIC,2026-09-07T05:41:13.887499Z
TX002466,AC000093,AC000094,469738.15,2025-11-30T23:55:04Z,SYNTHETIC,2026-09-07T05:41:13.887535Z
TX002467,AC000109,AC000275,495031.71,2026-01-07T11:39:57Z,SYNTHETIC,2026-09-07T05:41:13.887547Z
TX002468,AC000026,AC000355,175030.75,2024-12-11T21:41:27Z,SYNTHETIC,2026-09-07T05:41:13.887558Z
TX002469,AC000003,AC000176,408179.04,2025-02-15T22:29:34Z,SYNTHETIC,2026-09-07T05:41:13.887568Z
TX002470,AC000090,AC000306,405277.94,2026-03-16T23:54:28Z,SYNTHETIC,2026-09-07T05:41:13.887579Z
TX002471,AC000350,AC000325,274065.6,2026-08-27T23:15:55Z,SYNTHETIC,2026-09-07T05:41:13.887590Z
TX002472,AC000229,AC000042,133865.12,2024-05-11T21:58:49Z,SYNTHETIC,2026-09-07T05:41:13.887600Z
TX002473,AC000074,AC000113,401654.97,2024-12-25T01:06:53Z,SYNTHETIC,2026-09-07T05:41:13.887609Z
TX002474,AC000240,AC000012,378122.15,2025-05-23T01:09:40Z,SYNTHETIC,2026-09-07T05:41:13.887618Z
TX002475,AC000056,AC000139,196281.23,2025-04-06T02:52:11Z,SYNTHETIC,2026-09-07T05:41:13.887628Z
TX002476,AC000026,AC000298,236690.84,2026-08-17T08:57:32Z,SYNTHETIC,2026-09-07T05:41:13.887638Z
TX002477,AC000188,AC000120,116070.38,2024-01-29T01:16:12Z,SYNTHETIC,2026-09-07T05:41:13.887649Z
TX002478,AC000258,AC000273,49699.25,2026-01-25T02:32:39Z,SYNTHETIC,2026-09-07T05:41:13.887659Z
TX002479,AC000340,AC000296,155219.37,2026-05-28T06:45:51Z,SYNTHETIC,2026-09-07T05:41:13.887668Z
TX002480,AC000346,AC000091,59489.9,2025-07-15T04:12:56Z,SYNTHETIC,2026-09-07T05:41:13.887716Z
TX002481,AC000037,AC000045,490472.46,2026-02-24T11:53:10Z,SYNTHETIC,2026-09-07T05:41:13.887739Z
TX002482,AC000240,AC000145,15711.51,2025-11-24T03:28:14Z,SYNTHETIC,2026-09-07T05:41:13.887750Z
TX002483,AC000036,AC000170,362022.48,2024-01-23T00:07:25Z,SYNTHETIC,2026-09-07T05:41:13.887759Z
TX002484,AC000223,AC000275,50033.46,2026-06-28T21:16:24Z,SYNTHETIC,2026-09-07T05:41:13.887768Z
TX002485,AC000347,AC000013,250644.42,2026-03-13T08:25:13Z,SYNTHETIC,2026-09-07T05:41:13.887776Z
TX002486,AC000214,AC000021,185226.77,2024-12-28T00:41:33Z,SYNTHETIC,2026-09-07T05:41:13.887784Z
TX002487,AC000270,AC000105,79433.4,2024-09-11T05:52:30Z,SYNTHETIC,2026-09-07T05:41:13.887793Z
TX002488,AC000343,AC000142,279345.76,2025-06-19T18:03:24Z,SYNTHETIC,2026-09-07T05:41:13.887801Z
TX002489,AC000352,AC000139,491570,2025-07-18T10:02:37Z,SYNTHETIC,2026-09-07T05:41:13.887810Z
TX002490,AC000232,AC000250,79154.96,2024-03-23T00:01:10Z,SYNTHETIC,2026-09-07T05:41:13.887821Z
TX002491,AC000202,AC000017,200620.46,2025-03-16T16:53:24Z,SYNTHETIC,2026-09-07T05:41:13.887830Z
TX002492,AC000307,AC000062,203607.52,2025-08-15T20:22:25Z,SYNTHETIC,2026-09-07T05:41:13.887838Z
TX002493,AC000328,AC000090,210866.61,2026-04-25T04:45:08Z,SYNTHETIC,2026-09-07T05:41:13.887846Z
TX002494,AC000161,AC000092,24238.82,2025-12-15T13:52:33Z,SYNTHETIC,2026-09-07T05:41:13.887855Z
TX002495,AC000147,AC000035,250254.84,2025-04-18T01:38:59Z,SYNTHETIC,2026-09-07T05:41:13.887866Z
TX002496,AC000106,AC000116,198318.66,2025-04-10T06:00:31Z,SYNTHETIC,2026-09-07T05:41:13.887873Z
TX002497,AC000150,AC000124,344444.2,2025-05-08T05:32:02Z,SYNTHETIC,2026-09-07T05:41:13.887881Z
TX002498,AC000166,AC000149,127657.18,2024-01-25T08:46:32Z,SYNTHETIC,2026-09-07T05:41:13.887888Z
TX002499,AC000136,AC000014,428788.51,2024-09-13T23:00:34Z,SYNTHETIC,2026-09-07T05:41:13.887894Z
TX002500,AC000145,AC000159,473071.84,2024-12-01T08:49:40Z,SYNTHETIC,2026-09-07T05:41:13.887900Z
TX002501,AC000356,AC000017,239843.86,2024-04-03T07:23:54Z,SYNTHETIC,2026-09-07T05:41:13.887906Z
TX002502,AC000026,AC000299,147834.84,2025-11-28T05:36:44Z,SYNTHETIC,2026-09-07T05:41:13.887913Z
TX002503,AC000326,AC000029,262566.42,2026-08-18T23:37:25Z,SYNTHETIC,2026-09-07T05:41:13.887919Z
TX002504,AC000179,AC000342,293815.24,2024-10-16T13:58:29Z,SYNTHETIC,2026-09-07T05:41:13.887925Z
TX002505,AC000349,AC000046,221192.34,2024-12-06T16:18:58Z,SYNTHETIC,2026-09-07T05:41:13.887933Z
TX002506,AC000255,AC000249,268121,2024-11-03T09:15:40Z,SYNTHETIC,2026-09-07T05:41:13.887939Z
TX002507,AC000117,AC000057,281462.91,2026-06-25T05:28:59Z,SYNTHETIC,2026-09-07T05:41:13.887945Z
TX002508,AC000029,AC000130,132357.14,2025-12-01T13:43:24Z,SYNTHETIC,2026-09-07T05:41:13.887951Z
TX002509,AC000246,AC000192,433608.36,2025-11-19T06:58:15Z,SYNTHETIC,2026-09-07T05:41:13.887959Z
TX002510,AC000022,AC000045,453485.1,2024-01-31T15:10:27Z,SYNTHETIC,2026-09-07T05:41:13.887965Z
TX002511,AC000040,AC000043,485304.93,2026-05-31T02:45:37Z,SYNTHETIC,2026-09-07T05:41:13.887971Z
TX002512,AC000258,AC000333,108160.03,2024-07-06T13:53:09Z,SYNTHETIC,2026-09-07T05:41:13.887977Z
TX002513,AC000265,AC000234,423278.39,2025-04-26T02:07:17Z,SYNTHETIC,2026-09-07T05:41:13.887983Z
TX002514,AC000285,AC000130,183081.26,2024-09-08T23:41:18Z,SYNTHETIC,2026-09-07T05:41:13.887989Z
TX002515,AC000251,AC000260,185553.5,2024-07-07T11:48:35Z,SYNTHETIC,2026-09-07T05:41:13.887995Z
TX002516,AC000198,AC000016,357057.49,2024-09-21T00:16:06Z,SYNTHETIC,2026-09-07T05:41:13.888001Z
TX002517,AC000318,AC000214,237309.26,2024-01-31T10:16:27Z,SYNTHETIC,2026-09-07T05:41:13.888007Z
TX002518,AC000269,AC000346,5968.74,2025-09-17T21:33:59Z,SYNTHETIC,2026-09-07T05:41:13.888012Z
TX002519,AC000274,AC000323,22690.25,2026-03-02T22:59:03Z,SYNTHETIC,2026-09-07T05:41:13.888018Z
TX002520,AC000061,AC000355,201656.32,2025-12-11T08:07:18Z,SYNTHETIC,2026-09-07T05:41:13.888026Z
TX002521,AC000327,AC000192,329708.33,2024-11-02T18:27:58Z,SYNTHETIC,2026-09-07T05:41:13.888031Z
TX002522,AC000354,AC000270,132142.54,2025-03-25T09:25:15Z,SYNTHETIC,2026-09-07T05:41:13.888037Z
TX002523,AC000149,AC000102,18234.81,2026-03-21T22:38:38Z,SYNTHETIC,2026-09-07T05:41:13.888043Z
TX002524,AC000029,AC000306,61864.81,2025-08-01T23:30:59Z,SYNTHETIC,2026-09-07T05:41:13.888049Z
TX002525,AC000202,AC000108,116675.01,2025-12-01T07:58:29Z,SYNTHETIC,2026-09-07T05:41:13.888055Z
TX002526,AC000123,AC000230,493815.6,2024-10-07T05:43:18Z,SYNTHETIC,2026-09-07T05:41:13.888062Z
TX002527,AC000276,AC000118,81458.97,2024-02-12T19:41:32Z,SYNTHETIC,2026-09-07T05:41:13.888068Z
TX002528,AC000112,AC000098,178345.69,2024-11-05T20:00:46Z,SYNTHETIC,2026-09-07T05:41:13.888074Z
TX002529,AC000250,AC000098,227827.07,2025-05-29T03:49:31Z,SYNTHETIC,2026-09-07T05:41:13.888083Z
TX002530,AC000063,AC000189,273811.94,2025-08-11T12:48:25Z,SYNTHETIC,2026-09-07T05:41:13.888088Z
TX002531,AC000222,AC000048,316302.4,2026-07-04T04:42:49Z,SYNTHETIC,2026-09-07T05:41:13.888094Z
TX002532,AC000152,AC000270,239263.66,2024-12-28T11:01:03Z,SYNTHETIC,2026-09-07T05:41:13.888100Z
TX002533,AC000172,AC000003,412446.65,2025-08-29T16:54:34Z,SYNTHETIC,2026-09-07T05:41:13.888106Z
TX002534,AC000175,AC000290,38085.85,2026-06-19T01:57:20Z,SYNTHETIC,2026-09-07T05:41:13.888112Z
TX002535,AC000008,AC000140,76151.01,2026-06-23T23:03:44Z,SYNTHETIC,2026-09-07T05:41:13.888117Z
TX002536,AC000091,AC000360,122269.55,2024-11-09T05:23:29Z,SYNTHETIC,2026-09-07T05:41:13.888123Z
TX002537,AC000256,AC000017,325820.74,2026-05-18T08:52:31Z,SYNTHETIC,2026-09-07T05:41:13.888129Z
TX002538,AC000354,AC000086,320647.47,2025-12-21T17:19:11Z,SYNTHETIC,2026-09-07T05:41:13.888135Z
TX002539,AC000336,AC000364,496643.71,2025-05-05T15:43:44Z,SYNTHETIC,2026-09-07T05:41:13.888141Z
TX002540,AC000111,AC000359,447936.55,2026-04-16T09:08:48Z,SYNTHETIC,2026-09-07T05:41:13.888146Z
TX002541,AC000362,AC000108,11019.32,2024-04-26T21:34:40Z,SYNTHETIC,2026-09-07T05:41:13.888152Z
TX002542,AC000163,AC000127,81083.65,2026-02-10T16:24:20Z,SYNTHETIC,2026-09-07T05:41:13.888157Z
TX002543,AC000106,AC000206,148584.68,2025-10-29T00:56:44Z,SYNTHETIC,2026-09-07T05:41:13.888164Z
TX002544,AC000268,AC000222,335916.5,2025-12-20T10:16:32Z,SYNTHETIC,2026-09-07T05:41:13.888170Z
TX002545,AC000284,AC000178,71953.83,2025-04-25T19:38:51Z,SYNTHETIC,2026-09-07T05:41:13.888176Z
TX002546,AC000118,AC000357,470358,2025-11-17T19:16:49Z,SYNTHETIC,2026-09-07T05:41:13.888182Z
TX002547,AC000176,AC000316,110571.87,2024-08-27T13:04:14Z,SYNTHETIC,2026-09-07T05:41:13.888190Z
TX002548,AC000355,AC000280,36496.89,2024-03-25T01:10:21Z,SYNTHETIC,2026-09-07T05:41:13.888201Z
TX002549,AC000296,AC000291,288590.45,2026-03-13T02:29:24Z,SYNTHETIC,2026-09-07T05:41:13.888209Z
TX002550,AC000246,AC000061,194271.86,2024-06-18T07:50:07Z,SYNTHETIC,2026-09-07T05:41:13.888217Z
TX002551,AC000090,AC000160,77557.04,2026-04-19T03:21:54Z,SYNTHETIC,2026-09-07T05:41:13.888225Z
TX002552,AC000151,AC000031,153366.65,2025-03-30T07:09:12Z,SYNTHETIC,2026-09-07T05:41:13.888235Z
TX002553,AC000250,AC000258,378067.63,2025-06-07T03:34:38Z,SYNTHETIC,2026-09-07T05:41:13.888243Z
TX002554,AC000099,AC000334,333794.84,2025-01-18T18:55:05Z,SYNTHETIC,2026-09-07T05:41:13.888250Z
TX002555,AC000315,AC000017,243480.96,2024-03-25T03:13:37Z,SYNTHETIC,2026-09-07T05:41:13.888256Z
TX002556,AC000092,AC000100,120897.35,2025-09-06T01:09:20Z,SYNTHETIC,2026-09-07T05:41:13.888262Z
TX002557,AC000292,AC000273,366225.11,2025-09-10T00:40:25Z,SYNTHETIC,2026-09-07T05:41:13.888267Z
TX002558,AC000341,AC000037,197007.56,2025-01-21T00:54:57Z,SYNTHETIC,2026-09-07T05:41:13.888273Z
TX002559,AC000039,AC000340,353433.83,2024-05-22T01:43:09Z,SYNTHETIC,2026-09-07T05:41:13.888279Z
TX002560,AC000354,AC000364,440503.33,2025-09-22T12:46:01Z,SYNTHETIC,2026-09-07T05:41:13.888285Z
TX002561,AC000134,AC000183,465180.22,2024-09-10T12:07:08Z,SYNTHETIC,2026-09-07T05:41:13.888292Z
TX002562,AC000354,AC000095,459732.13,2024-11-08T04:01:33Z,SYNTHETIC,2026-09-07T05:41:13.888301Z
TX002563,AC000267,AC000017,359699.61,2025-06-23T20:53:41Z,SYNTHETIC,2026-09-07T05:41:13.888310Z
TX002564,AC000193,AC000255,68919.03,2024-02-02T10:33:57Z,SYNTHETIC,2026-09-07T05:41:13.888317Z
TX002565,AC000010,AC000265,99411.72,2026-04-22T14:10:29Z,SYNTHETIC,2026-09-07T05:41:13.888323Z
TX002566,AC000202,AC000160,267060.36,2025-08-10T07:57:19Z,SYNTHETIC,2026-09-07T05:41:13.888329Z
TX002567,AC000169,AC000037,440159.02,2024-06-11T05:17:03Z,SYNTHETIC,2026-09-07T05:41:13.888334Z
TX002568,AC000318,AC000312,94154.98,2025-07-07T08:16:53Z,SYNTHETIC,2026-09-07T05:41:13.888342Z
TX002569,AC000135,AC000028,441496.97,2025-12-31T05:23:34Z,SYNTHETIC,2026-09-07T05:41:13.888347Z
TX002570,AC000392,AC000023,494166.42,2026-05-30T06:20:44Z,SYNTHETIC,2026-09-07T05:41:13.888353Z
TX002571,AC000207,AC000283,148735.41,2025-09-17T12:48:13Z,SYNTHETIC,2026-09-07T05:41:13.888359Z
TX002572,AC000310,AC000240,300891.86,2024-02-29T05:31:17Z,SYNTHETIC,2026-09-07T05:41:13.888365Z
TX002573,AC000358,AC000293,101862.61,2024-02-12T05:25:29Z,SYNTHETIC,2026-09-07T05:41:13.888370Z
TX002574,AC000038,AC000189,381007.06,2024-02-18T20:01:46Z,SYNTHETIC,2026-09-07T05:41:13.888376Z
TX002575,AC000146,AC000237,272193.97,2025-11-18T01:22:22Z,SYNTHETIC,2026-09-07T05:41:13.888382Z
TX002576,AC000092,AC000120,415402.98,2026-04-07T15:39:01Z,SYNTHETIC,2026-09-07T05:41:13.888388Z
TX002577,AC000207,AC000150,403436.76,2025-03-23T23:01:45Z,SYNTHETIC,2026-09-07T05:41:13.888394Z
TX002578,AC000062,AC000258,237700.37,2026-01-28T18:15:59Z,SYNTHETIC,2026-09-07T05:41:13.888399Z
TX002579,AC000199,AC000345,196254.08,2024-06-12T06:11:34Z,SYNTHETIC,2026-09-07T05:41:13.888405Z
TX002580,AC000353,AC000057,56247.53,2026-01-29T12:48:53Z,SYNTHETIC,2026-09-07T05:41:13.888411Z
TX002581,AC000015,AC000136,201961.26,2026-07-03T16:47:58Z,SYNTHETIC,2026-09-07T05:41:13.888416Z
TX002582,AC000274,AC000107,226211.45,2026-02-22T12:21:52Z,SYNTHETIC,2026-09-07T05:41:13.888422Z
TX002583,AC000264,AC000118,32447.76,2024-09-21T10:26:15Z,SYNTHETIC,2026-09-07T05:41:13.888428Z
TX002584,AC000140,AC000048,444709.45,2024-07-01T02:53:42Z,SYNTHETIC,2026-09-07T05:41:13.888434Z
TX002585,AC000240,AC000350,376566.33,2026-04-04T09:04:06Z,SYNTHETIC,2026-09-07T05:41:13.888439Z
TX002586,AC000263,AC000053,274121.97,2024-02-23T04:29:34Z,SYNTHETIC,2026-09-07T05:41:13.888445Z
TX002587,AC000040,AC000188,434491.6,2024-12-03T16:41:23Z,SYNTHETIC,2026-09-07T05:41:13.888453Z
TX002588,AC000359,AC000303,166359.8,2024-10-18T18:55:24Z,SYNTHETIC,2026-09-07T05:41:13.888459Z
TX002589,AC000003,AC000354,81442.45,2025-08-25T20:40:13Z,SYNTHETIC,2026-09-07T05:41:13.888465Z
TX002590,AC000249,AC000092,201081.13,2026-01-15T12:58:52Z,SYNTHETIC,2026-09-07T05:41:13.888471Z
TX002591,AC000112,AC000103,259888.42,2024-11-29T21:00:43Z,SYNTHETIC,2026-09-07T05:41:13.888477Z
TX002592,AC000231,AC000326,353298.69,2025-06-04T21:05:42Z,SYNTHETIC,2026-09-07T05:41:13.888483Z
TX002593,AC000364,AC000350,78732.21,2025-11-16T07:27:31Z,SYNTHETIC,2026-09-07T05:41:13.888490Z
TX002594,AC000096,AC000119,249156.37,2024-10-08T15:38:26Z,SYNTHETIC,2026-09-07T05:41:13.888497Z
TX002595,AC000289,AC000087,174660.92,2024-12-22T13:47:21Z,SYNTHETIC,2026-09-07T05:41:13.888502Z
TX002596,AC000102,AC000115,121387.02,2024-05-18T09:58:51Z,SYNTHETIC,2026-09-07T05:41:13.888509Z
TX002597,AC000362,AC000308,227341.64,2025-05-23T03:45:34Z,SYNTHETIC,2026-09-07T05:41:13.888515Z
TX002598,AC000141,AC000029,281242.67,2026-08-21T07:11:57Z,SYNTHETIC,2026-09-07T05:41:13.888521Z
TX002599,AC000338,AC000252,100765.3,2025-11-27T18:58:57Z,SYNTHETIC,2026-09-07T05:41:13.888527Z
TX002600,AC000304,AC000264,132898.93,2026-08-11T03:22:50Z,SYNTHETIC,2026-09-07T05:41:13.888535Z
